﻿,Drużyna,Sezon,Punkty,Zwycięstwa,Remisy,Porażki,Gole_zdobyte,Gole_stracone
0,Legia Warszawa,16/17,73,21,10,6,70,31
1,Jagiellonia,16/17,71,21,8,8,64,39
2,Lech Poznań,16/17,69,20,9,8,62,29
3,Lechia Gdańsk,16/17,68,20,8,9,57,37
4,Korona Kielce,16/17,47,14,5,18,47,65
5,Wisła Kraków,16/17,48,14,6,17,54,57
6,Pogoń Szczecin,16/17,46,11,13,13,51,54
7,Bruk-Bet,16/17,46,13,7,17,35,55
8,Zagłębie Lubin,16/17,53,14,11,12,51,45
9,Piast Gliwice,16/17,46,12,10,15,45,54
10,Śląsk Wrocław,16/17,46,12,10,15,49,52
11,Wisła Płock,16/17,47,12,11,14,49,57
12,Arka Gdynia,16/17,39,10,9,18,44,60
13,Cracovia,16/17,39,8,15,14,45,52
14,Górnik Łęczna,16/17,37,9,10,18,47,63
15,Ruch Chorzów,16/17,34,10,8,19,42,62
