﻿,Drużyna,Sezon,Punkty,Zwycięstwa,Remisy,Porażki,Gole_zdobyte,Gole_stracone
0,Legia Warszawa,15/16,73,21,10,6,70,32
1,Piast Gliwice,15/16,69,20,9,8,60,45
2,Zagłębie Lubin,15/16,60,17,9,11,55,42
3,Cracovia,15/16,58,16,10,11,66,50
4,Lechia Gdańsk,15/16,51,14,10,13,53,44
5,Pogoń Szczecin,15/16,53,12,17,8,43,43
6,Lech Poznań,15/16,48,14,6,17,42,47
7,Ruch Chorzów,15/16,40,11,8,18,40,60
8,Wisła Kraków,15/16,50,12,15,10,61,45
9,Śląsk Wrocław,15/16,48,12,12,13,41,46
10,Jagiellonia,15/16,45,13,6,18,46,62
11,Korona Kielce,15/16,45,10,15,12,39,45
12,Nieciecza,15/16,42,10,12,15,39,50
13,Górnik Łęczna,15/16,39,10,9,18,40,53
14,Górnik Zabrze,15/16,35,6,18,13,38,51
15,Podbeskidzie,15/16,39,9,12,16,45,63
