﻿,Drużyna,Sezon,Punkty,Zwycięstwa,Remisy,Porażki,Gole_zdobyte,Gole_stracone
0,Legia Warszawa,20/21,64,19,7,4,48,24
1,Raków Częstochowa,20/21,59,17,8,5,46,25
2,Pogoń Szczecin,20/21,52,15,7,8,36,23
3,Śląsk Wrocław,20/21,43,11,10,9,36,32
4,Warta Poznań,20/21,43,13,4,13,33,32
5,Piast Gliwice,20/21,42,11,9,10,39,32
6,Lechia Gdańsk,20/21,42,12,6,12,40,37
7,Zagłębie Lubin,20/21,41,11,8,11,38,40
8,Jagiellonia,20/21,37,10,7,13,39,48
9,Górnik Zabrze,20/21,37,10,7,13,31,33
10,Lech Poznań,20/21,37,9,10,11,39,38
11,Wisła Płock,20/21,33,8,9,13,37,44
12,Wisła Kraków,20/21,33,8,9,13,39,42
13,Cracovia,20/21,32,8,13,9,28,32
14,Stal Mielec,20/21,29,6,11,13,31,47
15,Podbeskidzie,20/21,25,6,7,17,29,60
