﻿,Drużyna,Sezon,Punkty,Zwycięstwa,Remisy,Porażki,Gole_zdobyte,Gole_stracone
0,Legia Warszawa,19/20,69,21,6,10,70,35
1,Lech Poznań,19/20,66,18,12,7,70,35
2,Piast Gliwice,19/20,61,18,7,12,41,32
3,Lechia Gdańsk,19/20,56,15,11,11,48,50
4,Śląsk Wrocław,19/20,54,14,12,11,51,46
5,Pogoń Szczecin,19/20,54,14,12,11,37,39
6,Cracovia,19/20,53,16,5,16,49,40
7,Jagiellonia,19/20,52,14,10,13,48,51
8,Górnik Zabrze,19/20,53,14,11,12,51,47
9,Raków Częstochowa,19/20,53,16,5,16,51,56
10,Zagłębie Lubin,19/20,53,15,8,14,61,53
11,Wisła Płock,19/20,51,14,9,14,45,54
12,Wisła Kraków,19/20,45,13,6,18,44,56
13,Arka Gdynia,19/20,40,10,10,17,39,57
14,Korona Kielce,19/20,35,9,8,20,29,48
15,ŁKS Łódź,19/20,24,6,6,25,33,68
