﻿,Drużyna,Sezon,Punkty,Zwycięstwa,Remisy,Porażki,Gole_zdobyte,Gole_stracone
0,Lech Poznań,21/22,74,22,8,4,67,24
1,Raków Częstochowa,21/22,69,20,9,5,60,30
2,Pogoń Szczecin,21/22,65,18,11,5,63,31
3,Lechia Gdańsk,21/22,57,16,9,9,52,39
4,Piast Gliwice,21/22,54,15,9,10,45,37
5,Wisła Płock,21/22,48,15,3,16,48,51
6,Radomiak Radom,21/22,48,11,15,8,42,40
7,Górnik Zabrze,21/22,47,13,8,13,55,55
8,Cracovia,21/22,46,12,10,12,40,42
9,Legia Warszawa,21/22,43,13,4,17,46,48
10,Warta Poznań,21/22,42,11,9,14,35,38
11,Jagiellonia,21/22,40,9,13,12,39,50
12,Zagłębie Lubin,21/22,38,11,5,18,43,59
13,Stal Mielec,21/22,37,9,10,15,39,52
14,Śląsk Wrocław,21/22,35,7,14,13,42,52
15,Bruk-Bet,21/22,32,7,11,16,36,56
16,Wisła Kraków,21/22,31,7,10,17,37,54
17,Górnik Łęczna,21/22,28,6,10,18,29,60
