﻿,Drużyna,Sezon,Punkty,Zwycięstwa,Remisy,Porażki,Gole_zdobyte,Gole_stracone
0,Lech Poznań,14/15,70,19,13,5,67,33
1,Legia Warszawa,14/15,70,21,7,9,64,33
2,Jagiellonia,14/15,65,19,8,10,59,44
3,Śląsk Wrocław,14/15,58,15,13,9,50,43
4,Cracovia,14/15,54,15,9,13,50,44
5,Lechia Gdańsk,14/15,49,13,10,14,45,47
6,Wisła Kraków,14/15,49,12,13,12,56,48
7,Górnik Zabrze,14/15,47,12,11,14,50,60
8,Piast Gliwice,14/15,47,13,8,16,50,56
9,Korona Kielce,14/15,47,12,11,14,44,55
10,Podbeskidzie,14/15,46,12,10,15,47,60
11,Ruch Chorzów,14/15,46,12,10,15,44,46
12,Górnik Łęczna,14/15,44,11,11,15,39,46
13,Pogoń Szczecin,14/15,42,11,9,17,45,52
14,Zawisza,14/15,38,10,8,19,45,63
15,GKS Bełchatów,14/15,36,9,9,19,35,60
