﻿,Drużyna,Sezon,Punkty,Zwycięstwa,Remisy,Porażki,Gole_zdobyte,Gole_stracone
0,Piast Gliwice,18/19,72,21,9,7,57,33
1,Legia Warszawa,18/19,68,20,8,9,55,38
2,Lechia Gdańsk,18/19,67,19,10,8,54,38
3,Cracovia,18/19,57,17,6,14,45,43
4,Jagiellonia,18/19,57,16,9,12,55,52
5,Zagłębie Lubin,18/19,53,15,8,14,57,48
6,Pogoń Szczecin,18/19,52,14,10,13,57,54
7,Lech Poznań,18/19,52,15,7,15,49,48
8,Wisła Kraków,18/19,49,14,7,16,67,63
9,Korona Kielce,18/19,47,12,11,14,42,54
10,Górnik Zabrze,18/19,46,12,10,15,48,53
11,Śląsk Wrocław,18/19,44,12,8,17,49,45
12,Arka Gdynia,18/19,42,10,12,15,49,51
13,Wisła Płock,18/19,41,10,11,16,50,58
14,Miedź Legnica,18/19,40,10,10,17,40,65
15,Zagłębie Sosnowiec,18/19,29,7,8,22,49,80
