﻿,Drużyna,Sezon,Punkty,Zwycięstwa,Remisy,Porażki,Gole_zdobyte,Gole_stracone
0,Raków Częstochowa,22/23,75,23,6,5,63,24
1,Legia Warszawa,22/23,66,19,9,6,57,37
2,Lech Poznań,22/23,61,17,10,7,51,29
3,Pogoń Szczecin,22/23,60,17,9,8,57,46
4,Piast Gliwice,22/23,53,15,8,11,40,31
5,Górnik Zabrze,22/23,48,13,9,12,45,43
6,Cracovia,22/23,46,12,10,12,41,35
7,Warta Poznań,22/23,45,12,9,13,37,35
8,Zagłębie Lubin,22/23,45,12,9,13,35,44
9,Radomiak Radom,22/23,44,12,8,14,34,41
10,Stal Mielec,22/23,43,11,10,13,36,40
11,Widzew Łódź,22/23,41,11,8,15,38,47
12,Korona Kielce,22/23,41,11,8,15,39,48
13,Jagiellonia,22/23,41,9,14,11,48,49
14,Śląsk Wrocław,22/23,38,9,11,14,35,48
15,Wisła Płock,22/23,37,10,7,17,41,50
16,Lechia Gdańsk,22/23,30,8,6,20,28,56
17,Miedź Legnica,22/23,23,4,11,19,33,55
