﻿,Drużyna,Sezon,Punkty,Zwycięstwa,Remisy,Porażki,Gole_zdobyte,Gole_stracone
0,Legia Warszawa,17/18,70,22,4,11,55,35
1,Jagiellonia,17/18,67,20,7,10,55,41
2,Lech Poznań,17/18,60,16,12,9,53,34
3,Górnik Zabrze,17/18,60,16,12,9,68,54
4,Wisła Płock,17/18,57,17,6,14,53,45
5,Wisła Kraków,17/18,55,15,10,12,51,42
6,Zagłębie Lubin,17/18,52,13,13,11,45,42
7,Korona Kielce,17/18,49,12,13,12,49,54
8,Cracovia,17/18,50,13,11,13,51,52
9,Śląsk Wrocław,17/18,50,13,11,13,50,54
10,Pogoń Szczecin,17/18,45,12,9,16,46,54
11,Arka Gdynia,17/18,43,11,10,16,46,48
12,Lechia Gdańsk,17/18,39,9,13,15,46,58
13,Piast Gliwice,17/18,37,8,13,16,40,48
14,Bruk-Bet,17/18,36,9,9,19,39,66
15,Sandecja,17/18,33,6,15,16,34,54
