﻿,Drużyna,Sezon,Punkty,Zwycięstwa,Remisy,Porażki,Gole_zdobyte,Gole_stracone
0,Jagiellonia,23/24,63,18,9,7,77,45
1,Śląsk Wrocław,23/24,63,18,9,7,50,31
2,Legia Warszawa,23/24,59,16,11,7,51,39
3,Pogoń Szczecin,23/24,55,16,7,11,59,38
4,Lech Poznań,23/24,53,14,11,9,47,41
5,Górnik Zabrze,23/24,53,15,8,11,45,41
6,Raków Częstochowa,23/24,52,14,10,10,54,39
7,Zagłębie Lubin,23/24,47,13,8,13,43,50
8,Widzew Łódź,23/24,46,13,7,14,45,46
9,Piast Gliwice,23/24,43,9,16,9,38,35
10,Stal Mielec,23/24,43,11,10,13,42,48
11,Puszcza Niepołomice,23/24,40,9,13,12,39,49
12,Cracovia,23/24,39,8,15,11,45,46
13,Korona Kielce,23/24,38,8,14,12,40,44
14,Radomiak Radom,23/24,38,10,8,16,41,58
15,Warta Poznań,23/24,37,9,10,15,33,43
16,Ruch Chorzów,23/24,32,6,14,14,40,55
17,ŁKS Łódź,23/24,24,6,6,22,34,75
