﻿,Drużyna,Sezon,%_SFG
0,Arka Gdynia,16/17,"52,27%"
1,Bruk-Bet Nieciecza,16/17,"40,00%"
2,Cracovia,16/17,"28,89%"
3,Górnik Łęczna,16/17,"34,04%"
4,Jagiellonia,16/17,"35,94%"
5,Korona Kielce,16/17,"44,68%"
6,Lech Poznań,16/17,"41,94%"
7,Lechia Gdańsk,16/17,"29,82%"
8,Legia Warszawa,16/17,"25,71%"
9,Piast Gliwice,16/17,"37,78%"
10,Pogoń Szczecin,16/17,"39,22%"
11,Ruch Chorzów,16/17,"35,71%"
12,Śląsk Wrocław,16/17,"34,69%"
13,Wisła Kraków,16/17,"29,63%"
14,Wisła Płock,16/17,"40,82%"
15,Zagłębie Lubin,16/17,"47,06%"
