﻿,Drużyna,Sezon,%_SFG
0,Cracovia,15/16,"25,76%"
1,Górnik Łęczna,15/16,"25,00%"
2,Górnik Zabrze,15/16,"39,47%"
3,Jagiellonia,15/16,"36,96%"
4,Korona Kielce,15/16,"46,15%"
5,Lech Poznań,15/16,"19,05%"
6,Lechia Gdańsk,15/16,"28,30%"
7,Legia Warszawa,15/16,"21,43%"
8,Termalica Nieciecza,15/16,"46,15%"
9,Piast Gliwice,15/16,"31,67%"
10,Podbeskidzie,15/16,"26,67%"
11,Pogoń Szczecin,15/16,"41,86%"
12,Ruch Chorzów,15/16,"32,50%"
13,Śląsk Wrocław,15/16,"29,27%"
14,Wisła Kraków,15/16,"26,23%"
15,Zagłębie Lubin,15/16,"29,09%"
