﻿,Drużyna,Sezon,%_SFG
0,Arka Gdynia,19/20,"51,28%"
1,Cracovia,19/20,"34,69%"
2,Górnik Zabrze,19/20,"29,41%"
3,Jagiellonia,19/20,"37,50%"
4,Korona Kielce,19/20,"37,93%"
5,Lech Poznań,19/20,"24,29%"
6,Lechia Gdańsk,19/20,"31,25%"
7,Legia Warszawa,19/20,"30,00%"
8,ŁKS Łódź,19/20,"39,39%"
9,Piast Gliwice,19/20,"39,02%"
10,Pogoń Szczecin,19/20,"37,84%"
11,Raków Częstochowa,19/20,"49,02%"
12,Śląsk Wrocław,19/20,"35,29%"
13,Wisła Kraków,19/20,"34,09%"
14,Wisła Płock,19/20,"46,67%"
15,Zagłębie Lubin,19/20,"31,15%"
