﻿,Drużyna,Sezon,%_SFG
0,Cracovia,20/21,"50,00%"
1,Górnik Zabrze,20/21,"35,48%"
2,Jagiellonia,20/21,"30,77%"
3,Lech Poznań,20/21,"35,90%"
4,Lechia Gdańsk,20/21,"47,50%"
5,Legia Warszawa,20/21,"25,00%"
6,Piast Gliwice,20/21,"30,77%"
7,Podbeskidzie,20/21,"44,83%"
8,Pogoń Szczecin,20/21,"44,44%"
9,Raków Częstochowa,20/21,"45,65%"
10,Stal Mielec,20/21,"51,61%"
11,Śląsk Wrocław,20/21,"41,67%"
12,Warta Poznań,20/21,"21,21%"
13,Wisła Kraków,20/21,"35,90%"
14,Wisła Płock,20/21,"48,65%"
15,Zagłębie Lubin,20/21,"55,26%"
