﻿,Drużyna,Sezon,%_SFG
0,Cracovia,22/23,"31,71%"
1,Górnik Zabrze,22/23,"31,11%"
2,Jagiellonia,22/23,"31,25%"
3,Korona Kielce,22/23,"41,03%"
4,Lech Poznań,22/23,"23,53%"
5,Lechia Gdańsk,22/23,"31,03%"
6,Legia Warszawa,22/23,"35,09%"
7,Miedź Legnica,22/23,"33,33%"
8,Piast Gliwice,22/23,"35,14%"
9,Pogoń Szczecin,22/23,"28,07%"
10,Radomiak Radom,22/23,"44,12%"
11,Raków Częstochowa,22/23,"39,68%"
12,Stal Mielec,22/23,"50,00%"
13,Śląsk Wrocław,22/23,"25,71%"
14,Warta Poznań,22/23,"27,03%"
15,Widzew Łódź,22/23,"31,58%"
16,Wisła Płock,22/23,"19,51%"
17,Zagłębie Lubin,22/23,"20,00%"
