﻿,Drużyna,Sezon,%_SFG
0,Arka Gdynia,17/18,"58,70%"
1,Bruk-Bet Nieciecza,17/18,"33,33%"
2,Cracovia,17/18,"54,90%"
3,Górnik Zabrze,17/18,"47,69%"
4,Jagiellonia,17/18,"27,27%"
5,Korona Kielce,17/18,"30,61%"
6,Lech Poznań,17/18,"39,62%"
7,Lechia Gdańsk,17/18,"43,48%"
8,Legia Warszawa,17/18,"29,63%"
9,Piast Gliwice,17/18,"41,46%"
10,Pogoń Szczecin,17/18,"36,96%"
11,Sandecja Nowy,17/18,"14,71%"
12,Śląsk Wrocław,17/18,"38,00%"
13,Wisła Kraków,17/18,"35,29%"
14,Wisła Płock,17/18,"43,40%"
15,Zagłębie Lubin,17/18,"33,33%"
