﻿,Drużyna,Sezon,%_SFG
0,Bruk-Bet,21/22,"41,67%"
1,Cracovia,21/22,"40,00%"
2,Górnik Łęczna,21/22,"31,03%"
3,Górnik Zabrze,21/22,"21,82%"
4,Jagiellonia,21/22,"25,64%"
5,Lech Poznań,21/22,"28,36%"
6,Lechia Gdańsk,21/22,"28,85%"
7,Legia Warszawa,21/22,"26,09%"
8,Piast Gliwice,21/22,"40,00%"
9,Pogoń Szczecin,21/22,"28,57%"
10,Radomiak Radom,21/22,"42,86%"
11,Raków Częstochowa,21/22,"41,67%"
12,Stal Mielec,21/22,"51,28%"
13,Śląsk Wrocław,21/22,"30,95%"
14,Warta Poznań,21/22,"40,00%"
15,Wisła Kraków,21/22,"27,03%"
16,Wisła Płock,21/22,"37,50%"
17,Zagłębie Lubin,21/22,"34,88%"
