﻿,Drużyna,Sezon,%_SFG
0,Cracovia,14/15,"26,00%"
1,GKS Bełchatów,14/15,"20,00%"
2,Górnik Łęczna,14/15,"20,51%"
3,Górnik Zabrze,14/15,"26,00%"
4,Jagiellonia,14/15,"23,73%"
5,Korona Kielce,14/15,"29,55%"
6,Lech Poznań,14/15,"22,39%"
7,Lechia Gdańsk,14/15,"33,33%"
8,Legia Warszawa,14/15,"32,81%"
9,Piast Gliwice,14/15,"30,00%"
10,Podbeskidzie,14/15,"40,43%"
11,Pogoń Szczecin,14/15,"28,89%"
12,Ruch Chorzów,14/15,"27,27%"
13,Śląsk Wrocław,14/15,"22,00%"
14,Wisła Kraków,14/15,"21,43%"
15,Zawisza,14/15,"24,44%"
