﻿,Drużyna,Sezon,%_SFG,%_SFG_bez_karnych
0,Cracovia,23/24,"35,56%","28,89%"
1,Górnik Zabrze,23/24,"26,67%","17,78%"
2,Jagiellonia Białystok,23/24,"32,47%","22,08%"
3,Korona Kielce,23/24,"35,00%","25,00%"
4,Lech Poznań,23/24,"25,53%","19,15%"
5,Legia Warszawa,23/24,"25,49%","11,76%"
6,ŁKS Łódź,23/24,"38,24%","14,71%"
7,Piast Gliwice,23/24,"55,26%","34,21%"
8,Pogoń Szczecin,23/24,"27,12%","18,64%"
9,Puszcza Niepołomice,23/24,"56,41%","35,90%"
10,Radomiak Radom,23/24,"24,39%","21,95%"
11,Raków Częstochowa,23/24,"22,22%","12,96%"
12,Ruch Chorzów,23/24,"37,50%","25,00%"
13,Stal Mielec,23/24,"30,95%","26,19%"
14,Śląsk Wrocław,23/24,"36,00%","20,00%"
15,Warta Poznań,23/24,"33,33%","18,18%"
16,Widzew Łódź,23/24,"33,33%","24,44%"
17,Zagłębie Lubin,23/24,"30,23%","23,26%"
