﻿,Drużyna,Sezon,%_SFG
0,Arka Gdynia,18/19,"46,94%"
1,Cracovia,18/19,"33,33%"
2,Górnik Zabrze,18/19,"33,33%"
3,Jagiellonia,18/19,"36,36%"
4,Korona Kielce,18/19,"38,10%"
5,Lech Poznań,18/19,"22,45%"
6,Lechia Gdańsk,18/19,"38,89%"
7,Legia Warszawa,18/19,"36,36%"
8,Miedź Legnica,18/19,"17,50%"
9,Piast Gliwice,18/19,"36,84%"
10,Pogoń Szczecin,18/19,"40,35%"
11,Śląsk Wrocław,18/19,"36,73%"
12,Wisła Kraków,18/19,"35,82%"
13,Wisła Płock,18/19,"50,00%"
14,Zagłębie Lubin,18/19,"33,33%"
15,Zagłębie Sosnowiec,18/19,"36,73%"
