﻿,Drużyna,Sezon,%_SFG
0,Cracovia,23/24,"35,56%"
1,Górnik Zabrze,23/24,"26,67%"
2,Jagiellonia Białystok,23/24,"32,47%"
3,Korona Kielce,23/24,"35,00%"
4,Lech Poznań,23/24,"25,53%"
5,Legia Warszawa,23/24,"25,49%"
6,ŁKS Łódź,23/24,"38,24%"
7,Piast Gliwice,23/24,"55,26%"
8,Pogoń Szczecin,23/24,"27,12%"
9,Puszcza Niepołomice,23/24,"56,41%"
10,Radomiak Radom,23/24,"24,39%"
11,Raków Częstochowa,23/24,"22,22%"
12,Ruch Chorzów,23/24,"37,50%"
13,Stal Mielec,23/24,"30,95%"
14,Śląsk Wrocław,23/24,"36,00%"
15,Warta Poznań,23/24,"33,33%"
16,Widzew Łódź,23/24,"33,33%"
17,Zagłębie Lubin,23/24,"30,23%"
18,Cracovia,22/23,"31,71%"
19,Górnik Zabrze,22/23,"31,11%"
20,Jagiellonia,22/23,"31,25%"
21,Korona Kielce,22/23,"41,03%"
22,Lech Poznań,22/23,"23,53%"
23,Lechia Gdańsk,22/23,"31,03%"
24,Legia Warszawa,22/23,"35,09%"
25,Miedź Legnica,22/23,"33,33%"
26,Piast Gliwice,22/23,"35,14%"
27,Pogoń Szczecin,22/23,"28,07%"
28,Radomiak Radom,22/23,"44,12%"
29,Raków Częstochowa,22/23,"39,68%"
30,Stal Mielec,22/23,"50,00%"
31,Śląsk Wrocław,22/23,"25,71%"
32,Warta Poznań,22/23,"27,03%"
33,Widzew Łódź,22/23,"31,58%"
34,Wisła Płock,22/23,"19,51%"
35,Zagłębie Lubin,22/23,"20,00%"
36,Bruk-Bet,21/22,"41,67%"
37,Cracovia,21/22,"40,00%"
38,Górnik Łęczna,21/22,"31,03%"
39,Górnik Zabrze,21/22,"21,82%"
40,Jagiellonia,21/22,"25,64%"
41,Lech Poznań,21/22,"28,36%"
42,Lechia Gdańsk,21/22,"28,85%"
43,Legia Warszawa,21/22,"26,09%"
44,Piast Gliwice,21/22,"40,00%"
45,Pogoń Szczecin,21/22,"28,57%"
46,Radomiak Radom,21/22,"42,86%"
47,Raków Częstochowa,21/22,"41,67%"
48,Stal Mielec,21/22,"51,28%"
49,Śląsk Wrocław,21/22,"30,95%"
50,Warta Poznań,21/22,"40,00%"
51,Wisła Kraków,21/22,"27,03%"
52,Wisła Płock,21/22,"37,50%"
53,Zagłębie Lubin,21/22,"34,88%"
54,Cracovia,20/21,"50,00%"
55,Górnik Zabrze,20/21,"35,48%"
56,Jagiellonia,20/21,"30,77%"
57,Lech Poznań,20/21,"35,90%"
58,Lechia Gdańsk,20/21,"47,50%"
59,Legia Warszawa,20/21,"25,00%"
60,Piast Gliwice,20/21,"30,77%"
61,Podbeskidzie,20/21,"44,83%"
62,Pogoń Szczecin,20/21,"44,44%"
63,Raków Częstochowa,20/21,"45,65%"
64,Stal Mielec,20/21,"51,61%"
65,Śląsk Wrocław,20/21,"41,67%"
66,Warta Poznań,20/21,"21,21%"
67,Wisła Kraków,20/21,"35,90%"
68,Wisła Płock,20/21,"48,65%"
69,Zagłębie Lubin,20/21,"55,26%"
70,Arka Gdynia,19/20,"51,28%"
71,Cracovia,19/20,"34,69%"
72,Górnik Zabrze,19/20,"29,41%"
73,Jagiellonia,19/20,"37,50%"
74,Korona Kielce,19/20,"37,93%"
75,Lech Poznań,19/20,"24,29%"
76,Lechia Gdańsk,19/20,"31,25%"
77,Legia Warszawa,19/20,"30,00%"
78,ŁKS Łódź,19/20,"39,39%"
79,Piast Gliwice,19/20,"39,02%"
80,Pogoń Szczecin,19/20,"37,84%"
81,Raków Częstochowa,19/20,"49,02%"
82,Śląsk Wrocław,19/20,"35,29%"
83,Wisła Kraków,19/20,"34,09%"
84,Wisła Płock,19/20,"46,67%"
85,Zagłębie Lubin,19/20,"31,15%"
86,Arka Gdynia,18/19,"46,94%"
87,Cracovia,18/19,"33,33%"
88,Górnik Zabrze,18/19,"33,33%"
89,Jagiellonia,18/19,"36,36%"
90,Korona Kielce,18/19,"38,10%"
91,Lech Poznań,18/19,"22,45%"
92,Lechia Gdańsk,18/19,"38,89%"
93,Legia Warszawa,18/19,"36,36%"
94,Miedź Legnica,18/19,"17,50%"
95,Piast Gliwice,18/19,"36,84%"
96,Pogoń Szczecin,18/19,"40,35%"
97,Śląsk Wrocław,18/19,"36,73%"
98,Wisła Kraków,18/19,"35,82%"
99,Wisła Płock,18/19,"50,00%"
100,Zagłębie Lubin,18/19,"33,33%"
101,Zagłębie Sosnowiec,18/19,"36,73%"
102,Arka Gdynia,17/18,"58,70%"
103,Bruk-Bet Nieciecza,17/18,"33,33%"
104,Cracovia,17/18,"54,90%"
105,Górnik Zabrze,17/18,"47,69%"
106,Jagiellonia,17/18,"27,27%"
107,Korona Kielce,17/18,"30,61%"
108,Lech Poznań,17/18,"39,62%"
109,Lechia Gdańsk,17/18,"43,48%"
110,Legia Warszawa,17/18,"29,63%"
111,Piast Gliwice,17/18,"41,46%"
112,Pogoń Szczecin,17/18,"36,96%"
113,Sandecja Nowy,17/18,"14,71%"
114,Śląsk Wrocław,17/18,"38,00%"
115,Wisła Kraków,17/18,"35,29%"
116,Wisła Płock,17/18,"43,40%"
117,Zagłębie Lubin,17/18,"33,33%"
118,Arka Gdynia,16/17,"52,27%"
119,Bruk-Bet Nieciecza,16/17,"40,00%"
120,Cracovia,16/17,"28,89%"
121,Górnik Łęczna,16/17,"34,04%"
122,Jagiellonia,16/17,"35,94%"
123,Korona Kielce,16/17,"44,68%"
124,Lech Poznań,16/17,"41,94%"
125,Lechia Gdańsk,16/17,"29,82%"
126,Legia Warszawa,16/17,"25,71%"
127,Piast Gliwice,16/17,"37,78%"
128,Pogoń Szczecin,16/17,"39,22%"
129,Ruch Chorzów,16/17,"35,71%"
130,Śląsk Wrocław,16/17,"34,69%"
131,Wisła Kraków,16/17,"29,63%"
132,Wisła Płock,16/17,"40,82%"
133,Zagłębie Lubin,16/17,"47,06%"
134,Cracovia,15/16,"25,76%"
135,Górnik Łęczna,15/16,"25,00%"
136,Górnik Zabrze,15/16,"39,47%"
137,Jagiellonia,15/16,"36,96%"
138,Korona Kielce,15/16,"46,15%"
139,Lech Poznań,15/16,"19,05%"
140,Lechia Gdańsk,15/16,"28,30%"
141,Legia Warszawa,15/16,"21,43%"
142,Termalica Nieciecza,15/16,"46,15%"
143,Piast Gliwice,15/16,"31,67%"
144,Podbeskidzie,15/16,"26,67%"
145,Pogoń Szczecin,15/16,"41,86%"
146,Ruch Chorzów,15/16,"32,50%"
147,Śląsk Wrocław,15/16,"29,27%"
148,Wisła Kraków,15/16,"26,23%"
149,Zagłębie Lubin,15/16,"29,09%"
150,Cracovia,14/15,"26,00%"
151,GKS Bełchatów,14/15,"20,00%"
152,Górnik Łęczna,14/15,"20,51%"
153,Górnik Zabrze,14/15,"26,00%"
154,Jagiellonia,14/15,"23,73%"
155,Korona Kielce,14/15,"29,55%"
156,Lech Poznań,14/15,"22,39%"
157,Lechia Gdańsk,14/15,"33,33%"
158,Legia Warszawa,14/15,"32,81%"
159,Piast Gliwice,14/15,"30,00%"
160,Podbeskidzie,14/15,"40,43%"
161,Pogoń Szczecin,14/15,"28,89%"
162,Ruch Chorzów,14/15,"27,27%"
163,Śląsk Wrocław,14/15,"22,00%"
164,Wisła Kraków,14/15,"21,43%"
165,Zawisza,14/15,"24,44%"
