﻿,Data,Godzina,Sezon,Gospodarze,Gole_gospodarze,Gole_goście,Goście,Oddsy_gospodarze,Oddsy_remis,Oddsy_goście,Kto_wygrał
0,19 Maj 2019 - Grupa mistrzowska,18:00,18/19,Cracovia,0,3,Pogoń Szczecin,1.57,4.10,5.90,Wygrali goście
1,19 Maj 2019 - Grupa mistrzowska,18:00,18/19,Lechia Gdańsk,2,0,Jagiellonia Białystok,2.88,3.32,2.50,Wygrali gospodarze
2,19 Maj 2019 - Grupa mistrzowska,18:00,18/19,Legia Warszawa,2,2,Zagłębie Lubin,1.41,4.95,7.15,Remis
3,19 Maj 2019 - Grupa mistrzowska,18:00,18/19,Piast Gliwice,1,0,Lech Poznań,1.34,5.28,8.42,Wygrali gospodarze
4,18 Maj 2019,15:30,18/19,Korona Kielce,0,3,Górnik Zabrze,2.27,3.55,3.02,Wygrali goście
5,18 Maj 2019,15:30,18/19,Śląsk Wrocław,4,0,Arka Gdynia,2.20,3.55,3.10,Wygrali gospodarze
6,18 Maj 2019,15:30,18/19,Wisła Kraków,4,5,Miedź Legnica,2.53,3.53,2.69,Wygrali goście
7,18 Maj 2019,15:30,18/19,Wisła Płock,0,0,Zagłębie Sosnowiec,1.38,5.22,7.61,Remis
8,15 Maj 2019,20:30,18/19,Jagiellonia Białystok,1,0,Legia Warszawa,3.25,3.53,2.17,Wygrali gospodarze
9,15 Maj 2019,20:30,18/19,Lech Poznań,2,1,Lechia Gdańsk,2.93,3.27,2.45,Wygrali gospodarze
10,15 Maj 2019,20:30,18/19,Pogoń Szczecin,0,0,Piast Gliwice,3.80,3.67,1.97,Remis
11,15 Maj 2019,20:30,18/19,Zagłębie Lubin,1,2,Cracovia,2.36,3.27,3.09,Wygrali goście
12,14 Maj 2019,20:30,18/19,Górnik Zabrze,0,1,Wisła Płock,2.69,3.42,2.55,Wygrali goście
13,14 Maj 2019,20:30,18/19,Miedź Legnica,0,2,Śląsk Wrocław,3.01,3.22,2.47,Wygrali goście
14,14 Maj 2019,20:30,18/19,Zagłębie Sosnowiec,2,4,Korona Kielce,4.07,3.95,1.85,Wygrali goście
15,13 Maj 2019,18:00,18/19,Arka Gdynia,3,1,Wisła Kraków,1.58,4.38,5.25,Wygrali gospodarze
16,12 Maj 2019,18:00,18/19,Lechia Gdańsk,1,1,Zagłębie Lubin,2.20,3.32,3.35,Remis
17,12 Maj 2019,15:30,18/19,Legia Warszawa,1,1,Pogoń Szczecin,1.42,4.58,8.07,Remis
18,12 Maj 2019,13:00,18/19,Piast Gliwice,2,1,Jagiellonia Białystok,1.80,3.60,4.59,Wygrali gospodarze
19,11 Maj 2019,20:30,18/19,Cracovia,1,0,Lech Poznań,1.90,3.52,4.17,Wygrali gospodarze
20,11 Maj 2019,18:00,18/19,Miedź Legnica,0,1,Górnik Zabrze,2.64,3.23,2.76,Wygrali goście
21,11 Maj 2019,15:30,18/19,Śląsk Wrocław,2,1,Wisła Płock,1.96,3.47,3.96,Wygrali gospodarze
22,10 Maj 2019,20:30,18/19,Wisła Kraków,1,0,Korona Kielce,2.60,3.52,2.62,Wygrali gospodarze
23,10 Maj 2019,18:00,18/19,Arka Gdynia,2,0,Zagłębie Sosnowiec,1.49,4.40,6.61,Wygrali gospodarze
24,06 Maj 2019,18:00,18/19,Jagiellonia Białystok,4,2,Pogoń Szczecin,2.29,3.35,3.15,Wygrali gospodarze
25,05 Maj 2019,18:00,18/19,Cracovia,2,0,Lechia Gdańsk,2.52,3.25,2.88,Wygrali gospodarze
26,05 Maj 2019,15:30,18/19,Zagłębie Sosnowiec,2,4,Śląsk Wrocław,3.21,3.53,2.19,Wygrali goście
27,04 Maj 2019,20:30,18/19,Legia Warszawa,0,1,Piast Gliwice,1.80,3.62,4.57,Wygrali goście
28,04 Maj 2019,18:00,18/19,Lech Poznań,1,1,Zagłębie Lubin,2.73,3.33,2.59,Remis
29,04 Maj 2019,15:30,18/19,Korona Kielce,0,0,Miedź Legnica,2.52,3.35,2.80,Remis
30,03 Maj 2019,20:30,18/19,Górnik Zabrze,1,2,Wisła Kraków,1.59,4.22,5.41,Wygrali goście
31,03 Maj 2019,18:00,18/19,Wisła Płock,1,1,Arka Gdynia,2.22,3.29,3.34,Remis
32,29 Kwi 2019,18:00,18/19,Górnik Zabrze,4,0,Zagłębie Sosnowiec,2.07,3.48,3.63,Wygrali gospodarze
33,28 Kwi 2019,18:00,18/19,Wisła Kraków,1,1,Śląsk Wrocław,3.05,3.68,2.26,Remis
34,28 Kwi 2019,15:30,18/19,Korona Kielce,0,2,Arka Gdynia,2.32,3.25,3.24,Wygrali goście
35,28 Kwi 2019,13:00,18/19,Miedź Legnica,3,2,Wisła Płock,2.48,3.30,2.94,Wygrali gospodarze
36,27 Kwi 2019,20:30,18/19,Lechia Gdańsk,1,3,Legia Warszawa,2.89,3.18,2.60,Wygrali goście
37,27 Kwi 2019,18:00,18/19,Pogoń Szczecin,1,1,Lech Poznań,2.30,3.35,3.19,Remis
38,26 Kwi 2019,20:30,18/19,Piast Gliwice,3,1,Cracovia,2.19,3.23,3.53,Wygrali gospodarze
39,26 Kwi 2019,18:00,18/19,Zagłębie Lubin,2,0,Jagiellonia Białystok,2.20,3.48,3.36,Wygrali gospodarze
40,25 Kwi 2019,20:30,18/19,Śląsk Wrocław,1,2,Górnik Zabrze,2.13,3.42,3.54,Wygrali goście
41,25 Kwi 2019,20:30,18/19,Zagłębie Sosnowiec,2,1,Wisła Kraków,1.88,4.13,3.74,Wygrali gospodarze
42,25 Kwi 2019,18:00,18/19,Arka Gdynia,2,0,Miedź Legnica,2.31,3.25,3.26,Wygrali gospodarze
43,25 Kwi 2019,18:00,18/19,Wisła Płock,2,1,Korona Kielce,2.09,3.45,3.61,Wygrali gospodarze
44,24 Kwi 2019,20:30,18/19,Lech Poznań,1,0,Legia Warszawa,3.27,3.33,2.27,Wygrali gospodarze
45,24 Kwi 2019,18:00,18/19,Pogoń Szczecin,3,4,Lechia Gdańsk,2.57,3.20,2.88,Wygrali goście
46,23 Kwi 2019,20:30,18/19,Cracovia,0,1,Jagiellonia Białystok,2.08,3.42,3.67,Wygrali goście
47,23 Kwi 2019,18:00,18/19,Piast Gliwice,1,0,Zagłębie Lubin,2.10,3.46,3.55,Wygrali gospodarze
48,22 Kwi 2019,18:00,18/19,Górnik Zabrze,1,0,Arka Gdynia,2.20,3.38,3.36,Wygrali gospodarze
49,22 Kwi 2019,18:00,18/19,Korona Kielce,2,0,Śląsk Wrocław,2.89,3.28,2.54,Wygrali gospodarze
50,22 Kwi 2019 - Grupa spadkowa,15:30,18/19,Miedź Legnica,2,2,Zagłębie Sosnowiec,2.21,3.43,3.29,Remis
51,22 Kwi 2019 - Grupa spadkowa,15:30,18/19,Wisła Kraków,2,3,Wisła Płock,2.83,3.33,2.53,Wygrali goście
52,20 Kwi 2019,20:30,18/19,Legia Warszawa,1,0,Cracovia,1.81,3.61,4.60,Wygrali gospodarze
53,20 Kwi 2019,18:00,18/19,Jagiellonia Białystok,3,3,Lech Poznań,2.17,3.38,3.45,Remis
54,20 Kwi 2019,18:00,18/19,Zagłębie Lubin,2,3,Pogoń Szczecin,2.22,3.33,3.39,Wygrali goście
55,20 Kwi 2019,15:30,18/19,Lechia Gdańsk,0,2,Piast Gliwice,2.24,3.27,3.38,Wygrali goście
56,13 Kwi 2019,18:00,18/19,Arka Gdynia,1,1,Miedź Legnica,2.24,3.30,3.36,Remis
57,13 Kwi 2019,18:00,18/19,Cracovia,4,2,Lechia Gdańsk,2.45,3.10,3.14,Wygrali gospodarze
58,13 Kwi 2019,18:00,18/19,Lech Poznań,0,2,Jagiellonia Białystok,2.12,3.38,3.61,Wygrali goście
59,13 Kwi 2019,18:00,18/19,Legia Warszawa,3,1,Pogoń Szczecin,1.78,3.72,4.65,Wygrali gospodarze
60,13 Kwi 2019,18:00,18/19,Piast Gliwice,4,0,Korona Kielce,1.85,3.57,4.42,Wygrali gospodarze
61,13 Kwi 2019,18:00,18/19,Śląsk Wrocław,0,1,Górnik Zabrze,2.14,3.42,3.52,Wygrali goście
62,13 Kwi 2019,18:00,18/19,Zagłębie Lubin,3,1,Wisła Kraków,2.30,3.58,3.04,Wygrali gospodarze
63,13 Kwi 2019,18:00,18/19,Zagłębie Sosnowiec,1,3,Wisła Płock,2.57,3.42,2.75,Wygrali goście
64,08 Kwi 2019,18:00,18/19,Wisła Płock,2,0,Śląsk Wrocław,2.80,3.25,2.61,Wygrali gospodarze
65,07 Kwi 2019,18:00,18/19,Górnik Zabrze,1,2,Legia Warszawa,4.07,3.57,1.92,Wygrali goście
66,07 Kwi 2019,15:30,18/19,Pogoń Szczecin,3,3,Arka Gdynia,1.82,3.45,4.78,Remis
67,06 Kwi 2019,20:30,18/19,Lechia Gdańsk,1,0,Lech Poznań,2.19,3.28,3.44,Wygrali gospodarze
68,06 Kwi 2019,18:00,18/19,Wisła Kraków,2,2,Piast Gliwice,2.81,3.32,2.55,Remis
69,06 Kwi 2019,15:30,18/19,Jagiellonia Białystok,2,1,Zagłębie Sosnowiec,1.82,3.63,4.50,Wygrali gospodarze
70,05 Kwi 2019,20:30,18/19,Miedź Legnica,2,1,Cracovia,3.05,3.17,2.47,Wygrali gospodarze
71,05 Kwi 2019,18:00,18/19,Korona Kielce,0,2,Zagłębie Lubin,2.44,3.23,3.00,Wygrali goście
72,03 Kwi 2019,20:30,18/19,Legia Warszawa,3,0,Jagiellonia Białystok,1.83,3.53,4.54,Wygrali gospodarze
73,03 Kwi 2019,20:30,18/19,Zagłębie Sosnowiec,4,3,Wisła Kraków,2.79,3.57,2.42,Wygrali gospodarze
74,03 Kwi 2019,18:00,18/19,Lech Poznań,3,2,Pogoń Szczecin,2.44,3.27,2.93,Wygrali gospodarze
75,03 Kwi 2019,18:00,18/19,Piast Gliwice,1,0,Wisła Płock,1.88,3.52,4.23,Wygrali gospodarze
76,02 Kwi 2019,20:30,18/19,Arka Gdynia,0,0,Lechia Gdańsk,3.38,3.20,2.24,Remis
77,02 Kwi 2019,20:30,18/19,Zagłębie Lubin,1,1,Górnik Zabrze,2.18,3.42,3.26,Remis
78,02 Kwi 2019,18:00,18/19,Cracovia,2,1,Korona Kielce,2.14,3.22,3.65,Wygrali gospodarze
79,02 Kwi 2019,18:00,18/19,Śląsk Wrocław,0,0,Miedź Legnica,1.91,3.47,4.20,Remis
80,31 Mar 2019,18:00,18/19,Wisła Kraków,4,0,Legia Warszawa,3.44,3.45,2.15,Wygrali gospodarze
81,31 Mar 2019,15:30,18/19,Pogoń Szczecin,0,0,Jagiellonia Białystok,2.17,3.38,3.46,Remis
82,30 Mar 2019,20:30,18/19,Korona Kielce,0,0,Lech Poznań,2.60,3.20,2.83,Remis
83,30 Mar 2019,18:00,18/19,Arka Gdynia,0,2,Śląsk Wrocław,2.77,3.27,2.62,Wygrali goście
84,30 Mar 2019,15:30,18/19,Miedź Legnica,0,2,Zagłębie Sosnowiec,2.09,3.62,3.44,Wygrali goście
85,29 Mar 2019,20:30,18/19,Górnik Zabrze,0,1,Cracovia,2.81,3.23,2.62,Wygrali goście
86,29 Mar 2019,20:30,18/19,Lechia Gdańsk,2,0,Piast Gliwice,2.17,3.30,3.51,Wygrali gospodarze
87,29 Mar 2019,18:00,18/19,Wisła Płock,0,1,Zagłębie Lubin,2.55,3.35,2.81,Wygrali goście
88,17 Mar 2019,18:00,18/19,Wisła Kraków,3,2,Cracovia,2.80,3.25,2.60,Wygrali gospodarze
89,17 Mar 2019,15:30,18/19,Piast Gliwice,2,1,Miedź Legnica,1.89,3.50,4.25,Wygrali gospodarze
90,17 Mar 2019,15:30,18/19,Zagłębie Lubin,0,0,Arka Gdynia,2.11,3.40,3.60,Remis
91,16 Mar 2019,20:30,18/19,Legia Warszawa,1,0,Śląsk Wrocław,1.85,3.45,4.65,Wygrali gospodarze
92,16 Mar 2019,18:00,18/19,Zagłębie Sosnowiec,0,1,Lechia Gdańsk,3.38,3.28,2.23,Wygrali goście
93,16 Mar 2019,15:30,18/19,Jagiellonia Białystok,1,3,Korona Kielce,2.05,3.30,3.88,Wygrali goście
94,15 Mar 2019,20:30,18/19,Lech Poznań,0,3,Górnik Zabrze,1.92,3.58,4.25,Wygrali goście
95,15 Mar 2019,18:00,18/19,Wisła Płock,0,2,Pogoń Szczecin,2.65,3.30,2.70,Wygrali goście
96,11 Mar 2019,18:00,18/19,Lechia Gdańsk,1,1,Wisła Płock,1.77,3.60,4.85,Remis
97,10 Mar 2019,18:00,18/19,Miedź Legnica,3,2,Lech Poznań,3.10,3.30,2.35,Wygrali gospodarze
98,10 Mar 2019,15:30,18/19,Pogoń Szczecin,0,3,Zagłębie Lubin,1.71,3.90,4.90,Wygrali goście
99,09 Mar 2019,20:30,18/19,Arka Gdynia,1,2,Legia Warszawa,3.95,3.45,1.99,Wygrali goście
100,09 Mar 2019,18:00,18/19,Korona Kielce,2,6,Wisła Kraków,2.10,3.35,3.70,Wygrali goście
101,09 Mar 2019,15:30,18/19,Cracovia,2,1,Zagłębie Sosnowiec,1.70,3.90,5.00,Wygrali gospodarze
102,08 Mar 2019,20:30,18/19,Śląsk Wrocław,2,0,Jagiellonia Białystok,2.35,3.20,3.25,Wygrali gospodarze
103,08 Mar 2019,18:00,18/19,Górnik Zabrze,0,2,Piast Gliwice,2.85,3.25,2.60,Wygrali goście
104,04 Mar 2019,18:00,18/19,Zagłębie Lubin,2,1,Lechia Gdańsk,2.68,3.28,2.68,Wygrali gospodarze
105,03 Mar 2019,18:00,18/19,Lech Poznań,1,0,Arka Gdynia,1.71,3.70,5.40,Wygrali gospodarze
106,03 Mar 2019,15:30,18/19,Wisła Kraków,2,3,Pogoń Szczecin,3.10,3.30,2.38,Wygrali goście
107,02 Mar 2019,20:30,18/19,Wisła Płock,3,2,Cracovia,3.20,3.13,2.45,Wygrali gospodarze
108,02 Mar 2019,18:00,18/19,Jagiellonia Białystok,2,2,Górnik Zabrze,1.81,3.68,4.83,Remis
109,02 Mar 2019,15:30,18/19,Zagłębie Sosnowiec,4,1,Korona Kielce,2.93,3.33,2.49,Wygrali gospodarze
110,01 Mar 2019,20:30,18/19,Legia Warszawa,2,0,Miedź Legnica,1.51,4.38,6.80,Wygrali gospodarze
111,01 Mar 2019,18:00,18/19,Piast Gliwice,2,0,Śląsk Wrocław,2.30,3.30,3.33,Wygrali gospodarze
112,25 Lut 2019,18:00,18/19,Śląsk Wrocław,2,0,Zagłębie Lubin,2.25,3.30,3.28,Wygrali gospodarze
113,24 Lut 2019,18:00,18/19,Cracovia,1,0,Jagiellonia Białystok,2.42,3.15,3.23,Wygrali gospodarze
114,24 Lut 2019,15:30,18/19,Miedź Legnica,2,1,Wisła Płock,2.43,3.33,3.11,Wygrali gospodarze
115,23 Lut 2019,20:30,18/19,Lechia Gdańsk,1,0,Wisła Kraków,1.69,3.90,5.35,Wygrali gospodarze
116,23 Lut 2019,18:00,18/19,Lech Poznań,2,0,Legia Warszawa,3.20,3.25,2.39,Wygrali gospodarze
117,23 Lut 2019,15:30,18/19,Górnik Zabrze,2,1,Zagłębie Sosnowiec,2.09,3.47,3.70,Wygrali gospodarze
118,22 Lut 2019,20:30,18/19,Korona Kielce,1,1,Pogoń Szczecin,2.75,3.13,2.81,Remis
119,22 Lut 2019,18:00,18/19,Arka Gdynia,1,2,Piast Gliwice,2.99,3.15,2.60,Wygrali goście
120,18 Lut 2019,18:00,18/19,Wisła Kraków,1,0,Śląsk Wrocław,2.99,3.36,2.42,Wygrali gospodarze
121,17 Lut 2019,18:00,18/19,Legia Warszawa,0,2,Cracovia,1.63,3.83,6.00,Wygrali goście
122,17 Lut 2019,15:30,18/19,Zagłębie Lubin,3,0,Miedź Legnica,2.04,3.45,3.98,Wygrali gospodarze
123,16 Lut 2019,20:30,18/19,Korona Kielce,0,0,Lechia Gdańsk,2.63,3.03,2.99,Remis
124,16 Lut 2019,18:00,18/19,Zagłębie Sosnowiec,3,2,Arka Gdynia,2.63,3.38,2.74,Wygrali gospodarze
125,16 Lut 2019,15:30,18/19,Jagiellonia Białystok,1,0,Wisła Płock,1.88,3.68,4.28,Wygrali gospodarze
126,15 Lut 2019,20:30,18/19,Piast Gliwice,4,0,Lech Poznań,2.57,3.10,3.03,Wygrali gospodarze
127,15 Lut 2019,18:00,18/19,Pogoń Szczecin,3,1,Górnik Zabrze,1.76,3.75,4.75,Wygrali gospodarze
128,11 Lut 2019,18:00,18/19,Górnik Zabrze,2,0,Wisła Kraków,2.43,3.45,2.96,Wygrali gospodarze
129,10 Lut 2019,18:00,18/19,Wisła Płock,0,1,Legia Warszawa,3.83,3.38,2.10,Wygrali goście
130,10 Lut 2019,15:30,18/19,Arka Gdynia,1,2,Korona Kielce,2.40,3.28,3.15,Wygrali goście
131,09 Lut 2019,20:30,18/19,Lechia Gdańsk,2,1,Pogoń Szczecin,2.33,3.40,3.23,Wygrali gospodarze
132,09 Lut 2019,18:00,18/19,Cracovia,2,1,Piast Gliwice,2.46,3.18,3.15,Wygrali gospodarze
133,09 Lut 2019,15:30,18/19,Śląsk Wrocław,2,0,Zagłębie Sosnowiec,1.86,3.70,4.50,Wygrali gospodarze
134,08 Lut 2019,20:30,18/19,Lech Poznań,1,2,Zagłębie Lubin,1.83,3.60,4.80,Wygrali goście
135,08 Lut 2019,18:00,18/19,Miedź Legnica,0,3,Jagiellonia Białystok,2.98,3.35,2.49,Wygrali goście
136,22 Gru 2018,18:00,18/19,Lechia Gdańsk,4,0,Górnik Zabrze,1.63,3.93,5.50,Wygrali gospodarze
137,22 Gru 2018,18:00,18/19,Zagłębie Lubin,1,2,Cracovia,2.38,3.25,3.10,Wygrali goście
138,22 Gru 2018,15:30,18/19,Korona Kielce,0,0,Miedź Legnica,1.85,3.55,4.38,Remis
139,21 Gru 2018,20:30,18/19,Wisła Kraków,0,1,Lech Poznań,3.25,3.43,2.23,Wygrali goście
140,21 Gru 2018,18:00,18/19,Arka Gdynia,3,3,Wisła Płock,2.46,3.33,2.92,Remis
141,21 Gru 2018,18:00,18/19,Piast Gliwice,1,1,Jagiellonia Białystok,2.60,3.20,2.84,Remis
142,20 Gru 2018,20:30,18/19,Zagłębie Sosnowiec,2,3,Legia Warszawa,6.55,4.45,1.50,Wygrali goście
143,20 Gru 2018,18:00,18/19,Pogoń Szczecin,2,1,Śląsk Wrocław,1.98,3.38,4.00,Wygrali gospodarze
144,17 Gru 2018,18:00,18/19,Miedź Legnica,0,0,Lechia Gdańsk,3.10,3.25,2.40,Remis
145,16 Gru 2018,18:00,18/19,Zagłębie Sosnowiec,0,6,Lech Poznań,3.65,3.48,2.05,Wygrali goście
146,16 Gru 2018,15:30,18/19,Śląsk Wrocław,1,1,Korona Kielce,2.44,3.28,2.97,Remis
147,15 Gru 2018,20:30,18/19,Legia Warszawa,2,0,Piast Gliwice,1.66,3.78,5.60,Wygrali gospodarze
148,15 Gru 2018,18:00,18/19,Górnik Zabrze,1,1,Arka Gdynia,2.55,3.28,2.83,Remis
149,15 Gru 2018,15:30,18/19,Cracovia,2,1,Pogoń Szczecin,2.58,3.05,2.97,Wygrali gospodarze
150,14 Gru 2018,20:30,18/19,Jagiellonia Białystok,0,4,Zagłębie Lubin,1.67,3.88,5.35,Wygrali goście
151,14 Gru 2018,18:00,18/19,Wisła Płock,1,2,Wisła Kraków,2.03,3.55,3.68,Wygrali goście
152,10 Gru 2018,18:00,18/19,Arka Gdynia,0,3,Cracovia,2.33,3.20,3.22,Wygrali goście
153,09 Gru 2018,18:00,18/19,Lechia Gdańsk,0,0,Legia Warszawa,2.94,3.15,2.55,Remis
154,09 Gru 2018,15:30,18/19,Górnik Zabrze,1,3,Miedź Legnica,2.22,3.47,3.25,Wygrali goście
155,08 Gru 2018,20:30,18/19,Wisła Kraków,2,2,Jagiellonia Białystok,2.95,3.38,2.41,Remis
156,08 Gru 2018,18:00,18/19,Korona Kielce,2,2,Wisła Płock,2.12,3.41,3.55,Remis
157,08 Gru 2018,15:30,18/19,Pogoń Szczecin,1,0,Zagłębie Sosnowiec,1.63,4.03,5.45,Wygrali gospodarze
158,07 Gru 2018,20:30,18/19,Lech Poznań,2,0,Śląsk Wrocław,1.94,3.53,4.03,Wygrali gospodarze
159,07 Gru 2018,18:00,18/19,Zagłębie Lubin,2,2,Piast Gliwice,2.87,3.22,2.55,Remis
160,03 Gru 2018,18:00,18/19,Piast Gliwice,3,0,Pogoń Szczecin,2.55,3.19,2.91,Wygrali gospodarze
161,02 Gru 2018,18:00,18/19,Cracovia,1,0,Lech Poznań,2.70,3.20,2.70,Wygrali gospodarze
162,02 Gru 2018,15:30,18/19,Zagłębie Sosnowiec,1,2,Zagłębie Lubin,2.53,3.38,2.79,Wygrali goście
163,01 Gru 2018,20:30,18/19,Legia Warszawa,3,0,Korona Kielce,1.80,3.60,4.73,Wygrali gospodarze
164,01 Gru 2018,18:00,18/19,Miedź Legnica,2,0,Wisła Kraków,2.55,3.35,2.80,Wygrali gospodarze
165,01 Gru 2018,15:30,18/19,Wisła Płock,0,4,Górnik Zabrze,1.81,3.65,4.50,Wygrali goście
166,30 Lis 2018,20:30,18/19,Jagiellonia Białystok,3,1,Arka Gdynia,1.99,3.38,4.00,Wygrali gospodarze
167,30 Lis 2018,18:00,18/19,Śląsk Wrocław,0,2,Lechia Gdańsk,2.47,3.18,3.03,Wygrali goście
168,26 Lis 2018,18:00,18/19,Arka Gdynia,4,1,Wisła Kraków,2.34,3.30,3.10,Wygrali gospodarze
169,25 Lis 2018,18:00,18/19,Lechia Gdańsk,3,2,Jagiellonia Białystok,2.50,3.23,2.93,Wygrali gospodarze
170,25 Lis 2018,15:30,18/19,Zagłębie Lubin,0,1,Legia Warszawa,3.70,3.48,2.05,Wygrali goście
171,25 Lis 2018,13:00,18/19,Pogoń Szczecin,2,0,Miedź Legnica,1.67,3.85,5.30,Wygrali gospodarze
172,24 Lis 2018,20:30,18/19,Cracovia,1,1,Śląsk Wrocław,2.49,3.21,3.01,Remis
173,24 Lis 2018,18:00,18/19,Lech Poznań,2,1,Wisła Płock,1.98,3.55,3.83,Wygrali gospodarze
174,24 Lis 2018,15:30,18/19,Korona Kielce,4,2,Górnik Zabrze,1.74,3.63,5.03,Wygrali gospodarze
175,23 Lis 2018,18:00,18/19,Piast Gliwice,0,0,Zagłębie Sosnowiec,1.75,3.70,4.80,Remis
176,11 Lis 2018,18:00,18/19,Jagiellonia Białystok,2,2,Lech Poznań,2.17,3.38,3.43,Remis
177,11 Lis 2018,15:30,18/19,Korona Kielce,1,0,Piast Gliwice,2.24,3.20,3.40,Wygrali gospodarze
178,11 Lis 2018,15:30,18/19,Miedź Legnica,0,4,Arka Gdynia,2.28,3.35,3.18,Wygrali goście
179,10 Lis 2018,20:30,18/19,Wisła Kraków,3,2,Zagłębie Lubin,2.00,3.58,3.70,Wygrali gospodarze
180,10 Lis 2018,18:00,18/19,Lechia Gdańsk,1,0,Cracovia,2.06,3.38,3.83,Wygrali gospodarze
181,10 Lis 2018,15:30,18/19,Wisła Płock,2,0,Zagłębie Sosnowiec,1.79,3.68,4.60,Wygrali gospodarze
182,09 Lis 2018,20:30,18/19,Pogoń Szczecin,2,1,Legia Warszawa,2.84,3.24,2.58,Wygrali gospodarze
183,09 Lis 2018,18:00,18/19,Górnik Zabrze,2,2,Śląsk Wrocław,3.22,3.40,2.26,Remis
184,05 Lis 2018,18:00,18/19,Zagłębie Sosnowiec,1,4,Jagiellonia Białystok,3.35,3.43,2.15,Wygrali goście
185,04 Lis 2018,18:00,18/19,Lech Poznań,0,1,Lechia Gdańsk,2.10,3.43,3.53,Wygrali goście
186,04 Lis 2018,15:30,18/19,Zagłębie Lubin,0,1,Korona Kielce,2.65,3.25,2.71,Wygrali goście
187,03 Lis 2018,20:30,18/19,Legia Warszawa,4,0,Górnik Zabrze,1.42,4.63,7.70,Wygrali gospodarze
188,03 Lis 2018,18:00,18/19,Śląsk Wrocław,0,3,Wisła Płock,2.05,3.40,3.65,Wygrali goście
189,03 Lis 2018,15:30,18/19,Cracovia,0,0,Miedź Legnica,2.08,3.35,3.65,Remis
190,02 Lis 2018,20:30,18/19,Piast Gliwice,2,0,Wisła Kraków,2.38,3.25,3.08,Wygrali gospodarze
191,02 Lis 2018,18:00,18/19,Arka Gdynia,2,3,Pogoń Szczecin,3.28,3.20,2.28,Wygrali goście
192,29 Paź 2018,18:00,18/19,Wisła Kraków,2,2,Zagłębie Sosnowiec,1.80,3.65,4.73,Remis
193,28 Paź 2018,18:00,18/19,Górnik Zabrze,2,0,Zagłębie Lubin,2.70,3.35,2.63,Wygrali gospodarze
194,28 Paź 2018,15:30,18/19,Korona Kielce,0,1,Cracovia,2.05,3.28,3.80,Wygrali goście
195,27 Paź 2018,20:30,18/19,Pogoń Szczecin,3,0,Lech Poznań,2.51,3.23,2.90,Wygrali gospodarze
196,27 Paź 2018,18:00,18/19,Lechia Gdańsk,2,1,Arka Gdynia,2.01,3.40,3.80,Wygrali gospodarze
197,27 Paź 2018,15:30,18/19,Wisła Płock,1,1,Piast Gliwice,2.36,3.28,3.10,Remis
198,26 Paź 2018,20:30,18/19,Jagiellonia Białystok,1,1,Legia Warszawa,2.78,3.18,2.65,Remis
199,26 Paź 2018,18:00,18/19,Miedź Legnica,0,5,Śląsk Wrocław,2.83,3.33,2.55,Wygrali goście
200,22 Paź 2018,18:00,18/19,Cracovia,2,0,Górnik Zabrze,2.05,3.40,3.63,Wygrali gospodarze
201,21 Paź 2018,18:00,18/19,Legia Warszawa,3,3,Wisła Kraków,1.77,3.70,4.60,Remis
202,21 Paź 2018,15:30,18/19,Zagłębie Lubin,3,3,Wisła Płock,2.38,3.35,2.95,Remis
203,20 Paź 2018,20:30,18/19,Lech Poznań,2,1,Korona Kielce,1.94,3.45,4.13,Wygrali gospodarze
204,20 Paź 2018,18:00,18/19,Śląsk Wrocław,1,2,Arka Gdynia,1.90,3.55,4.10,Wygrali goście
205,20 Paź 2018,15:30,18/19,Zagłębie Sosnowiec,3,1,Miedź Legnica,2.65,3.28,2.66,Wygrali gospodarze
206,19 Paź 2018,20:30,18/19,Jagiellonia Białystok,2,1,Pogoń Szczecin,2.28,3.23,3.25,Wygrali gospodarze
207,19 Paź 2018,18:00,18/19,Piast Gliwice,1,1,Lechia Gdańsk,2.43,3.28,3.00,Remis
208,07 Paź 2018,18:00,18/19,Cracovia,0,2,Wisła Kraków,2.60,3.20,2.78,Wygrali goście
209,07 Paź 2018,15:30,18/19,Arka Gdynia,3,1,Zagłębie Lubin,2.35,3.23,3.13,Wygrali gospodarze
210,07 Paź 2018,15:30,18/19,Korona Kielce,1,1,Jagiellonia Białystok,2.38,3.30,2.98,Remis
211,06 Paź 2018,20:30,18/19,Śląsk Wrocław,0,1,Legia Warszawa,2.69,3.30,2.65,Wygrali goście
212,06 Paź 2018,18:00,18/19,Lechia Gdańsk,4,1,Zagłębie Sosnowiec,1.71,3.88,4.85,Wygrali gospodarze
213,06 Paź 2018,15:30,18/19,Pogoń Szczecin,4,0,Wisła Płock,2.05,3.47,3.60,Wygrali gospodarze
214,05 Paź 2018,20:30,18/19,Górnik Zabrze,2,2,Lech Poznań,3.88,3.59,1.92,Remis
215,05 Paź 2018,18:00,18/19,Miedź Legnica,2,2,Piast Gliwice,2.45,3.25,2.88,Remis
216,01 Paź 2018,18:00,18/19,Jagiellonia Białystok,0,4,Śląsk Wrocław,1.96,3.43,3.98,Wygrali goście
217,30 Wrz 2018,18:00,18/19,Lech Poznań,2,1,Miedź Legnica,1.69,3.75,5.10,Wygrali gospodarze
218,30 Wrz 2018,15:30,18/19,Zagłębie Sosnowiec,1,1,Cracovia,2.63,3.20,2.77,Remis
219,29 Wrz 2018,20:30,18/19,Wisła Kraków,0,1,Korona Kielce,2.40,3.33,3.00,Wygrali goście
220,29 Wrz 2018,18:00,18/19,Zagłębie Lubin,0,2,Pogoń Szczecin,2.38,3.25,3.13,Wygrali goście
221,29 Wrz 2018,15:30,18/19,Piast Gliwice,1,0,Górnik Zabrze,1.89,3.50,4.25,Wygrali gospodarze
222,28 Wrz 2018,20:30,18/19,Legia Warszawa,1,1,Arka Gdynia,1.58,4.10,5.70,Remis
223,28 Wrz 2018,18:00,18/19,Wisła Płock,1,0,Lechia Gdańsk,2.35,3.25,3.10,Wygrali gospodarze
224,24 Wrz 2018,18:00,18/19,Korona Kielce,3,1,Zagłębie Sosnowiec,1.92,3.53,3.98,Wygrali gospodarze
225,23 Wrz 2018,18:00,18/19,Górnik Zabrze,1,3,Jagiellonia Białystok,3.45,3.45,2.12,Wygrali goście
226,23 Wrz 2018,15:30,18/19,Śląsk Wrocław,4,1,Piast Gliwice,2.30,3.33,3.15,Wygrali gospodarze
227,22 Wrz 2018,20:30,18/19,Miedź Legnica,1,4,Legia Warszawa,2.93,3.28,2.45,Wygrali goście
228,22 Wrz 2018,18:00,18/19,Lechia Gdańsk,3,3,Zagłębie Lubin,2.30,3.18,3.30,Remis
229,22 Wrz 2018,15:30,18/19,Cracovia,3,1,Wisła Płock,2.45,3.23,2.98,Wygrali gospodarze
230,21 Wrz 2018,20:30,18/19,Arka Gdynia,1,0,Lech Poznań,3.15,3.28,2.33,Wygrali gospodarze
231,21 Wrz 2018,18:00,18/19,Pogoń Szczecin,2,1,Wisła Kraków,2.69,3.33,2.63,Wygrali gospodarze
232,17 Wrz 2018,18:00,18/19,Zagłębie Sosnowiec,1,1,Górnik Zabrze,2.27,3.40,3.10,Remis
233,16 Wrz 2018,18:00,18/19,Legia Warszawa,1,0,Lech Poznań,2.45,3.25,2.97,Wygrali gospodarze
234,16 Wrz 2018,15:30,18/19,Pogoń Szczecin,1,1,Korona Kielce,2.29,3.20,3.23,Remis
235,15 Wrz 2018,20:30,18/19,Wisła Kraków,5,2,Lechia Gdańsk,2.14,3.38,3.43,Wygrali gospodarze
236,15 Wrz 2018,18:00,18/19,Piast Gliwice,1,0,Arka Gdynia,2.05,3.38,3.70,Wygrali gospodarze
237,15 Wrz 2018,15:30,18/19,Wisła Płock,2,2,Miedź Legnica,2.23,3.33,3.23,Remis
238,14 Wrz 2018,20:30,18/19,Jagiellonia Białystok,3,1,Cracovia,1.90,3.47,4.13,Wygrali gospodarze
239,14 Wrz 2018,18:00,18/19,Zagłębie Lubin,4,0,Śląsk Wrocław,2.43,3.23,2.98,Wygrali gospodarze
240,02 Wrz 2018,18:00,18/19,Cracovia,0,0,Legia Warszawa,3.08,3.13,2.43,Remis
241,02 Wrz 2018,15:30,18/19,Miedź Legnica,2,0,Zagłębie Lubin,2.60,3.15,2.79,Wygrali gospodarze
242,02 Wrz 2018,15:30,18/19,Wisła Płock,1,1,Jagiellonia Białystok,2.48,3.25,2.88,Remis
243,01 Wrz 2018,20:30,18/19,Lech Poznań,1,1,Piast Gliwice,1.81,3.55,4.50,Remis
244,01 Wrz 2018,18:00,18/19,Śląsk Wrocław,0,1,Wisła Kraków,2.45,3.33,2.85,Wygrali goście
245,01 Wrz 2018,15:30,18/19,Arka Gdynia,2,2,Zagłębie Sosnowiec,2.23,3.38,3.13,Remis
246,31 Sie 2018,20:30,18/19,Lechia Gdańsk,2,0,Korona Kielce,2.30,3.20,3.15,Wygrali gospodarze
247,31 Sie 2018,18:00,18/19,Górnik Zabrze,1,1,Pogoń Szczecin,2.93,3.28,2.43,Remis
248,27 Sie 2018,18:00,18/19,Zagłębie Sosnowiec,3,3,Śląsk Wrocław,2.94,3.25,2.40,Remis
249,26 Sie 2018,18:00,18/19,Zagłębie Lubin,2,1,Lech Poznań,2.83,3.18,2.55,Wygrali gospodarze
250,26 Sie 2018,15:30,18/19,Jagiellonia Białystok,2,3,Miedź Legnica,1.88,3.50,4.23,Wygrali goście
251,26 Sie 2018,15:30,18/19,Legia Warszawa,1,4,Wisła Płock,1.84,3.58,4.28,Wygrali goście
252,25 Sie 2018,20:30,18/19,Wisła Kraków,3,0,Górnik Zabrze,1.81,3.80,4.10,Wygrali gospodarze
253,25 Sie 2018,18:00,18/19,Pogoń Szczecin,2,3,Lechia Gdańsk,2.24,3.35,3.20,Wygrali goście
254,24 Sie 2018,20:30,18/19,Korona Kielce,2,1,Arka Gdynia,2.13,3.40,3.38,Wygrali gospodarze
255,24 Sie 2018,18:00,18/19,Piast Gliwice,3,1,Cracovia,2.18,3.40,3.25,Wygrali gospodarze
256,20 Sie 2018,18:00,18/19,Śląsk Wrocław,0,0,Pogoń Szczecin,2.30,3.25,3.23,Remis
257,19 Sie 2018,18:00,18/19,Jagiellonia Białystok,2,1,Piast Gliwice,2.04,3.28,3.75,Wygrali gospodarze
258,19 Sie 2018,18:00,18/19,Lech Poznań,2,5,Wisła Kraków,1.81,3.43,4.58,Wygrali goście
259,19 Sie 2018,15:30,18/19,Legia Warszawa,2,1,Zagłębie Sosnowiec,1.45,4.40,7.20,Wygrali gospodarze
260,18 Sie 2018,20:30,18/19,Górnik Zabrze,0,2,Lechia Gdańsk,2.50,3.22,2.84,Wygrali goście
261,18 Sie 2018,18:00,18/19,Wisła Płock,1,3,Arka Gdynia,1.94,3.38,3.85,Wygrali goście
262,17 Sie 2018,20:30,18/19,Miedź Legnica,1,1,Korona Kielce,2.35,3.28,2.98,Remis
263,17 Sie 2018,18:00,18/19,Cracovia,0,1,Zagłębie Lubin,2.72,3.10,2.68,Wygrali goście
264,13 Sie 2018,18:00,18/19,Korona Kielce,2,1,Śląsk Wrocław,2.12,3.33,3.50,Wygrali gospodarze
265,12 Sie 2018,18:00,18/19,Lech Poznań,4,0,Zagłębie Sosnowiec,1.55,4.03,6.45,Wygrali gospodarze
266,12 Sie 2018,18:00,18/19,Zagłębie Lubin,0,2,Jagiellonia Białystok,2.34,3.25,3.08,Wygrali goście
267,12 Sie 2018,15:30,18/19,Piast Gliwice,1,3,Legia Warszawa,2.64,3.25,2.71,Wygrali goście
268,11 Sie 2018,20:30,18/19,Arka Gdynia,1,1,Górnik Zabrze,2.11,3.35,3.50,Remis
269,11 Sie 2018,18:00,18/19,Pogoń Szczecin,1,1,Cracovia,1.82,3.53,4.45,Remis
270,10 Sie 2018,20:30,18/19,Wisła Kraków,1,1,Wisła Płock,2.55,3.33,2.73,Remis
271,10 Sie 2018,18:00,18/19,Lechia Gdańsk,2,0,Miedź Legnica,2.20,3.25,3.35,Wygrali gospodarze
272,06 Sie 2018,18:00,18/19,Cracovia,0,0,Arka Gdynia,2.11,3.35,3.38,Remis
273,05 Sie 2018,18:00,18/19,Jagiellonia Białystok,1,0,Wisła Kraków,2.14,3.30,3.35,Wygrali gospodarze
274,05 Sie 2018,18:00,18/19,Miedź Legnica,1,3,Górnik Zabrze,1.93,3.55,3.88,Wygrali goście
275,05 Sie 2018,15:30,18/19,Śląsk Wrocław,0,1,Lech Poznań,2.95,3.20,2.44,Wygrali goście
276,04 Sie 2018,20:30,18/19,Legia Warszawa,0,0,Lechia Gdańsk,1.64,3.85,5.35,Remis
277,04 Sie 2018,18:00,18/19,Piast Gliwice,2,1,Zagłębie Lubin,2.45,3.20,2.94,Wygrali gospodarze
278,03 Sie 2018,20:30,18/19,Zagłębie Sosnowiec,3,0,Pogoń Szczecin,3.25,3.25,2.23,Wygrali gospodarze
279,03 Sie 2018,18:00,18/19,Wisła Płock,1,2,Korona Kielce,2.05,3.38,3.63,Wygrali goście
280,30 Lip 2018,18:00,18/19,Pogoń Szczecin,0,2,Piast Gliwice,2.16,3.25,3.43,Wygrali goście
281,29 Lip 2018,18:00,18/19,Arka Gdynia,0,2,Jagiellonia Białystok,2.79,3.20,2.58,Wygrali goście
282,29 Lip 2018,18:00,18/19,Lech Poznań,2,0,Cracovia,1.59,3.90,5.75,Wygrali gospodarze
283,29 Lip 2018,15:30,18/19,Górnik Zabrze,1,1,Wisła Płock,3.15,3.28,2.28,Remis
284,28 Lip 2018,20:30,18/19,Korona Kielce,1,2,Legia Warszawa,2.98,3.25,2.41,Wygrali goście
285,28 Lip 2018,18:00,18/19,Zagłębie Lubin,2,1,Zagłębie Sosnowiec,1.64,3.73,5.60,Wygrali gospodarze
286,27 Lip 2018,20:30,18/19,Wisła Kraków,2,1,Miedź Legnica,2.28,3.23,3.15,Wygrali gospodarze
287,27 Lip 2018,18:00,18/19,Lechia Gdańsk,1,1,Śląsk Wrocław,2.24,3.33,3.18,Remis
288,23 Lip 2018,18:00,18/19,Zagłębie Sosnowiec,1,2,Piast Gliwice,2.47,3.05,2.81,Wygrali goście
289,22 Lip 2018,18:00,18/19,Wisła Płock,1,2,Lech Poznań,2.90,3.20,2.50,Wygrali goście
290,22 Lip 2018,15:30,18/19,Górnik Zabrze,1,1,Korona Kielce,2.96,3.18,2.50,Remis
291,21 Lip 2018,20:30,18/19,Legia Warszawa,1,3,Zagłębie Lubin,1.70,3.60,5.40,Wygrali goście
292,21 Lip 2018,18:00,18/19,Wisła Kraków,0,0,Arka Gdynia,2.35,3.15,3.00,Remis
293,21 Lip 2018,15:30,18/19,Śląsk Wrocław,3,1,Cracovia,2.30,3.20,3.20,Wygrali gospodarze
294,20 Lip 2018,20:30,18/19,Jagiellonia Białystok,0,1,Lechia Gdańsk,1.80,3.55,4.40,Wygrali goście
295,20 Lip 2018,18:00,18/19,Miedź Legnica,1,0,Pogoń Szczecin,2.96,2.90,2.70,Wygrali gospodarze
