﻿,Data,Godzina,Sezon,Gospodarze,Gole_gospodarze,Gole_goście,Goście,Oddsy_gospodarze,Oddsy_remis,Oddsy_goście,Kto_wygrał
0,15 Maj 2016 - Grupa mistrzowska,18:00,15/16,Cracovia,2,0,Lechia Gdańsk,2.79,3.00,2.48,Wygrali gospodarze
1,15 Maj 2016 - Grupa mistrzowska,18:00,15/16,Lech Poznań,3,0,Ruch Chorzów,1.63,3.50,5.05,Wygrali gospodarze
2,15 Maj 2016 - Grupa mistrzowska,18:00,15/16,Legia Warszawa,3,0,Pogoń Szczecin,1.23,5.53,10.75,Wygrali gospodarze
3,15 Maj 2016 - Grupa mistrzowska,18:00,15/16,Piast Gliwice,0,1,Zagłębie Lubin,2.18,3.18,3.10,Wygrali goście
4,14 Maj 2016,15:30,15/16,Korona Kielce,1,3,Jagiellonia Białystok,2.33,3.15,2.86,Wygrali goście
5,14 Maj 2016,15:30,15/16,Bruk-Bet T.,1,1,Górnik Zabrze,2.94,3.30,2.20,Remis
6,14 Maj 2016,15:30,15/16,Podbeskidzie B-B,3,4,Wisła Kraków,3.75,3.30,1.90,Wygrali goście
7,14 Maj 2016,15:30,15/16,Śląsk Wrocław,3,2,Górnik Łęczna,2.28,3.00,3.03,Wygrali gospodarze
8,11 Maj 2016,20:30,15/16,Lechia Gdańsk,2,0,Legia Warszawa,2.87,3.10,2.35,Wygrali gospodarze
9,11 Maj 2016,20:30,15/16,Pogoń Szczecin,3,2,Cracovia,2.66,3.15,2.47,Wygrali gospodarze
10,11 Maj 2016,20:30,15/16,Ruch Chorzów,0,3,Piast Gliwice,3.76,3.35,1.88,Wygrali goście
11,11 Maj 2016,20:30,15/16,Zagłębie Lubin,3,0,Lech Poznań,1.80,3.33,4.14,Wygrali gospodarze
12,10 Maj 2016,20:30,15/16,Górnik Łęczna,5,1,Podbeskidzie B-B,2.25,3.15,3.00,Wygrali gospodarze
13,10 Maj 2016,20:30,15/16,Górnik Zabrze,0,0,Korona Kielce,1.71,3.40,4.61,Remis
14,10 Maj 2016,20:30,15/16,Jagiellonia Białystok,0,1,Bruk-Bet T.,2.10,3.18,3.33,Wygrali goście
15,10 Maj 2016,20:30,15/16,Wisła Kraków,1,1,Śląsk Wrocław,2.03,3.13,3.52,Remis
16,08 Maj 2016,18:00,15/16,Legia Warszawa,4,0,Piast Gliwice,1.58,3.68,5.21,Wygrali gospodarze
17,08 Maj 2016,15:30,15/16,Cracovia,2,0,Lech Poznań,2.55,3.05,2.65,Wygrali gospodarze
18,08 Maj 2016,15:30,15/16,Pogoń Szczecin,1,3,Zagłębie Lubin,2.70,2.97,2.55,Wygrali goście
19,07 Maj 2016,20:30,15/16,Lechia Gdańsk,2,1,Ruch Chorzów,1.40,4.15,7.56,Wygrali gospodarze
20,07 Maj 2016,18:00,15/16,Górnik Łęczna,0,0,Górnik Zabrze,2.35,3.15,2.83,Remis
21,07 Maj 2016,15:30,15/16,Śląsk Wrocław,2,1,Bruk-Bet T.,1.90,3.20,3.86,Wygrali gospodarze
22,06 Maj 2016,20:30,15/16,Wisła Kraków,1,0,Jagiellonia Białystok,1.83,3.28,4.08,Wygrali gospodarze
23,06 Maj 2016,18:00,15/16,Podbeskidzie B-B,1,1,Korona Kielce,2.43,3.05,2.83,Remis
24,01 Maj 2016,18:00,15/16,Piast Gliwice,2,1,Pogoń Szczecin,1.97,3.13,3.67,Wygrali gospodarze
25,01 Maj 2016,15:30,15/16,Jagiellonia Białystok,3,2,Podbeskidzie B-B,1.95,3.20,3.66,Wygrali gospodarze
26,30 Kwi 2016,20:30,15/16,Korona Kielce,3,2,Wisła Kraków,2.75,3.10,2.43,Wygrali gospodarze
27,30 Kwi 2016,18:00,15/16,Bruk-Bet T.,0,2,Górnik Łęczna,2.10,3.10,3.33,Wygrali goście
28,29 Kwi 2016,20:30,15/16,Ruch Chorzów,0,1,Cracovia,2.85,3.13,2.35,Wygrali goście
29,29 Kwi 2016,18:00,15/16,Górnik Zabrze,2,1,Śląsk Wrocław,2.64,3.10,2.60,Wygrali gospodarze
30,28 Kwi 2016,18:00,15/16,Lech Poznań,0,0,Lechia Gdańsk,2.53,3.10,2.64,Remis
31,28 Kwi 2016,18:00,15/16,Zagłębie Lubin,2,0,Legia Warszawa,3.50,3.20,2.00,Wygrali gospodarze
32,25 Kwi 2016,18:00,15/16,Wisła Kraków,2,2,Bruk-Bet T.,1.66,3.48,4.81,Remis
33,24 Kwi 2016,18:00,15/16,Piast Gliwice,3,0,Lechia Gdańsk,2.75,3.10,2.43,Wygrali gospodarze
34,24 Kwi 2016,15:30,15/16,Jagiellonia Białystok,0,0,Górnik Zabrze,1.85,3.30,3.94,Remis
35,23 Kwi 2016,20:30,15/16,Pogoń Szczecin,1,0,Lech Poznań,2.77,3.00,2.48,Wygrali gospodarze
36,23 Kwi 2016,18:00,15/16,Podbeskidzie B-B,1,2,Śląsk Wrocław,2.72,2.97,2.55,Wygrali goście
37,23 Kwi 2016,15:30,15/16,Korona Kielce,1,1,Górnik Łęczna,2.13,3.05,3.34,Remis
38,22 Kwi 2016,20:30,15/16,Legia Warszawa,4,0,Cracovia,1.56,3.63,5.53,Wygrali gospodarze
39,22 Kwi 2016,18:00,15/16,Zagłębie Lubin,4,1,Ruch Chorzów,1.78,3.33,4.29,Wygrali gospodarze
40,20 Kwi 2016,20:30,15/16,Górnik Zabrze,1,0,Podbeskidzie B-B,2.48,3.00,2.76,Wygrali gospodarze
41,20 Kwi 2016,20:30,15/16,Śląsk Wrocław,3,1,Jagiellonia Białystok,2.13,3.10,3.28,Wygrali gospodarze
42,20 Kwi 2016,18:00,15/16,Górnik Łęczna,0,3,Wisła Kraków,2.99,3.05,2.30,Wygrali goście
43,20 Kwi 2016,18:00,15/16,Bruk-Bet T.,0,0,Korona Kielce,2.23,3.10,3.08,Remis
44,19 Kwi 2016,20:30,15/16,Lechia Gdańsk,2,0,Pogoń Szczecin,1.73,3.40,4.48,Wygrali gospodarze
45,19 Kwi 2016,20:30,15/16,Ruch Chorzów,0,0,Legia Warszawa,4.87,3.45,1.65,Remis
46,19 Kwi 2016,18:00,15/16,Cracovia,1,0,Zagłębie Lubin,2.50,3.00,2.74,Wygrali gospodarze
47,19 Kwi 2016,18:00,15/16,Lech Poznań,2,2,Piast Gliwice,1.85,3.30,3.94,Remis
48,17 Kwi 2016,18:00,15/16,Wisła Kraków,3,1,Górnik Zabrze,1.59,3.68,5.11,Wygrali gospodarze
49,17 Kwi 2016,15:30,15/16,Jagiellonia Białystok,2,0,Górnik Łęczna,2.13,3.10,3.28,Wygrali gospodarze
50,17 Kwi 2016 - Grupa spadkowa,15:30,15/16,Podbeskidzie B-B,0,1,Bruk-Bet T.,2.30,3.10,2.93,Wygrali goście
51,16 Kwi 2016,20:30,15/16,Piast Gliwice,1,1,Cracovia,2.35,3.05,2.91,Remis
52,16 Kwi 2016,18:00,15/16,Zagłębie Lubin,1,2,Lechia Gdańsk,2.38,3.05,2.87,Wygrali goście
53,16 Kwi 2016,15:30,15/16,Korona Kielce,1,1,Śląsk Wrocław,2.58,2.97,2.69,Remis
54,15 Kwi 2016,20:30,15/16,Legia Warszawa,1,0,Lech Poznań,1.70,3.40,4.62,Wygrali gospodarze
55,15 Kwi 2016,18:00,15/16,Pogoń Szczecin,1,1,Ruch Chorzów,2.03,3.15,3.48,Remis
56,09 Kwi 2016,18:00,15/16,Górnik Łęczna,0,1,Lech Poznań,2.70,3.05,2.51,Wygrali goście
57,09 Kwi 2016,18:00,15/16,Korona Kielce,2,1,Górnik Zabrze,2.13,3.10,3.29,Wygrali gospodarze
58,09 Kwi 2016,18:00,15/16,Lechia Gdańsk,2,0,Ruch Chorzów,1.51,3.70,6.21,Wygrali gospodarze
59,09 Kwi 2016,18:00,15/16,Piast Gliwice,2,0,Jagiellonia Białystok,2.13,3.10,3.33,Wygrali gospodarze
60,09 Kwi 2016,18:00,15/16,Podbeskidzie B-B,2,0,Bruk-Bet T.,2.31,3.05,2.98,Wygrali gospodarze
61,09 Kwi 2016,18:00,15/16,Pogoń Szczecin,0,0,Legia Warszawa,3.98,3.30,1.84,Remis
62,09 Kwi 2016,18:00,15/16,Śląsk Wrocław,2,1,Cracovia,2.40,3.05,2.83,Wygrali gospodarze
63,09 Kwi 2016,18:00,15/16,Wisła Kraków,1,1,Zagłębie Lubin,1.95,3.20,3.65,Remis
64,04 Kwi 2016,18:00,15/16,Jagiellonia Białystok,0,3,Podbeskidzie B-B,2.09,3.13,3.34,Wygrali goście
65,03 Kwi 2016,18:00,15/16,Ruch Chorzów,2,3,Wisła Kraków,2.91,3.05,2.35,Wygrali goście
66,03 Kwi 2016,15:30,15/16,Zagłębie Lubin,4,1,Piast Gliwice,2.04,3.15,3.45,Wygrali gospodarze
67,02 Kwi 2016,20:30,15/16,Legia Warszawa,1,1,Lechia Gdańsk,1.64,3.50,4.98,Remis
68,02 Kwi 2016,18:00,15/16,Cracovia,0,0,Górnik Łęczna,1.80,3.35,4.12,Remis
69,02 Kwi 2016,15:30,15/16,Bruk-Bet T.,0,1,Korona Kielce,2.13,3.13,3.28,Wygrali goście
70,01 Kwi 2016,20:30,15/16,Lech Poznań,0,1,Śląsk Wrocław,1.73,3.40,4.54,Wygrali goście
71,01 Kwi 2016,18:00,15/16,Górnik Zabrze,1,1,Pogoń Szczecin,2.63,3.05,2.58,Remis
72,20 Mar 2016,18:00,15/16,Pogoń Szczecin,2,2,Cracovia,2.53,3.05,2.68,Remis
73,20 Mar 2016,15:30,15/16,Górnik Łęczna,0,2,Zagłębie Lubin,2.80,3.05,2.43,Wygrali goście
74,20 Mar 2016,15:30,15/16,Lechia Gdańsk,1,1,Bruk-Bet T.,1.67,3.45,4.73,Remis
75,19 Mar 2016,20:30,15/16,Lech Poznań,0,2,Legia Warszawa,3.00,3.15,2.25,Wygrali goście
76,19 Mar 2016,18:00,15/16,Śląsk Wrocław,0,0,Ruch Chorzów,2.15,3.10,3.23,Remis
77,19 Mar 2016,15:30,15/16,Podbeskidzie B-B,0,0,Górnik Zabrze,2.18,3.10,3.17,Remis
78,18 Mar 2016,20:30,15/16,Wisła Kraków,5,1,Jagiellonia Białystok,2.13,3.10,3.32,Wygrali gospodarze
79,18 Mar 2016,18:00,15/16,Korona Kielce,1,1,Piast Gliwice,2.67,3.05,2.54,Remis
80,14 Mar 2016,18:00,15/16,Bruk-Bet T.,2,4,Wisła Kraków,2.43,3.05,2.79,Wygrali goście
81,13 Mar 2016,18:00,15/16,Górnik Zabrze,1,1,Lechia Gdańsk,3.39,3.10,2.10,Remis
82,13 Mar 2016,15:30,15/16,Zagłębie Lubin,1,1,Pogoń Szczecin,1.97,3.18,3.61,Remis
83,12 Mar 2016,20:30,15/16,Ruch Chorzów,1,3,Lech Poznań,3.26,3.15,2.13,Wygrali goście
84,12 Mar 2016,18:00,15/16,Cracovia,1,2,Legia Warszawa,3.32,3.10,2.13,Wygrali goście
85,12 Mar 2016,15:30,15/16,Jagiellonia Białystok,1,0,Górnik Łęczna,2.20,3.10,3.12,Wygrali gospodarze
86,11 Mar 2016,20:30,15/16,Piast Gliwice,3,2,Podbeskidzie B-B,2.00,3.18,3.53,Wygrali gospodarze
87,11 Mar 2016,18:00,15/16,Korona Kielce,2,2,Śląsk Wrocław,2.51,3.05,2.71,Remis
88,08 Mar 2016,18:00,15/16,Korona Kielce,1,1,Wisła Kraków,2.63,3.05,2.58,Remis
89,08 Mar 2016,18:00,15/16,Piast Gliwice,1,0,Śląsk Wrocław,2.03,3.15,3.48,Wygrali gospodarze
90,07 Mar 2016,18:00,15/16,Pogoń Szczecin,2,3,Ruch Chorzów,2.10,3.08,3.36,Wygrali goście
91,06 Mar 2016,18:00,15/16,Lech Poznań,2,1,Cracovia,2.08,3.18,3.33,Wygrali gospodarze
92,06 Mar 2016,15:30,15/16,Lechia Gdańsk,5,1,Jagiellonia Białystok,1.85,3.30,3.94,Wygrali gospodarze
93,05 Mar 2016,20:30,15/16,Legia Warszawa,3,1,Górnik Zabrze,1.25,5.10,12.05,Wygrali gospodarze
94,05 Mar 2016,18:00,15/16,Śląsk Wrocław,0,2,Zagłębie Lubin,2.53,3.05,2.68,Wygrali goście
95,05 Mar 2016,15:30,15/16,Górnik Łęczna,1,2,Bruk-Bet T.,2.35,3.05,2.90,Wygrali goście
96,04 Mar 2016,20:30,15/16,Wisła Kraków,1,1,Piast Gliwice,2.55,3.05,2.65,Remis
97,04 Mar 2016,18:00,15/16,Podbeskidzie B-B,1,1,Korona Kielce,2.33,3.05,2.94,Remis
98,02 Mar 2016,20:30,15/16,Górnik Zabrze,0,2,Lech Poznań,3.29,3.15,2.10,Wygrali goście
99,02 Mar 2016,20:30,15/16,Jagiellonia Białystok,0,0,Pogoń Szczecin,2.38,3.05,2.86,Remis
100,02 Mar 2016,18:00,15/16,Bruk-Bet T.,3,0,Legia Warszawa,4.71,3.43,1.70,Wygrali gospodarze
101,02 Mar 2016,18:00,15/16,Ruch Chorzów,2,3,Cracovia,2.90,3.13,2.33,Wygrali goście
102,01 Mar 2016,20:30,15/16,Zagłębie Lubin,1,0,Lechia Gdańsk,2.50,3.05,2.70,Wygrali gospodarze
103,01 Mar 2016,18:00,15/16,Podbeskidzie B-B,2,0,Górnik Łęczna,2.50,3.05,2.70,Wygrali gospodarze
104,28 Lut 2016,18:00,15/16,Legia Warszawa,2,0,Ruch Chorzów,1.30,4.95,8.56,Wygrali gospodarze
105,28 Lut 2016,15:30,15/16,Lech Poznań,0,2,Jagiellonia Białystok,1.72,3.35,4.58,Wygrali goście
106,28 Lut 2016,15:30,15/16,Pogoń Szczecin,1,1,Bruk-Bet T.,2.08,3.13,3.38,Remis
107,27 Lut 2016,20:30,15/16,Wisła Kraków,1,2,Podbeskidzie B-B,2.15,3.10,3.24,Wygrali goście
108,27 Lut 2016,18:00,15/16,Lechia Gdańsk,3,1,Piast Gliwice,2.13,3.15,3.24,Wygrali gospodarze
109,27 Lut 2016,15:30,15/16,Górnik Łęczna,3,2,Korona Kielce,2.35,3.05,2.90,Wygrali gospodarze
110,26 Lut 2016,20:30,15/16,Cracovia,1,2,Zagłębie Lubin,2.23,3.08,3.10,Wygrali goście
111,26 Lut 2016,18:00,15/16,Śląsk Wrocław,0,0,Górnik Zabrze,1.95,3.20,3.68,Remis
112,22 Lut 2016,18:00,15/16,Wisła Kraków,1,1,Górnik Łęczna,2.05,3.13,3.44,Remis
113,21 Lut 2016,18:00,15/16,Górnik Zabrze,0,2,Ruch Chorzów,2.18,3.13,3.20,Wygrali goście
114,21 Lut 2016,15:30,15/16,Zagłębie Lubin,1,2,Legia Warszawa,3.90,3.23,1.90,Wygrali goście
115,20 Lut 2016,18:00,15/16,Bruk-Bet T.,1,1,Cracovia,2.80,3.10,2.40,Remis
116,20 Lut 2016,18:00,15/16,Podbeskidzie B-B,4,1,Lech Poznań,4.39,3.40,1.73,Wygrali gospodarze
117,20 Lut 2016,15:30,15/16,Korona Kielce,4,2,Lechia Gdańsk,3.22,3.10,2.15,Wygrali gospodarze
118,19 Lut 2016,20:30,15/16,Piast Gliwice,0,0,Pogoń Szczecin,2.25,3.10,3.03,Remis
119,19 Lut 2016,18:00,15/16,Jagiellonia Białystok,2,1,Śląsk Wrocław,2.28,3.10,3.00,Wygrali gospodarze
120,15 Lut 2016,18:00,15/16,Pogoń Szczecin,3,2,Korona Kielce,1.85,3.23,4.04,Wygrali gospodarze
121,14 Lut 2016,18:00,15/16,Legia Warszawa,4,0,Jagiellonia Białystok,1.51,3.78,6.06,Wygrali gospodarze
122,14 Lut 2016,15:30,15/16,Lech Poznań,5,2,Bruk-Bet T.,1.51,3.80,5.97,Wygrali gospodarze
123,13 Lut 2016,18:00,15/16,Cracovia,3,0,Górnik Zabrze,1.82,3.30,4.08,Wygrali gospodarze
124,13 Lut 2016,18:00,15/16,Lechia Gdańsk,5,0,Podbeskidzie B-B,1.63,3.55,5.10,Wygrali gospodarze
125,13 Lut 2016,15:30,15/16,Górnik Łęczna,0,0,Piast Gliwice,2.72,3.08,2.48,Remis
126,12 Lut 2016,20:30,15/16,Śląsk Wrocław,1,0,Wisła Kraków,2.30,3.05,2.98,Wygrali gospodarze
127,12 Lut 2016,18:00,15/16,Ruch Chorzów,0,0,Zagłębie Lubin,2.58,3.05,2.65,Remis
128,21 Gru 2015,18:00,15/16,Podbeskidzie B-B,0,1,Śląsk Wrocław,2.59,3.03,2.62,Wygrali goście
129,20 Gru 2015,18:00,15/16,Piast Gliwice,2,0,Lech Poznań,2.83,3.10,2.38,Wygrali gospodarze
130,20 Gru 2015,15:30,15/16,Korona Kielce,1,3,Legia Warszawa,5.10,3.48,1.63,Wygrali goście
131,19 Gru 2015,18:00,15/16,Górnik Łęczna,3,1,Lechia Gdańsk,2.87,3.10,2.35,Wygrali gospodarze
132,19 Gru 2015,18:00,15/16,Jagiellonia Białystok,2,2,Cracovia,2.65,3.05,2.55,Remis
133,19 Gru 2015,15:30,15/16,Bruk-Bet T.,0,1,Ruch Chorzów,2.14,3.18,3.18,Wygrali goście
134,18 Gru 2015,20:30,15/16,Wisła Kraków,0,1,Pogoń Szczecin,2.25,3.10,3.07,Wygrali goście
135,18 Gru 2015,18:00,15/16,Zagłębie Lubin,2,4,Górnik Zabrze,1.90,3.23,3.83,Wygrali goście
136,16 Gru 2015,18:00,15/16,Bruk-Bet T.,2,0,Jagiellonia Białystok,2.53,3.10,2.64,Wygrali gospodarze
137,14 Gru 2015,18:00,15/16,Cracovia,2,2,Korona Kielce,1.63,3.50,5.20,Remis
138,13 Gru 2015,18:00,15/16,Legia Warszawa,1,1,Piast Gliwice,1.69,3.48,4.61,Remis
139,13 Gru 2015,15:30,15/16,Lech Poznań,2,0,Zagłębie Lubin,1.85,3.30,4.02,Wygrali gospodarze
140,12 Gru 2015,18:00,15/16,Górnik Zabrze,0,0,Bruk-Bet T.,2.10,3.18,3.28,Remis
141,12 Gru 2015,18:00,15/16,Lechia Gdańsk,2,0,Wisła Kraków,2.08,3.15,3.35,Wygrali gospodarze
142,12 Gru 2015,15:30,15/16,Pogoń Szczecin,2,0,Podbeskidzie B-B,1.80,3.30,4.17,Wygrali gospodarze
143,11 Gru 2015,20:30,15/16,Ruch Chorzów,0,4,Jagiellonia Białystok,2.56,3.05,2.65,Wygrali goście
144,11 Gru 2015,18:00,15/16,Śląsk Wrocław,2,1,Górnik Łęczna,2.03,3.18,3.46,Wygrali gospodarze
145,07 Gru 2015,18:00,15/16,Górnik Łęczna,2,3,Pogoń Szczecin,2.47,3.03,2.75,Wygrali goście
146,06 Gru 2015,18:00,15/16,Wisła Kraków,0,2,Legia Warszawa,3.35,3.20,2.05,Wygrali goście
147,06 Gru 2015,15:30,15/16,Lechia Gdańsk,1,0,Śląsk Wrocław,2.05,3.10,3.46,Wygrali gospodarze
148,05 Gru 2015,18:00,15/16,Piast Gliwice,2,2,Cracovia,2.34,3.13,2.86,Remis
149,05 Gru 2015,18:00,15/16,Podbeskidzie B-B,1,1,Ruch Chorzów,2.50,3.05,2.70,Remis
150,05 Gru 2015,15:30,15/16,Korona Kielce,0,1,Lech Poznań,4.18,3.28,1.81,Wygrali goście
151,04 Gru 2015,20:30,15/16,Jagiellonia Białystok,2,3,Górnik Zabrze,2.05,3.15,3.40,Wygrali goście
152,04 Gru 2015,18:00,15/16,Zagłębie Lubin,2,0,Bruk-Bet T.,1.90,3.22,3.83,Wygrali gospodarze
153,02 Gru 2015,20:30,15/16,Cracovia,4,1,Podbeskidzie B-B,1.66,3.43,5.11,Wygrali gospodarze
154,02 Gru 2015,20:30,15/16,Lech Poznań,2,0,Wisła Kraków,1.89,3.20,3.97,Wygrali gospodarze
155,02 Gru 2015,18:00,15/16,Legia Warszawa,2,1,Górnik Łęczna,1.37,4.25,8.03,Wygrali gospodarze
156,02 Gru 2015,18:00,15/16,Pogoń Szczecin,1,0,Lechia Gdańsk,2.65,3.05,2.55,Wygrali gospodarze
157,01 Gru 2015,20:30,15/16,Górnik Zabrze,5,2,Piast Gliwice,2.87,3.10,2.35,Wygrali gospodarze
158,01 Gru 2015,20:30,15/16,Zagłębie Lubin,0,2,Jagiellonia Białystok,2.03,3.13,3.51,Wygrali goście
159,01 Gru 2015,18:00,15/16,Bruk-Bet T.,1,1,Śląsk Wrocław,2.50,3.05,2.70,Remis
160,01 Gru 2015,18:00,15/16,Ruch Chorzów,2,1,Korona Kielce,2.33,3.05,2.93,Wygrali gospodarze
161,29 Lis 2015,18:00,15/16,Wisła Kraków,1,2,Cracovia,2.18,3.13,3.15,Wygrali goście
162,29 Lis 2015,15:30,15/16,Lechia Gdańsk,0,1,Lech Poznań,2.65,3.05,2.58,Wygrali goście
163,29 Lis 2015,15:30,15/16,Podbeskidzie B-B,2,2,Legia Warszawa,4.65,3.45,1.70,Remis
164,28 Lis 2015,20:30,15/16,Śląsk Wrocław,0,0,Pogoń Szczecin,2.21,3.10,3.15,Remis
165,28 Lis 2015,15:30,15/16,Górnik Zabrze,1,1,Górnik Łęczna,2.30,3.08,3.02,Remis
166,27 Lis 2015,20:30,15/16,Piast Gliwice,3,0,Ruch Chorzów,1.84,3.35,3.99,Wygrali gospodarze
167,27 Lis 2015,18:00,15/16,Korona Kielce,0,2,Zagłębie Lubin,2.72,3.00,2.61,Wygrali goście
168,23 Lis 2015,18:00,15/16,Cracovia,3,0,Lechia Gdańsk,2.43,3.05,2.80,Wygrali gospodarze
169,22 Lis 2015,18:00,15/16,Pogoń Szczecin,0,2,Lech Poznań,2.95,3.05,2.33,Wygrali goście
170,22 Lis 2015,15:30,15/16,Podbeskidzie B-B,1,2,Zagłębie Lubin,2.68,3.03,2.55,Wygrali goście
171,21 Lis 2015,18:00,15/16,Górnik Łęczna,0,3,Ruch Chorzów,2.09,3.15,3.39,Wygrali goście
172,21 Lis 2015,18:00,15/16,Legia Warszawa,1,0,Śląsk Wrocław,1.55,3.73,5.63,Wygrali gospodarze
173,21 Lis 2015,15:30,15/16,Jagiellonia Białystok,1,0,Korona Kielce,2.14,3.10,3.27,Wygrali gospodarze
174,20 Lis 2015,20:30,15/16,Górnik Zabrze,1,1,Wisła Kraków,2.95,3.05,2.33,Remis
175,20 Lis 2015,18:00,15/16,Bruk-Bet T.,3,5,Piast Gliwice,2.79,3.05,2.43,Wygrali goście
176,08 Lis 2015,18:00,15/16,Legia Warszawa,1,0,Pogoń Szczecin,1.55,3.68,5.69,Wygrali gospodarze
177,08 Lis 2015,15:30,15/16,Górnik Zabrze,0,1,Korona Kielce,2.08,3.15,3.34,Wygrali goście
178,08 Lis 2015,15:30,15/16,Lech Poznań,3,1,Górnik Łęczna,1.40,4.05,8.22,Wygrali gospodarze
179,07 Lis 2015,20:30,15/16,Jagiellonia Białystok,0,2,Piast Gliwice,2.48,3.05,2.73,Wygrali goście
180,07 Lis 2015,18:00,15/16,Ruch Chorzów,3,2,Lechia Gdańsk,3.22,3.18,2.13,Wygrali gospodarze
181,07 Lis 2015,15:30,15/16,Bruk-Bet T.,0,2,Podbeskidzie B-B,2.15,3.15,3.19,Wygrali goście
182,06 Lis 2015,20:30,15/16,Cracovia,4,1,Śląsk Wrocław,2.15,3.13,3.20,Wygrali gospodarze
183,06 Lis 2015,18:00,15/16,Zagłębie Lubin,1,3,Wisła Kraków,2.38,3.10,2.82,Wygrali goście
184,02 Lis 2015,20:30,15/16,Podbeskidzie B-B,1,1,Jagiellonia Białystok,2.66,3.05,2.62,Remis
185,02 Lis 2015,18:00,15/16,Korona Kielce,0,1,Bruk-Bet T.,2.33,3.10,2.89,Wygrali goście
186,31 Paź 2015,20:30,15/16,Śląsk Wrocław,1,1,Lech Poznań,2.90,3.10,2.40,Remis
187,31 Paź 2015,18:00,15/16,Lechia Gdańsk,1,3,Legia Warszawa,2.80,3.10,2.46,Wygrali goście
188,31 Paź 2015,15:30,15/16,Piast Gliwice,2,0,Zagłębie Lubin,2.55,3.10,2.70,Wygrali gospodarze
189,30 Paź 2015,20:30,15/16,Górnik Łęczna,1,0,Cracovia,2.64,3.10,2.53,Wygrali gospodarze
190,30 Paź 2015,20:30,15/16,Wisła Kraków,0,0,Ruch Chorzów,1.63,3.60,4.92,Remis
191,30 Paź 2015,18:00,15/16,Pogoń Szczecin,1,1,Górnik Zabrze,2.03,3.13,3.51,Remis
192,26 Paź 2015,18:00,15/16,Górnik Zabrze,0,2,Podbeskidzie B-B,2.14,3.13,3.28,Wygrali goście
193,25 Paź 2015,18:00,15/16,Legia Warszawa,0,1,Lech Poznań,1.88,3.30,3.82,Wygrali goście
194,25 Paź 2015,15:30,15/16,Bruk-Bet T.,0,1,Lechia Gdańsk,3.13,3.10,2.20,Wygrali goście
195,24 Paź 2015,18:00,15/16,Piast Gliwice,0,1,Korona Kielce,1.83,3.30,4.03,Wygrali goście
196,24 Paź 2015,18:00,15/16,Zagłębie Lubin,0,0,Górnik Łęczna,1.78,3.35,4.23,Remis
197,24 Paź 2015,15:30,15/16,Cracovia,4,1,Pogoń Szczecin,2.20,3.10,3.13,Wygrali gospodarze
198,23 Paź 2015,20:30,15/16,Jagiellonia Białystok,1,4,Wisła Kraków,2.63,3.05,2.60,Wygrali goście
199,23 Paź 2015,18:00,15/16,Ruch Chorzów,1,0,Śląsk Wrocław,2.72,3.08,2.47,Wygrali gospodarze
200,19 Paź 2015,18:00,15/16,Pogoń Szczecin,0,0,Zagłębie Lubin,2.43,3.05,2.81,Remis
201,18 Paź 2015,18:00,15/16,Legia Warszawa,3,1,Cracovia,1.71,3.45,4.46,Wygrali gospodarze
202,18 Paź 2015,15:30,15/16,Wisła Kraków,0,0,Bruk-Bet T.,1.79,3.35,4.24,Remis
203,17 Paź 2015,18:00,15/16,Górnik Łęczna,3,2,Jagiellonia Białystok,2.66,2.97,2.60,Wygrali gospodarze
204,17 Paź 2015,18:00,15/16,Lech Poznań,2,2,Ruch Chorzów,1.42,4.10,7.00,Remis
205,17 Paź 2015,15:30,15/16,Podbeskidzie B-B,2,2,Piast Gliwice,2.82,3.10,2.38,Remis
206,16 Paź 2015,20:30,15/16,Śląsk Wrocław,0,1,Korona Kielce,1.75,3.38,4.35,Wygrali goście
207,16 Paź 2015,18:00,15/16,Lechia Gdańsk,1,1,Górnik Zabrze,1.75,3.40,4.29,Remis
208,04 Paź 2015,18:00,15/16,Cracovia,5,2,Lech Poznań,2.70,3.10,2.47,Wygrali gospodarze
209,04 Paź 2015,15:30,15/16,Górnik Zabrze,2,2,Legia Warszawa,3.91,3.33,1.85,Remis
210,04 Paź 2015,15:30,15/16,Zagłębie Lubin,1,1,Śląsk Wrocław,2.10,3.18,3.28,Remis
211,03 Paź 2015,20:30,15/16,Piast Gliwice,1,0,Wisła Kraków,2.38,3.03,2.89,Wygrali gospodarze
212,03 Paź 2015,18:00,15/16,Korona Kielce,0,0,Podbeskidzie B-B,2.15,3.13,3.20,Remis
213,03 Paź 2015,15:30,15/16,Bruk-Bet T.,1,1,Górnik Łęczna,2.11,3.13,3.31,Remis
214,02 Paź 2015,20:30,15/16,Jagiellonia Białystok,0,3,Lechia Gdańsk,2.45,3.10,2.72,Wygrali goście
215,02 Paź 2015,18:00,15/16,Ruch Chorzów,0,2,Pogoń Szczecin,2.70,3.08,2.55,Wygrali goście
216,28 Wrz 2015,18:00,15/16,Pogoń Szczecin,2,1,Jagiellonia Białystok,2.20,3.13,3.10,Wygrali gospodarze
217,27 Wrz 2015,18:00,15/16,Legia Warszawa,1,1,Bruk-Bet T.,1.36,4.63,7.07,Remis
218,27 Wrz 2015,15:30,15/16,Lechia Gdańsk,3,1,Zagłębie Lubin,2.18,3.13,3.15,Wygrali gospodarze
219,26 Wrz 2015,20:30,15/16,Lech Poznań,1,1,Górnik Zabrze,1.65,3.50,4.96,Remis
220,26 Wrz 2015,18:00,15/16,Cracovia,2,1,Ruch Chorzów,1.83,3.33,4.01,Wygrali gospodarze
221,26 Wrz 2015,15:30,15/16,Górnik Łęczna,1,2,Podbeskidzie B-B,2.18,3.13,3.15,Wygrali goście
222,25 Wrz 2015,20:30,15/16,Śląsk Wrocław,1,2,Piast Gliwice,2.19,3.13,3.15,Wygrali goście
223,25 Wrz 2015,18:00,15/16,Wisła Kraków,0,0,Korona Kielce,1.65,3.48,5.00,Remis
224,21 Wrz 2015,18:00,15/16,Korona Kielce,0,2,Górnik Łęczna,2.22,3.10,3.07,Wygrali goście
225,20 Wrz 2015,18:00,15/16,Jagiellonia Białystok,1,0,Lech Poznań,2.65,3.05,2.58,Wygrali gospodarze
226,20 Wrz 2015,15:30,15/16,Ruch Chorzów,1,4,Legia Warszawa,3.80,3.28,1.89,Wygrali goście
227,19 Wrz 2015,20:30,15/16,Piast Gliwice,2,1,Lechia Gdańsk,2.60,2.95,2.72,Wygrali gospodarze
228,19 Wrz 2015,18:00,15/16,Podbeskidzie B-B,0,6,Wisła Kraków,2.71,3.00,2.53,Wygrali goście
229,19 Wrz 2015,15:30,15/16,Bruk-Bet T.,1,1,Pogoń Szczecin,2.69,2.95,2.63,Remis
230,18 Wrz 2015,20:30,15/16,Zagłębie Lubin,4,2,Cracovia,2.30,3.10,2.95,Wygrali gospodarze
231,18 Wrz 2015,18:00,15/16,Górnik Zabrze,2,0,Śląsk Wrocław,2.62,3.05,2.58,Wygrali gospodarze
232,14 Wrz 2015,18:00,15/16,Górnik Łęczna,1,0,Wisła Kraków,2.78,3.10,2.40,Wygrali gospodarze
233,13 Wrz 2015,18:00,15/16,Ruch Chorzów,1,0,Górnik Zabrze,2.55,3.05,2.65,Wygrali gospodarze
234,13 Wrz 2015,15:30,15/16,Pogoń Szczecin,3,1,Piast Gliwice,2.30,3.05,3.00,Wygrali gospodarze
235,12 Wrz 2015,20:30,15/16,Lech Poznań,0,1,Podbeskidzie B-B,1.45,4.10,6.10,Wygrali goście
236,12 Wrz 2015,18:00,15/16,Cracovia,2,3,Bruk-Bet T.,1.69,3.45,4.66,Wygrali goście
237,12 Wrz 2015,15:30,15/16,Śląsk Wrocław,3,1,Jagiellonia Białystok,2.06,3.15,3.43,Wygrali gospodarze
238,11 Wrz 2015,20:30,15/16,Legia Warszawa,2,2,Zagłębie Lubin,1.58,3.73,5.31,Remis
239,11 Wrz 2015,18:00,15/16,Lechia Gdańsk,0,0,Korona Kielce,1.63,3.50,5.05,Remis
240,30 Sie 2015,18:00,15/16,Jagiellonia Białystok,1,1,Legia Warszawa,3.30,3.23,2.03,Remis
241,30 Sie 2015,15:30,15/16,Górnik Zabrze,1,1,Cracovia,2.62,3.08,2.48,Remis
242,30 Sie 2015,15:30,15/16,Bruk-Bet T.,3,1,Lech Poznań,4.09,3.30,1.79,Wygrali gospodarze
243,29 Sie 2015,20:30,15/16,Korona Kielce,1,1,Pogoń Szczecin,2.61,3.00,2.54,Remis
244,29 Sie 2015,18:00,15/16,Zagłębie Lubin,3,1,Ruch Chorzów,2.08,3.23,3.22,Wygrali gospodarze
245,29 Sie 2015,15:30,15/16,Piast Gliwice,3,0,Górnik Łęczna,1.96,3.23,3.45,Wygrali gospodarze
246,28 Sie 2015,20:30,15/16,Wisła Kraków,4,2,Śląsk Wrocław,2.50,3.08,2.59,Wygrali gospodarze
247,28 Sie 2015,18:00,15/16,Podbeskidzie B-B,1,1,Lechia Gdańsk,2.70,3.13,2.38,Remis
248,24 Sie 2015,18:00,15/16,Górnik Zabrze,2,2,Zagłębie Lubin,2.55,3.08,2.62,Remis
249,23 Sie 2015,18:00,15/16,Legia Warszawa,1,2,Korona Kielce,1.31,4.70,8.14,Wygrali goście
250,23 Sie 2015,15:30,15/16,Lech Poznań,0,1,Piast Gliwice,1.57,3.55,5.61,Wygrali goście
251,22 Sie 2015,20:30,15/16,Cracovia,1,1,Jagiellonia Białystok,1.96,3.18,3.66,Remis
252,22 Sie 2015,18:00,15/16,Śląsk Wrocław,1,1,Podbeskidzie B-B,1.67,3.45,4.83,Remis
253,22 Sie 2015,15:30,15/16,Ruch Chorzów,4,1,Bruk-Bet T.,2.26,3.15,2.98,Wygrali gospodarze
254,21 Sie 2015,20:30,15/16,Lechia Gdańsk,3,1,Górnik Łęczna,1.62,3.45,5.26,Wygrali gospodarze
255,21 Sie 2015,18:00,15/16,Pogoń Szczecin,1,1,Wisła Kraków,2.50,3.05,2.70,Remis
256,17 Sie 2015,18:00,15/16,Podbeskidzie B-B,2,3,Pogoń Szczecin,2.58,3.08,2.61,Wygrali goście
257,16 Sie 2015,18:00,15/16,Wisła Kraków,3,3,Lechia Gdańsk,2.45,3.10,2.72,Remis
258,16 Sie 2015,15:30,15/16,Jagiellonia Białystok,2,1,Ruch Chorzów,1.95,3.20,3.66,Wygrali gospodarze
259,15 Sie 2015,20:30,15/16,Piast Gliwice,2,1,Legia Warszawa,4.31,3.40,1.75,Wygrali gospodarze
260,15 Sie 2015,18:00,15/16,Górnik Łęczna,2,3,Śląsk Wrocław,2.69,3.08,2.50,Wygrali goście
261,15 Sie 2015,15:30,15/16,Bruk-Bet T.,3,0,Górnik Zabrze,2.65,3.05,2.54,Wygrali gospodarze
262,14 Sie 2015,20:30,15/16,Zagłębie Lubin,2,1,Lech Poznań,2.95,3.10,2.33,Wygrali gospodarze
263,14 Sie 2015,18:00,15/16,Korona Kielce,0,3,Cracovia,2.72,3.10,2.45,Wygrali goście
264,10 Sie 2015,18:00,15/16,Ruch Chorzów,1,1,Podbeskidzie B-B,2.23,3.13,3.05,Remis
265,09 Sie 2015,18:00,15/16,Legia Warszawa,1,1,Wisła Kraków,1.51,3.70,6.15,Remis
266,09 Sie 2015,15:30,15/16,Śląsk Wrocław,0,0,Lechia Gdańsk,2.34,3.10,2.87,Remis
267,08 Sie 2015,20:30,15/16,Lech Poznań,0,0,Korona Kielce,1.44,3.88,6.73,Remis
268,08 Sie 2015,18:00,15/16,Pogoń Szczecin,0,0,Górnik Łęczna,1.92,3.23,3.71,Remis
269,08 Sie 2015,15:30,15/16,Górnik Zabrze,1,3,Jagiellonia Białystok,2.05,3.15,3.40,Wygrali goście
270,07 Sie 2015,20:30,15/16,Bruk-Bet T.,1,0,Zagłębie Lubin,3.36,3.13,2.08,Wygrali gospodarze
271,07 Sie 2015,18:00,15/16,Cracovia,1,2,Piast Gliwice,1.71,3.38,4.60,Wygrali goście
272,03 Sie 2015,18:00,15/16,Korona Kielce,1,2,Ruch Chorzów,2.09,3.15,3.31,Wygrali goście
273,02 Sie 2015,18:00,15/16,Górnik Łęczna,0,2,Legia Warszawa,4.63,3.43,1.69,Wygrali goście
274,02 Sie 2015,15:30,15/16,Jagiellonia Białystok,1,2,Zagłębie Lubin,2.25,3.10,3.03,Wygrali goście
275,02 Sie 2015,15:30,15/16,Śląsk Wrocław,2,0,Bruk-Bet T.,1.75,3.40,4.29,Wygrali gospodarze
276,01 Sie 2015,20:30,15/16,Wisła Kraków,2,0,Lech Poznań,2.72,3.10,2.48,Wygrali gospodarze
277,01 Sie 2015,18:00,15/16,Podbeskidzie B-B,0,1,Cracovia,2.80,3.13,2.38,Wygrali goście
278,31 Lip 2015,20:30,15/16,Lechia Gdańsk,1,1,Pogoń Szczecin,1.84,3.20,4.21,Remis
279,31 Lip 2015,18:00,15/16,Piast Gliwice,3,2,Górnik Zabrze,2.48,3.10,2.69,Wygrali gospodarze
280,27 Lip 2015,18:00,15/16,Górnik Łęczna,2,1,Górnik Zabrze,2.43,3.05,2.80,Wygrali gospodarze
281,26 Lip 2015,18:00,15/16,Legia Warszawa,5,0,Podbeskidzie B-B,1.35,4.28,8.10,Wygrali gospodarze
282,26 Lip 2015,15:30,15/16,Jagiellonia Białystok,2,0,Bruk-Bet T.,1.98,3.20,3.58,Wygrali gospodarze
283,26 Lip 2015,15:30,15/16,Pogoń Szczecin,1,1,Śląsk Wrocław,2.45,3.05,2.76,Remis
284,25 Lip 2015,20:30,15/16,Lech Poznań,2,1,Lechia Gdańsk,1.81,3.30,4.14,Wygrali gospodarze
285,25 Lip 2015,18:00,15/16,Zagłębie Lubin,0,2,Korona Kielce,2.03,3.10,3.54,Wygrali goście
286,24 Lip 2015,20:30,15/16,Cracovia,1,1,Wisła Kraków,2.28,3.15,2.95,Remis
287,24 Lip 2015,18:00,15/16,Ruch Chorzów,2,0,Piast Gliwice,2.45,3.03,2.78,Wygrali gospodarze
288,20 Lip 2015,18:00,15/16,Piast Gliwice,1,0,Bruk-Bet T.,2.14,3.10,3.25,Wygrali gospodarze
289,19 Lip 2015,18:00,15/16,Śląsk Wrocław,1,4,Legia Warszawa,2.95,3.10,2.33,Wygrali goście
290,19 Lip 2015,15:30,15/16,Korona Kielce,3,2,Jagiellonia Białystok,2.65,3.03,2.55,Wygrali gospodarze
291,18 Lip 2015,20:30,15/16,Lech Poznań,1,2,Pogoń Szczecin,1.53,3.60,5.98,Wygrali goście
292,18 Lip 2015,18:00,15/16,Zagłębie Lubin,1,1,Podbeskidzie B-B,2.15,3.10,3.23,Remis
293,18 Lip 2015,15:30,15/16,Ruch Chorzów,0,2,Górnik Łęczna,2.10,3.10,3.33,Wygrali goście
294,17 Lip 2015,20:30,15/16,Lechia Gdańsk,0,1,Cracovia,1.88,3.28,4.01,Wygrali goście
295,17 Lip 2015,18:00,15/16,Wisła Kraków,1,1,Górnik Zabrze,2.03,3.13,3.59,Remis
