﻿,Data,Godzina,Sezon,Gospodarze,Gole_gospodarze,Gole_goście,Goście,Oddsy_gospodarze,Oddsy_remis,Oddsy_goście,Kto_wygrał
0,25 Maj 2024,17:30,23/24,Jagiellonia Białystok,3,0,Warta Poznań,1.42,5.00,7.05,Wygrali gospodarze
1,25 Maj 2024,17:30,23/24,Lech Poznań,1,2,Korona Kielce,2.15,3.89,3.09,Wygrali goście
2,25 Maj 2024,17:30,23/24,Legia Warszawa,2,1,Zagłębie Lubin,1.62,4.38,4.98,Wygrali gospodarze
3,25 Maj 2024,17:30,23/24,ŁKS Łódź,3,2,Stal Mielec,2.42,3.64,2.75,Wygrali gospodarze
4,25 Maj 2024,17:30,23/24,Pogoń Szczecin,1,0,Górnik Zabrze,1.65,4.47,4.66,Wygrali gospodarze
5,25 Maj 2024,17:30,23/24,Puszcza Niepołomice,1,0,Piast Gliwice,2.72,3.12,2.74,Wygrali gospodarze
6,25 Maj 2024,17:30,23/24,Radomiak Radom,1,3,Widzew Łódź,2.24,3.40,3.23,Wygrali goście
7,25 Maj 2024,17:30,23/24,Raków Częstochowa,1,2,Śląsk Wrocław,2.31,3.67,2.91,Wygrali goście
8,25 Maj 2024,17:30,23/24,Ruch Chorzów,2,0,Cracovia,2.80,3.66,2.40,Wygrali gospodarze
9,20 Maj 2024,19:00,23/24,Zagłębie Lubin,2,1,ŁKS Łódź,1.46,4.89,6.38,Wygrali gospodarze
10,19 Maj 2024,17:30,23/24,Widzew Łódź,1,1,Lech Poznań,4.35,3.92,1.79,Remis
11,19 Maj 2024,15:00,23/24,Warta Poznań,0,1,Legia Warszawa,4.90,3.59,1.78,Wygrali goście
12,19 Maj 2024,12:30,23/24,Cracovia,2,0,Raków Częstochowa,3.44,3.58,2.11,Wygrali gospodarze
13,18 Maj 2024,20:00,23/24,Piast Gliwice,1,1,Jagiellonia Białystok,2.69,3.69,2.47,Remis
14,18 Maj 2024,17:30,23/24,Śląsk Wrocław,2,0,Radomiak Radom,1.74,3.72,4.87,Wygrali gospodarze
15,18 Maj 2024,15:00,23/24,Korona Kielce,2,0,Ruch Chorzów,1.74,4.09,4.42,Wygrali gospodarze
16,17 Maj 2024,20:30,23/24,Górnik Zabrze,1,1,Puszcza Niepołomice,1.76,3.95,4.38,Remis
17,17 Maj 2024,18:00,23/24,Stal Mielec,0,0,Pogoń Szczecin,4.04,4.28,1.78,Remis
18,13 Maj 2024,19:00,23/24,Radomiak Radom,0,2,Ruch Chorzów,2.13,3.42,3.53,Wygrali goście
19,12 Maj 2024,17:30,23/24,Lech Poznań,1,2,Legia Warszawa,2.39,3.28,3.16,Wygrali goście
20,12 Maj 2024,15:00,23/24,Widzew Łódź,1,3,Zagłębie Lubin,2.23,3.75,2.99,Wygrali goście
21,12 Maj 2024,12:30,23/24,Puszcza Niepołomice,1,0,Warta Poznań,2.45,3.04,3.21,Wygrali gospodarze
22,11 Maj 2024,20:00,23/24,Raków Częstochowa,2,1,Pogoń Szczecin,1.65,4.19,5.01,Wygrali gospodarze
23,11 Maj 2024,17:30,23/24,Jagiellonia Białystok,3,0,Korona Kielce,1.58,4.58,5.14,Wygrali gospodarze
24,11 Maj 2024,15:00,23/24,Górnik Zabrze,1,1,Stal Mielec,1.58,4.20,5.72,Remis
25,10 Maj 2024,20:30,23/24,Śląsk Wrocław,4,0,Cracovia,2.26,3.19,3.49,Wygrali gospodarze
26,10 Maj 2024,18:00,23/24,Piast Gliwice,4,0,ŁKS Łódź,1.44,4.63,7.68,Wygrali gospodarze
27,06 Maj 2024,19:00,23/24,Pogoń Szczecin,1,0,Puszcza Niepołomice,1.44,5.18,6.46,Wygrali gospodarze
28,05 Maj 2024,17:30,23/24,Legia Warszawa,0,3,Radomiak Radom,1.48,4.59,6.48,Wygrali goście
29,05 Maj 2024,15:00,23/24,Korona Kielce,1,1,Piast Gliwice,2.81,2.98,2.80,Remis
30,05 Maj 2024,12:30,23/24,Warta Poznań,2,1,Widzew Łódź,2.34,3.20,3.21,Wygrali gospodarze
31,04 Maj 2024,20:00,23/24,Stal Mielec,3,2,Jagiellonia Białystok,4.99,4.33,1.63,Wygrali gospodarze
32,04 Maj 2024,17:30,23/24,Zagłębie Lubin,2,0,Raków Częstochowa,4.24,3.85,1.82,Wygrali gospodarze
33,04 Maj 2024,15:00,23/24,ŁKS Łódź,1,2,Śląsk Wrocław,3.58,3.68,2.03,Wygrali goście
34,03 Maj 2024,20:30,23/24,Ruch Chorzów,2,1,Lech Poznań,3.65,3.63,2.01,Wygrali gospodarze
35,03 Maj 2024,18:00,23/24,Cracovia,5,0,Górnik Zabrze,2.17,3.62,3.24,Wygrali gospodarze
36,29 Kwi 2024,19:00,23/24,Puszcza Niepołomice,1,1,Korona Kielce,3.05,3.18,2.49,Remis
37,28 Kwi 2024,17:30,23/24,Lech Poznań,0,0,Cracovia,1.91,3.55,4.10,Remis
38,28 Kwi 2024,15:00,23/24,Stal Mielec,1,3,Legia Warszawa,5.62,4.03,1.61,Wygrali goście
39,28 Kwi 2024,12:30,23/24,Radomiak Radom,3,4,Zagłębie Lubin,2.51,3.06,3.07,Wygrali goście
40,27 Kwi 2024,20:00,23/24,Widzew Łódź,0,1,Raków Częstochowa,3.72,3.68,1.96,Wygrali goście
41,27 Kwi 2024,17:30,23/24,Śląsk Wrocław,2,3,Ruch Chorzów,1.84,3.43,4.73,Wygrali goście
42,27 Kwi 2024,15:00,23/24,Górnik Zabrze,4,1,ŁKS Łódź,1.56,4.44,5.53,Wygrali gospodarze
43,26 Kwi 2024,20:30,23/24,Jagiellonia Białystok,2,2,Pogoń Szczecin,1.98,3.93,3.49,Remis
44,26 Kwi 2024,18:00,23/24,Piast Gliwice,2,0,Warta Poznań,1.96,3.04,4.99,Wygrali gospodarze
45,22 Kwi 2024,19:00,23/24,Warta Poznań,5,2,Stal Mielec,2.19,3.04,3.82,Wygrali gospodarze
46,21 Kwi 2024,17:30,23/24,Legia Warszawa,0,0,Śląsk Wrocław,1.70,3.65,5.86,Remis
47,21 Kwi 2024,15:00,23/24,ŁKS Łódź,2,3,Lech Poznań,4.64,4.12,1.72,Wygrali goście
48,21 Kwi 2024,12:30,23/24,Cracovia,0,1,Puszcza Niepołomice,1.83,3.50,4.57,Wygrali goście
49,20 Kwi 2024,20:00,23/24,Zagłębie Lubin,1,2,Jagiellonia Białystok,2.88,3.53,2.40,Wygrali goście
50,20 Kwi 2024,17:30,23/24,Ruch Chorzów,2,3,Widzew Łódź,2.43,3.35,2.99,Wygrali goście
51,20 Kwi 2024,15:00,23/24,Pogoń Szczecin,0,2,Piast Gliwice,2.04,3.41,3.83,Wygrali goście
52,19 Kwi 2024,20:30,23/24,Raków Częstochowa,0,1,Górnik Zabrze,1.55,4.22,6.20,Wygrali goście
53,19 Kwi 2024,18:00,23/24,Korona Kielce,4,0,Radomiak Radom,2.39,3.15,3.26,Wygrali gospodarze
54,15 Kwi 2024,19:00,23/24,Piast Gliwice,2,0,Zagłębie Lubin,2.31,3.03,3.61,Wygrali gospodarze
55,14 Kwi 2024,17:30,23/24,Górnik Zabrze,2,0,Śląsk Wrocław,2.43,3.23,3.09,Wygrali gospodarze
56,14 Kwi 2024,15:00,23/24,Jagiellonia Białystok,1,3,Cracovia,1.81,3.81,4.28,Wygrali goście
57,14 Kwi 2024,12:30,23/24,ŁKS Łódź,3,2,Radomiak Radom,3.60,3.48,2.07,Wygrali gospodarze
58,13 Kwi 2024,20:00,23/24,Raków Częstochowa,1,1,Legia Warszawa,2.17,3.35,3.56,Remis
59,13 Kwi 2024,17:30,23/24,Puszcza Niepołomice,2,1,Lech Poznań,5.13,3.80,1.70,Wygrali gospodarze
60,13 Kwi 2024,15:00,23/24,Stal Mielec,0,0,Widzew Łódź,3.08,3.39,2.33,Remis
61,12 Kwi 2024,20:30,23/24,Pogoń Szczecin,5,0,Ruch Chorzów,1.51,4.62,6.18,Wygrali gospodarze
62,12 Kwi 2024,18:00,23/24,Warta Poznań,1,0,Korona Kielce,2.60,2.89,3.23,Wygrali gospodarze
63,08 Kwi 2024,19:00,23/24,Zagłębie Lubin,1,2,Górnik Zabrze,2.19,3.38,3.45,Wygrali goście
64,07 Kwi 2024,17:30,23/24,Legia Warszawa,1,1,Jagiellonia Białystok,1.95,3.70,3.83,Remis
65,07 Kwi 2024,15:00,23/24,Lech Poznań,1,0,Pogoń Szczecin,2.29,3.54,3.07,Wygrali gospodarze
66,07 Kwi 2024,12:30,23/24,Widzew Łódź,1,0,Piast Gliwice,2.42,3.09,3.18,Wygrali gospodarze
67,06 Kwi 2024,20:00,23/24,Śląsk Wrocław,2,1,Warta Poznań,1.98,3.09,4.63,Wygrali gospodarze
68,06 Kwi 2024,17:30,23/24,Ruch Chorzów,0,0,Puszcza Niepołomice,1.85,3.67,4.27,Remis
69,06 Kwi 2024,15:00,23/24,Korona Kielce,1,0,Stal Mielec,1.92,3.39,4.30,Wygrali gospodarze
70,05 Kwi 2024,20:30,23/24,Radomiak Radom,2,1,Raków Częstochowa,3.66,3.44,2.09,Wygrali gospodarze
71,05 Kwi 2024,18:00,23/24,Cracovia,2,2,ŁKS Łódź,1.46,4.70,6.78,Remis
72,02 Kwi 2024,19:00,23/24,Warta Poznań,1,1,Zagłębie Lubin,3.14,3.01,2.59,Remis
73,01 Kwi 2024,20:00,23/24,Górnik Zabrze,1,3,Legia Warszawa,3.38,3.48,2.17,Wygrali goście
74,01 Kwi 2024,17:30,23/24,Widzew Łódź,3,1,Korona Kielce,2.15,3.38,3.57,Wygrali gospodarze
75,01 Kwi 2024,15:00,23/24,Stal Mielec,0,0,Lech Poznań,4.53,3.47,1.87,Remis
76,01 Kwi 2024,12:30,23/24,Puszcza Niepołomice,1,1,Radomiak Radom,2.91,3.36,2.52,Remis
77,30 Mar 2024,20:00,23/24,Pogoń Szczecin,3,1,Cracovia,1.79,3.77,4.63,Wygrali gospodarze
78,30 Mar 2024,17:30,23/24,Piast Gliwice,2,2,Śląsk Wrocław,2.26,2.99,3.83,Remis
79,30 Mar 2024,15:00,23/24,Jagiellonia Białystok,6,0,ŁKS Łódź,1.36,5.45,8.11,Wygrali gospodarze
80,30 Mar 2024,12:30,23/24,Raków Częstochowa,1,1,Ruch Chorzów,1.45,4.77,7.01,Remis
81,17 Mar 2024,17:30,23/24,Legia Warszawa,3,1,Piast Gliwice,1.63,3.76,6.07,Wygrali gospodarze
82,17 Mar 2024,15:00,23/24,ŁKS Łódź,1,1,Raków Częstochowa,7.38,4.66,1.45,Remis
83,17 Mar 2024,12:30,23/24,Korona Kielce,2,2,Pogoń Szczecin,3.24,3.39,2.27,Remis
84,16 Mar 2024,20:00,23/24,Śląsk Wrocław,0,0,Puszcza Niepołomice,1.74,3.68,5.17,Remis
85,16 Mar 2024,17:30,23/24,Ruch Chorzów,1,2,Górnik Zabrze,2.69,3.28,2.77,Wygrali goście
86,16 Mar 2024,15:00,23/24,Radomiak Radom,0,2,Jagiellonia Białystok,2.97,3.26,2.50,Wygrali goście
87,16 Mar 2024,12:30,23/24,Cracovia,2,2,Widzew Łódź,1.96,3.43,4.08,Remis
88,15 Mar 2024,20:30,23/24,Lech Poznań,2,0,Warta Poznań,1.66,3.57,6.41,Wygrali gospodarze
89,15 Mar 2024,18:00,23/24,Zagłębie Lubin,0,0,Stal Mielec,1.71,3.77,5.20,Remis
90,13 Mar 2024,18:30,23/24,Korona Kielce,0,2,Raków Częstochowa,4.33,3.38,1.96,Wygrali goście
91,12 Mar 2024,18:30,23/24,Piast Gliwice,1,0,Puszcza Niepołomice,1.65,3.73,5.21,Wygrali gospodarze
92,11 Mar 2024,19:00,23/24,Warta Poznań,0,1,ŁKS Łódź,2.01,3.27,4.18,Wygrali goście
93,10 Mar 2024,17:30,23/24,Widzew Łódź,1,0,Legia Warszawa,3.69,3.58,2.03,Wygrali gospodarze
94,10 Mar 2024,15:00,23/24,Pogoń Szczecin,0,2,Zagłębie Lubin,1.71,4.16,4.63,Wygrali goście
95,10 Mar 2024,12:30,23/24,Stal Mielec,3,1,Ruch Chorzów,2.00,3.59,3.71,Wygrali gospodarze
96,09 Mar 2024,20:00,23/24,Górnik Zabrze,0,0,Lech Poznań,2.79,3.27,2.60,Remis
97,09 Mar 2024,17:30,23/24,Puszcza Niepołomice,1,1,Raków Częstochowa,5.78,4.15,1.59,Remis
98,09 Mar 2024,15:00,23/24,Korona Kielce,1,1,Cracovia,2.61,3.09,3.01,Remis
99,08 Mar 2024,20:30,23/24,Jagiellonia Białystok,3,1,Śląsk Wrocław,2.07,3.45,3.83,Wygrali gospodarze
100,08 Mar 2024,18:00,23/24,Piast Gliwice,2,3,Radomiak Radom,2.07,3.06,4.30,Wygrali goście
101,04 Mar 2024,19:00,23/24,Radomiak Radom,2,1,Stal Mielec,1.92,3.41,4.38,Wygrali gospodarze
102,03 Mar 2024,17:30,23/24,Raków Częstochowa,4,0,Lech Poznań,2.10,3.36,3.73,Wygrali gospodarze
103,03 Mar 2024,15:00,23/24,Zagłębie Lubin,1,0,Korona Kielce,2.14,3.40,3.46,Wygrali gospodarze
104,03 Mar 2024,12:30,23/24,ŁKS Łódź,3,2,Puszcza Niepołomice,2.41,3.32,3.02,Wygrali gospodarze
105,02 Mar 2024,20:00,23/24,Legia Warszawa,1,1,Pogoń Szczecin,1.94,3.80,3.89,Remis
106,02 Mar 2024,17:30,23/24,Śląsk Wrocław,2,1,Widzew Łódź,2.21,3.11,3.70,Wygrali gospodarze
107,02 Mar 2024,15:00,23/24,Górnik Zabrze,2,1,Jagiellonia Białystok,2.47,3.56,2.78,Wygrali gospodarze
108,01 Mar 2024,20:30,23/24,Ruch Chorzów,3,0,Piast Gliwice,3.46,3.08,2.37,Wygrali gospodarze
109,01 Mar 2024,18:00,23/24,Cracovia,0,1,Warta Poznań,1.77,3.47,5.36,Wygrali goście
110,28 Lut 2024,18:30,23/24,Stal Mielec,1,0,ŁKS Łódź,2.07,3.40,3.76,Wygrali gospodarze
111,26 Lut 2024,19:00,23/24,Warta Poznań,0,0,Radomiak Radom,2.62,2.98,3.10,Remis
112,25 Lut 2024,17:30,23/24,Korona Kielce,3,3,Legia Warszawa,3.54,3.42,2.11,Remis
113,25 Lut 2024,15:00,23/24,Widzew Łódź,3,1,Górnik Zabrze,2.37,3.36,3.11,Wygrali gospodarze
114,25 Lut 2024,12:30,23/24,Puszcza Niepołomice,2,2,Zagłębie Lubin,3.27,3.38,2.26,Remis
115,24 Lut 2024,20:00,23/24,Stal Mielec,0,0,Raków Częstochowa,6.18,4.17,1.57,Remis
116,24 Lut 2024,17:30,23/24,Lech Poznań,0,0,Śląsk Wrocław,2.01,3.32,4.21,Remis
117,24 Lut 2024,15:00,23/24,Jagiellonia Białystok,1,1,Ruch Chorzów,1.54,4.51,5.81,Remis
118,23 Lut 2024,20:30,23/24,Pogoń Szczecin,4,2,ŁKS Łódź,1.33,5.69,8.64,Wygrali gospodarze
119,23 Lut 2024,18:00,23/24,Piast Gliwice,0,0,Cracovia,2.35,2.99,3.53,Remis
120,19 Lut 2024,19:00,23/24,Górnik Zabrze,3,1,Korona Kielce,2.10,3.43,3.63,Wygrali gospodarze
121,18 Lut 2024,17:30,23/24,ŁKS Łódź,0,2,Widzew Łódź,3.11,3.41,2.34,Wygrali goście
122,18 Lut 2024,15:00,23/24,Legia Warszawa,1,1,Puszcza Niepołomice,1.34,5.39,9.15,Remis
123,18 Lut 2024,12:30,23/24,Zagłębie Lubin,1,1,Cracovia,2.45,3.35,2.99,Remis
124,17 Lut 2024,20:00,23/24,Raków Częstochowa,3,1,Piast Gliwice,1.85,3.50,4.60,Wygrali gospodarze
125,17 Lut 2024,17:30,23/24,Jagiellonia Białystok,1,2,Lech Poznań,2.43,3.35,3.02,Wygrali goście
126,17 Lut 2024,15:00,23/24,Ruch Chorzów,0,0,Warta Poznań,2.54,2.97,3.15,Remis
127,16 Lut 2024,20:30,23/24,Śląsk Wrocław,0,1,Stal Mielec,1.67,3.73,5.73,Wygrali goście
128,16 Lut 2024,18:00,23/24,Radomiak Radom,0,4,Pogoń Szczecin,3.55,3.48,2.11,Wygrali goście
129,12 Lut 2024,19:00,23/24,Korona Kielce,2,1,ŁKS Łódź,1.79,3.62,4.77,Wygrali gospodarze
130,11 Lut 2024,17:30,23/24,Śląsk Wrocław,0,1,Pogoń Szczecin,2.90,3.40,2.52,Wygrali goście
131,11 Lut 2024,15:00,23/24,Widzew Łódź,1,3,Jagiellonia Białystok,2.72,3.42,2.62,Wygrali goście
132,11 Lut 2024,12:30,23/24,Warta Poznań,2,1,Raków Częstochowa,5.57,3.79,1.67,Wygrali gospodarze
133,10 Lut 2024,20:00,23/24,Lech Poznań,2,0,Zagłębie Lubin,1.72,3.87,4.93,Wygrali gospodarze
134,10 Lut 2024,17:30,23/24,Piast Gliwice,1,3,Górnik Zabrze,1.96,3.33,4.30,Wygrali goście
135,10 Lut 2024,15:00,23/24,Cracovia,6,0,Radomiak Radom,2.03,3.27,3.95,Wygrali gospodarze
136,09 Lut 2024,20:30,23/24,Ruch Chorzów,0,1,Legia Warszawa,6.00,4.11,1.59,Wygrali goście
137,09 Lut 2024,18:00,23/24,Stal Mielec,2,1,Puszcza Niepołomice,2.26,3.30,3.41,Wygrali gospodarze
138,20 Gru 2023,19:00,23/24,Cracovia,2,0,Legia Warszawa,3.18,3.27,2.38,Wygrali gospodarze
139,18 Gru 2023,19:00,23/24,Piast Gliwice,3,0,Stal Mielec,1.52,4.14,7.04,Wygrali gospodarze
140,17 Gru 2023,17:30,23/24,Legia Warszawa,2,0,Cracovia,1.64,4.06,5.45,Wygrali gospodarze
141,17 Gru 2023,15:00,23/24,Raków Częstochowa,1,0,Korona Kielce,1.52,4.39,6.35,Wygrali gospodarze
142,17 Gru 2023,12:30,23/24,ŁKS Łódź,1,1,Ruch Chorzów,2.44,3.38,3.01,Remis
143,16 Gru 2023,20:00,23/24,Radomiak Radom,2,2,Lech Poznań,3.36,3.43,2.20,Remis
144,16 Gru 2023,17:30,23/24,Widzew Łódź,1,2,Pogoń Szczecin,3.43,3.50,2.16,Wygrali goście
145,16 Gru 2023,15:00,23/24,Puszcza Niepołomice,3,3,Jagiellonia Białystok,4.21,3.65,1.89,Remis
146,15 Gru 2023,20:30,23/24,Zagłębie Lubin,1,2,Śląsk Wrocław,2.29,3.20,3.47,Wygrali goście
147,15 Gru 2023,18:00,23/24,Górnik Zabrze,3,0,Warta Poznań,2.11,3.32,3.75,Wygrali gospodarze
148,11 Gru 2023,19:00,23/24,Puszcza Niepołomice,1,0,Widzew Łódź,3.37,3.37,2.24,Wygrali gospodarze
149,10 Gru 2023,17:30,23/24,Jagiellonia Białystok,4,2,Raków Częstochowa,2.86,3.47,2.49,Wygrali gospodarze
150,10 Gru 2023,15:00,23/24,ŁKS Łódź,1,1,Legia Warszawa,5.70,4.24,1.58,Remis
151,10 Gru 2023,12:30,23/24,Lech Poznań,0,1,Piast Gliwice,1.94,3.53,4.04,Wygrali goście
152,09 Gru 2023,20:00,23/24,Śląsk Wrocław,0,0,Korona Kielce,2.30,3.26,3.30,Remis
153,09 Gru 2023,17:30,23/24,Cracovia,2,2,Stal Mielec,1.68,3.82,5.35,Remis
154,09 Gru 2023,15:00,23/24,Radomiak Radom,1,1,Górnik Zabrze,2.15,3.42,3.44,Remis
155,08 Gru 2023,20:30,23/24,Pogoń Szczecin,3,3,Warta Poznań,1.50,4.48,6.62,Remis
156,08 Gru 2023,18:00,23/24,Ruch Chorzów,2,2,Zagłębie Lubin,3.05,3.55,2.33,Remis
157,03 Gru 2023,17:30,23/24,Śląsk Wrocław,1,1,Raków Częstochowa,3.92,3.58,2.00,Remis
158,03 Gru 2023,15:00,23/24,Zagłębie Lubin,0,3,Legia Warszawa,3.57,3.56,2.07,Wygrali goście
159,03 Gru 2023,12:30,23/24,Cracovia,4,4,Ruch Chorzów,1.66,3.82,5.58,Remis
160,02 Gru 2023,20:00,23/24,Korona Kielce,0,1,Lech Poznań,3.33,3.40,2.24,Wygrali goście
161,02 Gru 2023,17:30,23/24,Widzew Łódź,0,3,Radomiak Radom,2.26,3.32,3.30,Wygrali goście
162,01 Gru 2023,20:30,23/24,Górnik Zabrze,1,0,Pogoń Szczecin,3.05,3.63,2.28,Wygrali gospodarze
163,01 Gru 2023,18:00,23/24,Warta Poznań,1,2,Jagiellonia Białystok,3.38,3.17,2.31,Wygrali goście
164,27 Lis 2023,19:00,23/24,Radomiak Radom,0,1,Śląsk Wrocław,2.25,3.31,3.40,Wygrali goście
165,26 Lis 2023,17:30,23/24,Lech Poznań,1,3,Widzew Łódź,1.54,4.32,6.09,Wygrali goście
166,26 Lis 2023,15:00,23/24,Ruch Chorzów,1,1,Korona Kielce,2.91,3.44,2.45,Remis
167,26 Lis 2023,12:30,23/24,Puszcza Niepołomice,2,1,Górnik Zabrze,2.88,3.33,2.48,Wygrali gospodarze
168,25 Lis 2023,20:00,23/24,Legia Warszawa,2,2,Warta Poznań,1.47,4.18,7.91,Remis
169,25 Lis 2023,17:30,23/24,Pogoń Szczecin,2,3,Stal Mielec,1.31,5.62,9.75,Wygrali goście
170,25 Lis 2023,15:00,23/24,Raków Częstochowa,1,1,Cracovia,1.60,4.07,5.76,Remis
171,24 Lis 2023,20:30,23/24,Jagiellonia Białystok,0,0,Piast Gliwice,2.40,3.18,3.10,Remis
172,24 Lis 2023,18:00,23/24,ŁKS Łódź,0,2,Zagłębie Lubin,2.66,3.38,2.72,Wygrali goście
173,18 Lis 2023,17:30,23/24,Widzew Łódź,2,1,Ruch Chorzów,1.91,3.61,4.09,Wygrali gospodarze
174,13 Lis 2023,19:00,23/24,Ruch Chorzów,0,0,Radomiak Radom,2.86,3.33,2.54,Remis
175,12 Lis 2023,17:30,23/24,Legia Warszawa,0,0,Lech Poznań,2.26,3.37,3.32,Remis
176,12 Lis 2023,15:00,23/24,Pogoń Szczecin,1,1,Raków Częstochowa,2.51,3.47,2.80,Remis
177,12 Lis 2023,12:30,23/24,Stal Mielec,2,1,Górnik Zabrze,2.96,3.27,2.49,Wygrali gospodarze
178,11 Lis 2023,20:00,23/24,Korona Kielce,2,2,Jagiellonia Białystok,2.74,3.43,2.61,Remis
179,11 Lis 2023,17:30,23/24,Zagłębie Lubin,1,1,Widzew Łódź,2.28,3.45,3.08,Remis
180,11 Lis 2023,15:00,23/24,ŁKS Łódź,3,3,Piast Gliwice,4.62,3.48,1.83,Remis
181,10 Lis 2023,20:30,23/24,Cracovia,0,1,Śląsk Wrocław,2.34,3.23,3.26,Wygrali goście
182,10 Lis 2023,18:00,23/24,Warta Poznań,0,2,Puszcza Niepołomice,2.08,3.20,3.95,Wygrali goście
183,06 Lis 2023,19:00,23/24,Górnik Zabrze,1,0,Cracovia,2.55,3.23,2.91,Wygrali gospodarze
184,05 Lis 2023,17:30,23/24,Radomiak Radom,0,1,Legia Warszawa,3.71,3.61,1.98,Wygrali goście
185,05 Lis 2023,15:00,23/24,Raków Częstochowa,5,0,Zagłębie Lubin,1.61,4.13,5.58,Wygrali gospodarze
186,05 Lis 2023,12:30,23/24,Śląsk Wrocław,2,1,ŁKS Łódź,1.70,3.83,5.33,Wygrali gospodarze
187,04 Lis 2023,20:00,23/24,Lech Poznań,2,0,Ruch Chorzów,1.36,5.13,8.88,Wygrali gospodarze
188,04 Lis 2023,17:30,23/24,Widzew Łódź,0,1,Warta Poznań,2.36,3.07,3.34,Wygrali goście
189,04 Lis 2023,15:00,23/24,Puszcza Niepołomice,0,2,Pogoń Szczecin,4.65,3.98,1.72,Wygrali goście
190,03 Lis 2023,20:30,23/24,Jagiellonia Białystok,4,0,Stal Mielec,1.55,4.25,5.85,Wygrali gospodarze
191,03 Lis 2023,18:00,23/24,Piast Gliwice,0,0,Korona Kielce,1.60,3.87,6.17,Remis
192,29 Paź 2023,17:30,23/24,Raków Częstochowa,1,1,Widzew Łódź,1.46,4.66,6.81,Remis
193,29 Paź 2023,15:00,23/24,Legia Warszawa,1,3,Stal Mielec,1.34,5.27,8.88,Wygrali goście
194,29 Paź 2023,12:30,23/24,Zagłębie Lubin,2,3,Radomiak Radom,2.32,3.33,3.13,Wygrali goście
195,28 Paź 2023,20:00,23/24,Ruch Chorzów,2,2,Śląsk Wrocław,2.92,3.26,2.52,Remis
196,28 Paź 2023,17:30,23/24,Cracovia,1,1,Lech Poznań,3.44,3.39,2.16,Remis
197,28 Paź 2023,15:00,23/24,Pogoń Szczecin,2,1,Jagiellonia Białystok,1.90,3.69,4.02,Wygrali gospodarze
198,28 Paź 2023,12:30,23/24,Warta Poznań,1,1,Piast Gliwice,3.90,2.95,2.18,Remis
199,27 Paź 2023,20:30,23/24,ŁKS Łódź,0,5,Górnik Zabrze,2.69,3.28,2.73,Wygrali goście
200,27 Paź 2023,18:00,23/24,Korona Kielce,5,3,Puszcza Niepołomice,1.91,3.56,4.13,Wygrali gospodarze
201,24 Paź 2023,18:00,23/24,Lech Poznań,3,3,Jagiellonia Białystok,1.67,4.08,4.90,Remis
202,23 Paź 2023,19:00,23/24,Stal Mielec,0,1,Warta Poznań,2.69,3.07,2.89,Wygrali goście
203,22 Paź 2023,17:30,23/24,Górnik Zabrze,2,1,Raków Częstochowa,3.98,3.58,1.96,Wygrali gospodarze
204,22 Paź 2023,12:30,23/24,Radomiak Radom,1,1,Korona Kielce,1.98,3.55,3.80,Remis
205,21 Paź 2023,20:00,23/24,Lech Poznań,3,1,ŁKS Łódź,1.36,5.39,8.43,Wygrali gospodarze
206,21 Paź 2023,17:30,23/24,Śląsk Wrocław,4,0,Legia Warszawa,4.15,3.63,1.95,Wygrali gospodarze
207,21 Paź 2023,15:00,23/24,Puszcza Niepołomice,1,1,Cracovia,3.92,3.49,1.99,Remis
208,20 Paź 2023,20:30,23/24,Jagiellonia Białystok,3,0,Zagłębie Lubin,2.15,3.57,3.43,Wygrali gospodarze
209,20 Paź 2023,18:00,23/24,Piast Gliwice,0,0,Pogoń Szczecin,2.19,3.46,3.43,Remis
210,08 Paź 2023,17:30,23/24,Legia Warszawa,1,2,Raków Częstochowa,2.09,3.56,3.62,Wygrali goście
211,08 Paź 2023,15:00,23/24,Cracovia,2,4,Jagiellonia Białystok,2.27,3.36,3.38,Wygrali goście
212,08 Paź 2023,12:30,23/24,Śląsk Wrocław,1,1,Górnik Zabrze,2.24,3.36,3.40,Remis
213,07 Paź 2023,20:00,23/24,Ruch Chorzów,0,3,Pogoń Szczecin,3.63,3.82,2.00,Wygrali goście
214,07 Paź 2023,17:30,23/24,Zagłębie Lubin,1,1,Piast Gliwice,3.34,3.27,2.35,Remis
215,07 Paź 2023,15:00,23/24,Widzew Łódź,1,0,Stal Mielec,1.95,3.57,4.06,Wygrali gospodarze
216,07 Paź 2023,12:30,23/24,Radomiak Radom,3,0,ŁKS Łódź,1.81,3.81,4.55,Wygrali gospodarze
217,06 Paź 2023,20:40,23/24,Lech Poznań,4,1,Puszcza Niepołomice,1.34,5.48,9.20,Wygrali gospodarze
218,06 Paź 2023,18:00,23/24,Korona Kielce,1,1,Warta Poznań,2.59,3.10,3.08,Remis
219,02 Paź 2023,19:00,23/24,Górnik Zabrze,0,2,Zagłębie Lubin,2.64,3.42,2.80,Wygrali goście
220,01 Paź 2023,20:00,23/24,Jagiellonia Białystok,2,0,Legia Warszawa,2.96,3.54,2.42,Wygrali gospodarze
221,01 Paź 2023,17:30,23/24,Pogoń Szczecin,5,0,Lech Poznań,2.84,3.57,2.51,Wygrali gospodarze
222,01 Paź 2023,15:00,23/24,Raków Częstochowa,3,0,Radomiak Radom,1.59,4.23,5.88,Wygrali gospodarze
223,30 Wrz 2023,20:00,23/24,Warta Poznań,0,1,Śląsk Wrocław,2.61,3.09,3.10,Wygrali goście
224,30 Wrz 2023,17:30,23/24,Puszcza Niepołomice,2,2,Ruch Chorzów,2.59,3.27,2.83,Remis
225,30 Wrz 2023,15:00,23/24,ŁKS Łódź,0,2,Cracovia,2.65,3.20,2.83,Wygrali goście
226,29 Wrz 2023,20:30,23/24,Piast Gliwice,3,2,Widzew Łódź,1.63,3.96,5.93,Wygrali gospodarze
227,29 Wrz 2023,18:00,23/24,Stal Mielec,2,3,Korona Kielce,2.72,3.37,2.76,Wygrali goście
228,28 Wrz 2023,20:00,23/24,Lech Poznań,4,1,Raków Częstochowa,2.24,3.39,3.53,Wygrali gospodarze
229,27 Wrz 2023,20:00,23/24,Pogoń Szczecin,3,4,Legia Warszawa,2.67,3.49,2.76,Wygrali goście
230,24 Wrz 2023,17:30,23/24,Legia Warszawa,2,1,Górnik Zabrze,1.50,4.56,6.82,Wygrali gospodarze
231,24 Wrz 2023,15:00,23/24,Ruch Chorzów,3,5,Raków Częstochowa,4.23,3.63,1.92,Wygrali goście
232,24 Wrz 2023,12:30,23/24,Zagłębie Lubin,1,0,Warta Poznań,2.09,3.36,3.79,Wygrali gospodarze
233,23 Wrz 2023,20:00,23/24,Lech Poznań,2,1,Stal Mielec,1.32,5.68,10.80,Wygrali gospodarze
234,23 Wrz 2023,17:30,23/24,Cracovia,1,5,Pogoń Szczecin,2.71,3.38,2.72,Wygrali goście
235,23 Wrz 2023,15:00,23/24,Śląsk Wrocław,1,0,Piast Gliwice,3.57,3.18,2.29,Wygrali gospodarze
236,23 Wrz 2023,12:30,23/24,Radomiak Radom,1,1,Puszcza Niepołomice,1.63,3.97,5.74,Remis
237,22 Wrz 2023,20:30,23/24,ŁKS Łódź,2,2,Jagiellonia Białystok,2.76,3.31,2.67,Remis
238,22 Wrz 2023,18:00,23/24,Korona Kielce,1,1,Widzew Łódź,2.41,3.38,3.11,Remis
239,18 Wrz 2023,19:00,23/24,Stal Mielec,4,2,Zagłębie Lubin,3.22,3.50,2.29,Wygrali gospodarze
240,17 Wrz 2023,17:30,23/24,Warta Poznań,0,2,Lech Poznań,5.12,3.65,1.75,Wygrali goście
241,17 Wrz 2023,15:00,23/24,Widzew Łódź,2,0,Cracovia,2.70,3.39,2.71,Wygrali gospodarze
242,17 Wrz 2023,12:30,23/24,Jagiellonia Białystok,3,2,Radomiak Radom,2.51,3.34,2.93,Wygrali gospodarze
243,16 Wrz 2023,20:00,23/24,Piast Gliwice,1,1,Legia Warszawa,2.42,3.43,3.05,Remis
244,16 Wrz 2023,17:30,23/24,Raków Częstochowa,1,0,ŁKS Łódź,1.38,5.21,8.32,Wygrali gospodarze
245,16 Wrz 2023,15:00,23/24,Pogoń Szczecin,3,1,Korona Kielce,1.77,4.11,4.34,Wygrali gospodarze
246,15 Wrz 2023,20:30,23/24,Górnik Zabrze,1,0,Ruch Chorzów,2.27,3.43,3.29,Wygrali gospodarze
247,15 Wrz 2023,18:00,23/24,Puszcza Niepołomice,1,3,Śląsk Wrocław,2.83,3.21,2.65,Wygrali goście
248,03 Wrz 2023,20:00,23/24,Raków Częstochowa,2,0,Puszcza Niepołomice,1.36,5.24,9.49,Wygrali gospodarze
249,03 Wrz 2023,17:30,23/24,Legia Warszawa,3,1,Widzew Łódź,1.52,4.50,6.45,Wygrali gospodarze
250,03 Wrz 2023,15:00,23/24,Zagłębie Lubin,1,0,Pogoń Szczecin,2.75,3.71,2.51,Wygrali gospodarze
251,03 Wrz 2023,12:30,23/24,Śląsk Wrocław,2,1,Jagiellonia Białystok,2.48,3.35,2.95,Wygrali gospodarze
252,02 Wrz 2023,20:00,23/24,Lech Poznań,1,1,Górnik Zabrze,1.37,5.14,9.23,Remis
253,02 Wrz 2023,17:30,23/24,Cracovia,0,0,Korona Kielce,1.94,3.56,4.12,Remis
254,02 Wrz 2023,15:00,23/24,Radomiak Radom,1,1,Piast Gliwice,2.84,3.09,2.82,Remis
255,01 Wrz 2023,20:30,23/24,Ruch Chorzów,1,1,Stal Mielec,2.19,3.42,3.45,Remis
256,01 Wrz 2023,18:00,23/24,ŁKS Łódź,0,2,Warta Poznań,2.68,3.18,2.88,Wygrali goście
257,30 Sie 2023,18:30,23/24,Pogoń Szczecin,0,2,Śląsk Wrocław,1.78,3.95,4.48,Wygrali goście
258,27 Sie 2023,17:30,23/24,Jagiellonia Białystok,4,1,Górnik Zabrze,2.19,3.40,3.46,Wygrali gospodarze
259,27 Sie 2023,15:00,23/24,Korona Kielce,2,0,Zagłębie Lubin,2.73,3.30,2.78,Wygrali gospodarze
260,26 Sie 2023,20:00,23/24,Piast Gliwice,0,0,Ruch Chorzów,1.55,4.07,7.23,Remis
261,26 Sie 2023,17:30,23/24,Puszcza Niepołomice,2,1,ŁKS Łódź,2.69,3.33,2.77,Wygrali gospodarze
262,26 Sie 2023,15:00,23/24,Warta Poznań,0,0,Cracovia,2.38,3.23,3.30,Remis
263,25 Sie 2023,20:30,23/24,Widzew Łódź,0,2,Śląsk Wrocław,2.25,3.47,3.33,Wygrali goście
264,25 Sie 2023,18:00,23/24,Stal Mielec,2,0,Radomiak Radom,3.88,3.50,2.03,Wygrali gospodarze
265,21 Sie 2023,19:00,23/24,Cracovia,1,1,Piast Gliwice,3.20,3.18,2.48,Remis
266,20 Sie 2023,20:00,23/24,Legia Warszawa,1,0,Korona Kielce,1.43,4.97,7.40,Wygrali gospodarze
267,20 Sie 2023,17:30,23/24,Śląsk Wrocław,3,1,Lech Poznań,4.21,3.68,1.90,Wygrali gospodarze
268,20 Sie 2023,15:00,23/24,ŁKS Łódź,1,0,Pogoń Szczecin,3.29,3.66,2.15,Wygrali gospodarze
269,19 Sie 2023,20:00,23/24,Ruch Chorzów,0,1,Jagiellonia Białystok,2.63,3.38,2.79,Wygrali goście
270,19 Sie 2023,17:30,23/24,Raków Częstochowa,2,0,Stal Mielec,1.42,4.87,7.87,Wygrali gospodarze
271,19 Sie 2023,15:00,23/24,Radomiak Radom,3,2,Warta Poznań,2.04,3.32,3.98,Wygrali gospodarze
272,18 Sie 2023,20:30,23/24,Górnik Zabrze,1,1,Widzew Łódź,2.22,3.43,3.36,Remis
273,18 Sie 2023,18:00,23/24,Zagłębie Lubin,1,0,Puszcza Niepołomice,1.72,3.93,4.87,Wygrali gospodarze
274,14 Sie 2023,19:00,23/24,Warta Poznań,2,2,Ruch Chorzów,1.92,3.53,4.34,Remis
275,13 Sie 2023,17:30,23/24,Puszcza Niepołomice,1,1,Legia Warszawa,5.52,4.12,1.64,Remis
276,13 Sie 2023,15:00,23/24,Pogoń Szczecin,0,2,Radomiak Radom,2.08,3.57,3.61,Wygrali goście
277,12 Sie 2023,20:00,23/24,Widzew Łódź,1,0,ŁKS Łódź,2.10,3.48,3.70,Wygrali gospodarze
278,12 Sie 2023,17:30,23/24,Korona Kielce,0,1,Górnik Zabrze,2.26,3.42,3.37,Wygrali goście
279,12 Sie 2023,15:00,23/24,Stal Mielec,3,1,Śląsk Wrocław,3.05,3.24,2.55,Wygrali gospodarze
280,11 Sie 2023,20:30,23/24,Piast Gliwice,2,1,Raków Częstochowa,3.07,3.02,2.65,Wygrali gospodarze
281,11 Sie 2023,18:00,23/24,Cracovia,2,1,Zagłębie Lubin,2.32,3.42,3.22,Wygrali gospodarze
282,07 Sie 2023,19:00,23/24,Puszcza Niepołomice,1,0,Stal Mielec,2.44,3.28,3.14,Wygrali gospodarze
283,06 Sie 2023,20:00,23/24,Legia Warszawa,3,0,Ruch Chorzów,1.52,4.55,6.36,Wygrali gospodarze
284,06 Sie 2023,17:30,23/24,Zagłębie Lubin,1,1,Lech Poznań,3.85,3.83,1.94,Remis
285,05 Sie 2023,20:00,23/24,Radomiak Radom,0,1,Cracovia,2.10,3.32,3.78,Wygrali goście
286,05 Sie 2023,17:30,23/24,Górnik Zabrze,0,0,Piast Gliwice,3.91,3.30,2.12,Remis
287,05 Sie 2023,15:00,23/24,Raków Częstochowa,2,2,Warta Poznań,1.63,3.80,6.36,Remis
288,04 Sie 2023,20:30,23/24,ŁKS Łódź,2,1,Korona Kielce,2.33,3.42,3.19,Wygrali gospodarze
289,04 Sie 2023,18:00,23/24,Jagiellonia Białystok,2,1,Widzew Łódź,2.31,3.50,3.17,Wygrali gospodarze
290,30 Lip 2023,20:00,23/24,Pogoń Szczecin,2,1,Widzew Łódź,1.68,4.10,5.08,Wygrali gospodarze
291,30 Lip 2023,17:30,23/24,Lech Poznań,2,0,Radomiak Radom,1.80,3.67,4.88,Wygrali gospodarze
292,30 Lip 2023,15:00,23/24,Stal Mielec,0,0,Piast Gliwice,4.57,3.30,1.93,Remis
293,29 Lip 2023,20:00,23/24,Śląsk Wrocław,1,2,Zagłębie Lubin,2.70,3.24,2.85,Wygrali goście
294,29 Lip 2023,17:30,23/24,Jagiellonia Białystok,4,1,Puszcza Niepołomice,2.08,3.63,3.56,Wygrali gospodarze
295,29 Lip 2023,15:00,23/24,Warta Poznań,2,0,Górnik Zabrze,2.42,3.19,3.29,Wygrali gospodarze
296,28 Lip 2023,20:30,23/24,Ruch Chorzów,2,0,ŁKS Łódź,2.35,3.22,3.28,Wygrali gospodarze
297,24 Lip 2023,19:00,23/24,Korona Kielce,1,1,Śląsk Wrocław,2.36,3.47,3.17,Remis
298,23 Lip 2023,20:00,23/24,Widzew Łódź,3,2,Puszcza Niepołomice,1.88,3.73,4.35,Wygrali gospodarze
299,23 Lip 2023,17:30,23/24,Zagłębie Lubin,2,1,Ruch Chorzów,1.95,3.71,4.05,Wygrali gospodarze
300,23 Lip 2023,15:00,23/24,Górnik Zabrze,0,2,Radomiak Radom,2.51,3.36,3.01,Wygrali goście
301,22 Lip 2023,20:00,23/24,Piast Gliwice,1,2,Lech Poznań,3.18,3.06,2.53,Wygrali goście
302,22 Lip 2023,17:30,23/24,Raków Częstochowa,3,0,Jagiellonia Białystok,1.34,5.31,9.87,Wygrali gospodarze
303,22 Lip 2023,15:00,23/24,Stal Mielec,2,2,Cracovia,3.29,3.26,2.39,Remis
304,21 Lip 2023,20:30,23/24,Legia Warszawa,3,0,ŁKS Łódź,1.42,5.07,8.14,Wygrali gospodarze
305,21 Lip 2023,18:00,23/24,Warta Poznań,0,1,Pogoń Szczecin,3.49,3.44,2.21,Wygrali goście
