﻿,Data,Godzina,Sezon,Gospodarze,Gole_gospodarze,Gole_goście,Goście,Oddsy_gospodarze,Oddsy_remis,Oddsy_goście,Kto_wygrał
0,04 Cze 2017 - Grupa mistrzowska,18:00,16/17,Jagiellonia Białystok,2,2,Lech Poznań,2.60,3.10,2.70,Remis
1,04 Cze 2017 - Grupa mistrzowska,18:00,16/17,Legia Warszawa,0,0,Lechia Gdańsk,1.69,3.75,4.60,Remis
2,04 Cze 2017 - Grupa mistrzowska,18:00,16/17,Pogoń Szczecin,3,0,Korona Kielce,2.75,3.15,2.60,Wygrali gospodarze
3,04 Cze 2017 - Grupa mistrzowska,18:00,16/17,Wisła Kraków,1,2,Bruk-Bet T.,1.58,3.75,5.55,Wygrali goście
4,02 Cze 2017,20:30,16/17,Cracovia,0,1,Piast Gliwice,2.30,3.20,3.00,Wygrali goście
5,02 Cze 2017,20:30,16/17,Ruch Chorzów,2,2,Górnik Łęczna,3.85,3.80,1.82,Remis
6,02 Cze 2017,20:30,16/17,Wisła Płock,0,3,Śląsk Wrocław,2.60,3.15,2.70,Wygrali goście
7,02 Cze 2017,20:30,16/17,Zagłębie Lubin,1,3,Arka Gdynia,3.30,4.10,1.85,Wygrali goście
8,28 Maj 2017,18:00,16/17,Korona Kielce,0,1,Legia Warszawa,7.00,4.20,1.45,Wygrali goście
9,28 Maj 2017,18:00,16/17,Lech Poznań,2,1,Wisła Kraków,1.45,4.15,7.50,Wygrali gospodarze
10,28 Maj 2017,18:00,16/17,Lechia Gdańsk,4,0,Pogoń Szczecin,1.28,5.35,9.90,Wygrali gospodarze
11,28 Maj 2017,18:00,16/17,Bruk-Bet T.,1,2,Jagiellonia Białystok,8.70,3.90,1.45,Wygrali goście
12,27 Maj 2017,18:00,16/17,Arka Gdynia,1,1,Ruch Chorzów,1.65,3.85,5.10,Remis
13,27 Maj 2017,18:00,16/17,Górnik Łęczna,1,3,Zagłębie Lubin,2.10,3.35,3.25,Wygrali goście
14,27 Maj 2017,18:00,16/17,Piast Gliwice,4,0,Wisła Płock,2.10,3.25,3.45,Wygrali gospodarze
15,27 Maj 2017,18:00,16/17,Śląsk Wrocław,2,0,Cracovia,2.25,3.15,3.25,Wygrali gospodarze
16,22 Maj 2017,18:00,16/17,Bruk-Bet T.,0,2,Korona Kielce,2.80,3.05,2.65,Wygrali goście
17,21 Maj 2017,18:00,16/17,Jagiellonia Białystok,0,0,Legia Warszawa,3.80,3.30,1.92,Remis
18,21 Maj 2017,15:30,16/17,Lech Poznań,0,0,Lechia Gdańsk,1.86,3.30,4.15,Remis
19,20 Maj 2017,20:30,16/17,Wisła Kraków,4,0,Pogoń Szczecin,1.73,3.55,4.75,Wygrali gospodarze
20,20 Maj 2017,18:00,16/17,Piast Gliwice,2,1,Górnik Łęczna,2.05,3.32,3.65,Wygrali gospodarze
21,20 Maj 2017,15:30,16/17,Wisła Płock,1,2,Zagłębie Lubin,2.60,3.00,2.85,Wygrali goście
22,19 Maj 2017,20:30,16/17,Cracovia,2,0,Ruch Chorzów,1.60,3.85,5.30,Wygrali gospodarze
23,19 Maj 2017,18:00,16/17,Śląsk Wrocław,4,1,Arka Gdynia,2.02,3.20,3.72,Wygrali gospodarze
24,17 Maj 2017,20:30,16/17,Legia Warszawa,2,0,Lech Poznań,2.12,3.15,3.50,Wygrali gospodarze
25,17 Maj 2017,20:30,16/17,Pogoń Szczecin,1,1,Bruk-Bet T.,1.85,3.40,4.15,Remis
26,17 Maj 2017,18:00,16/17,Korona Kielce,3,2,Wisła Kraków,2.32,3.15,3.10,Wygrali gospodarze
27,17 Maj 2017,18:00,16/17,Lechia Gdańsk,4,0,Jagiellonia Białystok,2.35,3.15,3.05,Wygrali gospodarze
28,16 Maj 2017,20:30,16/17,Ruch Chorzów,0,3,Piast Gliwice,2.60,3.15,2.70,Wygrali goście
29,16 Maj 2017,20:30,16/17,Zagłębie Lubin,2,0,Śląsk Wrocław,2.35,3.15,3.10,Wygrali gospodarze
30,16 Maj 2017,18:00,16/17,Arka Gdynia,0,1,Wisła Płock,2.20,3.20,3.25,Wygrali goście
31,16 Maj 2017,18:00,16/17,Górnik Łęczna,3,0,Cracovia,2.60,3.15,2.70,Wygrali gospodarze
32,14 Maj 2017,18:00,16/17,Legia Warszawa,6,0,Bruk-Bet T.,1.30,5.10,9.00,Wygrali gospodarze
33,14 Maj 2017,15:30,16/17,Lech Poznań,2,0,Pogoń Szczecin,1.40,4.25,7.75,Wygrali gospodarze
34,14 Maj 2017,15:30,16/17,Lechia Gdańsk,0,0,Korona Kielce,1.53,3.85,6.60,Remis
35,13 Maj 2017,20:30,16/17,Wisła Płock,1,1,Cracovia,2.42,3.15,3.05,Remis
36,13 Maj 2017,18:00,16/17,Śląsk Wrocław,6,0,Ruch Chorzów,2.15,3.30,3.40,Wygrali gospodarze
37,13 Maj 2017,15:30,16/17,Jagiellonia Białystok,2,0,Wisła Kraków,1.85,3.45,4.10,Wygrali gospodarze
38,12 Maj 2017,20:30,16/17,Arka Gdynia,1,0,Górnik Łęczna,2.32,3.15,3.20,Wygrali gospodarze
39,12 Maj 2017,18:00,16/17,Zagłębie Lubin,3,1,Piast Gliwice,2.25,2.90,2.70,Wygrali gospodarze
40,08 Maj 2017,18:00,16/17,Cracovia,2,0,Arka Gdynia,1.87,3.40,4.15,Wygrali gospodarze
41,07 Maj 2017,18:00,16/17,Pogoń Szczecin,0,2,Legia Warszawa,4.05,3.35,1.85,Wygrali goście
42,07 Maj 2017,15:30,16/17,Bruk-Bet T.,0,3,Lech Poznań,4.60,3.50,1.77,Wygrali goście
43,06 Maj 2017,20:30,16/17,Wisła Kraków,0,1,Lechia Gdańsk,2.45,3.10,2.90,Wygrali goście
44,06 Maj 2017,18:00,16/17,Górnik Łęczna,2,3,Wisła Płock,2.50,3.10,2.85,Wygrali goście
45,06 Maj 2017,15:30,16/17,Piast Gliwice,2,0,Śląsk Wrocław,2.50,3.10,2.90,Wygrali gospodarze
46,05 Maj 2017,20:30,16/17,Korona Kielce,1,1,Jagiellonia Białystok,3.35,3.15,2.18,Remis
47,05 Maj 2017,18:00,16/17,Ruch Chorzów,1,1,Zagłębie Lubin,2.77,3.10,2.57,Remis
48,01 Maj 2017,18:00,16/17,Zagłębie Lubin,2,2,Cracovia,2.20,3.20,3.35,Remis
49,30 Kwi 2017,18:00,16/17,Legia Warszawa,1,1,Wisła Kraków,1.50,4.10,6.30,Remis
50,30 Kwi 2017 - Grupa mistrzowska,15:30,16/17,Jagiellonia Białystok,1,0,Pogoń Szczecin,1.85,3.30,4.25,Wygrali gospodarze
51,29 Kwi 2017,20:30,16/17,Lechia Gdańsk,2,0,Bruk-Bet T.,1.61,3.75,5.75,Wygrali gospodarze
52,29 Kwi 2017,18:00,16/17,Śląsk Wrocław,0,2,Górnik Łęczna,1.93,3.40,3.90,Wygrali goście
53,29 Kwi 2017,15:30,16/17,Wisła Płock,1,1,Ruch Chorzów,1.63,3.60,5.40,Remis
54,28 Kwi 2017,20:30,16/17,Lech Poznań,3,2,Korona Kielce,1.33,4.70,10.00,Wygrali gospodarze
55,28 Kwi 2017,18:00,16/17,Arka Gdynia,1,1,Piast Gliwice,2.15,3.20,3.35,Remis
56,22 Kwi 2017,18:00,16/17,Arka Gdynia,1,1,Wisła Płock,2.50,3.10,2.75,Remis
57,22 Kwi 2017,18:00,16/17,Cracovia,1,2,Legia Warszawa,3.85,3.25,1.90,Wygrali goście
58,22 Kwi 2017,18:00,16/17,Górnik Łęczna,3,1,Wisła Kraków,3.30,3.15,2.20,Wygrali gospodarze
59,22 Kwi 2017,18:00,16/17,Korona Kielce,0,1,Bruk-Bet T.,2.07,3.35,3.75,Wygrali goście
60,22 Kwi 2017,18:00,16/17,Lech Poznań,3,0,Ruch Chorzów,1.32,4.80,10.00,Wygrali gospodarze
61,22 Kwi 2017,18:00,16/17,Piast Gliwice,0,1,Jagiellonia Białystok,3.20,3.15,2.20,Wygrali goście
62,22 Kwi 2017,18:00,16/17,Pogoń Szczecin,3,1,Lechia Gdańsk,2.70,3.05,2.70,Wygrali gospodarze
63,22 Kwi 2017,18:00,16/17,Zagłębie Lubin,1,1,Śląsk Wrocław,1.92,3.20,4.15,Remis
64,17 Kwi 2017,18:00,16/17,Lechia Gdańsk,2,1,Arka Gdynia,1.52,3.80,6.00,Wygrali gospodarze
65,17 Kwi 2017,18:00,16/17,Wisła Kraków,1,0,Zagłębie Lubin,2.00,3.15,3.70,Wygrali gospodarze
66,17 Kwi 2017,15:30,16/17,Legia Warszawa,0,0,Korona Kielce,1.28,4.80,11.00,Remis
67,17 Kwi 2017,15:30,16/17,Bruk-Bet T.,1,0,Piast Gliwice,2.17,3.10,3.35,Wygrali gospodarze
68,15 Kwi 2017,20:30,16/17,Wisła Płock,0,3,Lech Poznań,3.40,3.15,2.05,Wygrali goście
69,15 Kwi 2017,18:00,16/17,Jagiellonia Białystok,0,0,Cracovia,1.75,3.40,4.50,Remis
70,15 Kwi 2017,15:30,16/17,Ruch Chorzów,1,2,Pogoń Szczecin,2.65,3.10,2.60,Wygrali goście
71,15 Kwi 2017,15:30,16/17,Śląsk Wrocław,2,2,Górnik Łęczna,1.82,3.30,4.40,Remis
72,10 Kwi 2017,18:00,16/17,Korona Kielce,1,0,Ruch Chorzów,2.20,3.10,3.25,Wygrali gospodarze
73,09 Kwi 2017,18:00,16/17,Lech Poznań,1,2,Legia Warszawa,2.70,3.05,2.70,Wygrali goście
74,09 Kwi 2017,15:30,16/17,Piast Gliwice,1,1,Lechia Gdańsk,3.35,3.10,2.15,Remis
75,08 Kwi 2017,20:30,16/17,Bruk-Bet T.,2,3,Wisła Kraków,2.70,3.10,2.55,Wygrali goście
76,08 Kwi 2017,18:00,16/17,Pogoń Szczecin,5,1,Arka Gdynia,1.95,3.20,3.80,Wygrali gospodarze
77,08 Kwi 2017,15:30,16/17,Górnik Łęczna,2,3,Wisła Płock,2.65,3.10,2.65,Wygrali goście
78,07 Kwi 2017,20:30,16/17,Zagłębie Lubin,3,4,Jagiellonia Białystok,2.70,3.05,2.67,Wygrali goście
79,07 Kwi 2017,18:00,16/17,Cracovia,1,0,Śląsk Wrocław,2.25,3.10,3.25,Wygrali gospodarze
80,03 Kwi 2017,18:00,16/17,Ruch Chorzów,0,0,Piast Gliwice,2.20,3.10,3.25,Remis
81,02 Kwi 2017,18:00,16/17,Lechia Gdańsk,1,0,Zagłębie Lubin,1.90,3.25,4.20,Wygrali gospodarze
82,02 Kwi 2017,15:30,16/17,Jagiellonia Białystok,1,0,Bruk-Bet T.,1.65,3.55,5.40,Wygrali gospodarze
83,01 Kwi 2017,20:30,16/17,Legia Warszawa,2,0,Pogoń Szczecin,1.40,4.40,8.20,Wygrali gospodarze
84,01 Kwi 2017,18:00,16/17,Wisła Płock,4,1,Cracovia,2.18,3.10,3.25,Wygrali gospodarze
85,01 Kwi 2017,15:30,16/17,Arka Gdynia,2,4,Górnik Łęczna,1.80,3.35,4.45,Wygrali goście
86,31 Mar 2017,20:30,16/17,Wisła Kraków,0,0,Lech Poznań,3.15,3.10,2.27,Remis
87,31 Mar 2017,18:00,16/17,Śląsk Wrocław,3,0,Korona Kielce,2.20,3.10,3.35,Wygrali gospodarze
88,19 Mar 2017,18:00,16/17,Lechia Gdańsk,1,2,Legia Warszawa,3.05,3.10,2.28,Wygrali goście
89,19 Mar 2017,15:30,16/17,Korona Kielce,3,0,Cracovia,2.63,3.10,2.60,Wygrali gospodarze
90,19 Mar 2017,15:30,16/17,Lech Poznań,0,0,Górnik Łęczna,1.23,5.50,13.50,Remis
91,18 Mar 2017,20:30,16/17,Pogoń Szczecin,0,0,Jagiellonia Białystok,2.70,3.10,2.65,Remis
92,18 Mar 2017,18:00,16/17,Zagłębie Lubin,0,1,Ruch Chorzów,1.87,3.30,4.10,Wygrali goście
93,18 Mar 2017,15:30,16/17,Piast Gliwice,3,2,Arka Gdynia,2.57,3.10,2.70,Wygrali gospodarze
94,17 Mar 2017,20:30,16/17,Wisła Kraków,3,2,Wisła Płock,1.82,3.30,4.25,Wygrali gospodarze
95,17 Mar 2017,18:00,16/17,Bruk-Bet T.,1,2,Śląsk Wrocław,2.22,3.10,3.25,Wygrali goście
96,13 Mar 2017,18:00,16/17,Cracovia,1,1,Zagłębie Lubin,2.27,3.10,3.10,Remis
97,12 Mar 2017,18:00,16/17,Legia Warszawa,1,0,Wisła Kraków,1.58,3.75,5.80,Wygrali gospodarze
98,12 Mar 2017,15:30,16/17,Górnik Łęczna,2,2,Pogoń Szczecin,2.95,3.10,2.35,Remis
99,11 Mar 2017,20:30,16/17,Jagiellonia Białystok,4,1,Korona Kielce,1.57,3.60,5.80,Wygrali gospodarze
100,11 Mar 2017,18:00,16/17,Ruch Chorzów,2,1,Lechia Gdańsk,3.25,3.10,2.20,Wygrali gospodarze
101,11 Mar 2017,15:30,16/17,Wisła Płock,1,0,Bruk-Bet T.,2.35,3.05,3.05,Wygrali gospodarze
102,10 Mar 2017,20:30,16/17,Arka Gdynia,1,4,Lech Poznań,4.00,3.20,1.95,Wygrali goście
103,10 Mar 2017,18:10,16/17,Śląsk Wrocław,3,4,Piast Gliwice,2.05,3.15,3.55,Wygrali goście
104,07 Mar 2017,18:00,16/17,Górnik Łęczna,0,1,Zagłębie Lubin,3.10,3.10,2.30,Wygrali goście
105,06 Mar 2017,18:00,16/17,Pogoń Szczecin,1,1,Wisła Płock,1.95,3.20,3.90,Remis
106,05 Mar 2017,18:00,16/17,Lech Poznań,1,0,Lechia Gdańsk,1.90,3.20,4.25,Wygrali gospodarze
107,05 Mar 2017,15:30,16/17,Jagiellonia Białystok,4,1,Śląsk Wrocław,1.65,3.55,5.30,Wygrali gospodarze
108,04 Mar 2017,20:30,16/17,Piast Gliwice,1,2,Wisła Kraków,3.00,3.15,2.30,Wygrali goście
109,04 Mar 2017,18:00,16/17,Bruk-Bet T.,0,0,Ruch Chorzów,2.12,3.10,3.45,Remis
110,04 Mar 2017,15:30,16/17,Cracovia,1,1,Arka Gdynia,1.95,3.20,3.80,Remis
111,03 Mar 2017,20:30,16/17,Zagłębie Lubin,1,3,Legia Warszawa,3.50,3.15,2.10,Wygrali goście
112,03 Mar 2017,18:00,16/17,Korona Kielce,2,1,Górnik Łęczna,1.92,3.20,4.05,Wygrali gospodarze
113,27 Lut 2017,18:00,16/17,Ruch Chorzów,2,0,Śląsk Wrocław,2.70,3.05,2.65,Wygrali gospodarze
114,26 Lut 2017,18:00,16/17,Legia Warszawa,1,1,Bruk-Bet T.,1.38,4.40,8.20,Remis
115,26 Lut 2017,15:30,16/17,Górnik Łęczna,1,0,Piast Gliwice,2.45,3.10,2.80,Wygrali gospodarze
116,25 Lut 2017,20:30,16/17,Wisła Kraków,3,1,Jagiellonia Białystok,2.68,3.05,2.67,Wygrali gospodarze
117,25 Lut 2017,18:00,16/17,Lechia Gdańsk,4,2,Cracovia,1.80,3.30,4.40,Wygrali gospodarze
118,25 Lut 2017,15:30,16/17,Wisła Płock,2,1,Zagłębie Lubin,2.70,3.05,2.70,Wygrali gospodarze
119,24 Lut 2017,20:30,16/17,Pogoń Szczecin,0,3,Lech Poznań,3.35,3.10,2.20,Wygrali goście
120,24 Lut 2017,18:00,16/17,Arka Gdynia,4,1,Korona Kielce,2.27,3.05,3.20,Wygrali gospodarze
121,20 Lut 2017,18:00,16/17,Zagłębie Lubin,1,0,Arka Gdynia,2.00,3.15,3.70,Wygrali gospodarze
122,19 Lut 2017,18:00,16/17,Legia Warszawa,1,3,Ruch Chorzów,1.27,5.00,13.00,Wygrali goście
123,19 Lut 2017,15:30,16/17,Cracovia,1,1,Pogoń Szczecin,2.32,3.10,3.05,Remis
124,18 Lut 2017,20:30,16/17,Piast Gliwice,0,3,Lech Poznań,4.50,3.40,1.75,Wygrali goście
125,18 Lut 2017,18:00,16/17,Śląsk Wrocław,1,0,Wisła Kraków,2.55,3.10,2.70,Wygrali gospodarze
126,18 Lut 2017,15:30,16/17,Korona Kielce,4,2,Wisła Płock,2.50,3.05,2.85,Wygrali gospodarze
127,17 Lut 2017,20:30,16/17,Bruk-Bet T.,1,1,Lechia Gdańsk,3.35,3.15,2.17,Remis
128,17 Lut 2017,18:00,16/17,Jagiellonia Białystok,5,0,Górnik Łęczna,1.61,3.60,5.50,Wygrali gospodarze
129,13 Lut 2017,18:00,16/17,Pogoń Szczecin,2,1,Piast Gliwice,1.80,3.33,4.45,Wygrali gospodarze
130,12 Lut 2017,18:00,16/17,Lechia Gdańsk,3,0,Jagiellonia Białystok,2.08,3.18,3.61,Wygrali gospodarze
131,12 Lut 2017,15:30,16/17,Wisła Płock,1,1,Śląsk Wrocław,2.23,3.10,3.30,Remis
132,11 Lut 2017,20:30,16/17,Arka Gdynia,0,1,Legia Warszawa,4.66,3.50,1.75,Wygrali goście
133,11 Lut 2017,18:00,16/17,Wisła Kraków,2,0,Korona Kielce,1.81,3.35,4.42,Wygrali gospodarze
134,10 Lut 2017,20:30,16/17,Lech Poznań,3,0,Bruk-Bet T.,1.76,3.53,4.54,Wygrali gospodarze
135,10 Lut 2017,18:00,16/17,Ruch Chorzów,0,1,Cracovia,2.92,3.10,2.43,Wygrali goście
136,19 Gru 2016,18:00,16/17,Zagłębie Lubin,2,1,Piast Gliwice,1.75,3.35,4.39,Wygrali gospodarze
137,18 Gru 2016,18:00,16/17,Legia Warszawa,5,0,Górnik Łęczna,1.21,5.50,11.96,Wygrali gospodarze
138,18 Gru 2016,15:30,16/17,Śląsk Wrocław,0,2,Arka Gdynia,2.34,3.05,2.95,Wygrali goście
139,17 Gru 2016,20:30,16/17,Cracovia,1,1,Lech Poznań,2.84,3.05,2.43,Remis
140,17 Gru 2016,18:00,16/17,Jagiellonia Białystok,1,2,Wisła Płock,1.75,3.45,4.25,Wygrali goście
141,17 Gru 2016,15:30,16/17,Korona Kielce,2,0,Lechia Gdańsk,3.46,3.10,2.05,Wygrali gospodarze
142,16 Gru 2016,20:30,16/17,Ruch Chorzów,1,0,Wisła Kraków,3.25,3.08,2.15,Wygrali gospodarze
143,16 Gru 2016,18:00,16/17,Bruk-Bet T.,2,0,Pogoń Szczecin,2.59,2.97,2.69,Wygrali gospodarze
144,12 Gru 2016,18:00,16/17,Arka Gdynia,2,3,Jagiellonia Białystok,2.92,3.00,2.38,Wygrali goście
145,11 Gru 2016,18:00,16/17,Piast Gliwice,1,5,Legia Warszawa,5.35,3.65,1.59,Wygrali goście
146,11 Gru 2016,15:30,16/17,Lech Poznań,1,0,Korona Kielce,1.50,3.78,6.30,Wygrali gospodarze
147,10 Gru 2016,20:30,16/17,Wisła Kraków,1,1,Cracovia,2.25,3.05,3.09,Remis
148,10 Gru 2016,18:00,16/17,Wisła Płock,4,3,Ruch Chorzów,2.08,3.05,3.45,Wygrali gospodarze
149,10 Gru 2016,15:30,16/17,Górnik Łęczna,3,0,Bruk-Bet T.,2.69,2.97,2.58,Wygrali gospodarze
150,09 Gru 2016,20:30,16/17,Lechia Gdańsk,3,0,Śląsk Wrocław,1.69,3.43,4.69,Wygrali gospodarze
151,09 Gru 2016,18:00,16/17,Pogoń Szczecin,1,1,Zagłębie Lubin,2.13,3.05,3.34,Remis
152,05 Gru 2016,18:00,16/17,Ruch Chorzów,1,2,Arka Gdynia,2.35,3.00,2.95,Wygrali goście
153,04 Gru 2016,18:00,16/17,Jagiellonia Białystok,2,1,Lech Poznań,2.73,3.00,2.53,Wygrali gospodarze
154,04 Gru 2016,15:30,16/17,Cracovia,1,1,Górnik Łęczna,1.71,3.43,4.51,Remis
155,03 Gru 2016,20:30,16/17,Wisła Kraków,3,0,Lechia Gdańsk,2.68,3.05,2.53,Wygrali gospodarze
156,03 Gru 2016,18:00,16/17,Śląsk Wrocław,1,1,Pogoń Szczecin,2.58,2.97,2.68,Remis
157,03 Gru 2016,15:30,16/17,Piast Gliwice,1,0,Korona Kielce,2.30,3.10,2.95,Wygrali gospodarze
158,02 Gru 2016,20:30,16/17,Legia Warszawa,2,2,Wisła Płock,1.34,4.25,9.03,Remis
159,02 Gru 2016,18:00,16/17,Bruk-Bet T.,0,1,Zagłębie Lubin,2.44,2.97,2.85,Wygrali goście
160,28 Lis 2016,18:00,16/17,Lechia Gdańsk,3,0,Górnik Łęczna,1.55,3.70,5.71,Wygrali gospodarze
161,27 Lis 2016,18:00,16/17,Śląsk Wrocław,0,4,Legia Warszawa,4.44,3.40,1.73,Wygrali goście
162,27 Lis 2016,15:30,16/17,Wisła Płock,0,0,Piast Gliwice,2.13,3.08,3.33,Remis
163,26 Lis 2016,20:30,16/17,Wisła Kraków,5,1,Arka Gdynia,2.15,3.13,3.20,Wygrali gospodarze
164,26 Lis 2016,18:00,16/17,Ruch Chorzów,1,2,Jagiellonia Białystok,3.33,3.05,2.14,Wygrali goście
165,26 Lis 2016,15:30,16/17,Korona Kielce,4,1,Pogoń Szczecin,3.07,3.10,2.24,Wygrali gospodarze
166,25 Lis 2016,20:30,16/17,Zagłębie Lubin,0,3,Lech Poznań,2.97,3.10,2.30,Wygrali goście
167,25 Lis 2016,18:00,16/17,Cracovia,1,3,Bruk-Bet T.,1.86,3.28,3.90,Wygrali goście
168,21 Lis 2016,18:00,16/17,Korona Kielce,2,1,Zagłębie Lubin,3.28,3.10,2.13,Wygrali gospodarze
169,20 Lis 2016,18:00,16/17,Lech Poznań,3,0,Śląsk Wrocław,1.73,3.43,4.41,Wygrali gospodarze
170,20 Lis 2016,15:30,16/17,Arka Gdynia,1,3,Bruk-Bet T.,2.20,3.05,3.18,Wygrali goście
171,19 Lis 2016,20:30,16/17,Lechia Gdańsk,2,1,Wisła Płock,1.73,3.43,4.41,Wygrali gospodarze
172,19 Lis 2016,18:00,16/17,Pogoń Szczecin,6,2,Wisła Kraków,1.92,3.23,3.76,Wygrali gospodarze
173,19 Lis 2016,15:30,16/17,Górnik Łęczna,0,4,Ruch Chorzów,2.25,3.05,3.07,Wygrali goście
174,18 Lis 2016,20:30,16/17,Jagiellonia Białystok,1,4,Legia Warszawa,3.08,3.05,2.26,Wygrali goście
175,18 Lis 2016,18:00,16/17,Piast Gliwice,2,2,Cracovia,2.83,3.00,2.45,Remis
176,06 Lis 2016,18:00,16/17,Legia Warszawa,2,0,Cracovia,1.55,3.58,5.76,Wygrali gospodarze
177,06 Lis 2016,15:30,16/17,Śląsk Wrocław,2,1,Zagłębie Lubin,2.50,2.97,2.76,Wygrali gospodarze
178,06 Lis 2016,15:30,16/17,Wisła Kraków,3,2,Górnik Łęczna,1.83,3.30,4.19,Wygrali gospodarze
179,05 Lis 2016,20:30,16/17,Lechia Gdańsk,1,1,Pogoń Szczecin,1.85,3.28,3.97,Remis
180,05 Lis 2016,18:00,16/17,Jagiellonia Białystok,2,0,Piast Gliwice,1.73,3.38,4.44,Wygrali gospodarze
181,05 Lis 2016,15:30,16/17,Bruk-Bet T.,1,3,Korona Kielce,1.76,3.28,4.43,Wygrali goście
182,04 Lis 2016,20:30,16/17,Ruch Chorzów,0,5,Lech Poznań,3.83,3.22,1.90,Wygrali goście
183,04 Lis 2016,18:00,16/17,Wisła Płock,0,0,Arka Gdynia,2.45,3.00,2.83,Remis
184,31 Paź 2016,18:00,16/17,Zagłębie Lubin,2,2,Wisła Kraków,2.20,3.05,3.18,Remis
185,30 Paź 2016,18:00,16/17,Arka Gdynia,1,1,Lechia Gdańsk,2.70,3.03,2.53,Remis
186,30 Paź 2016,15:30,16/17,Cracovia,1,3,Jagiellonia Białystok,2.25,3.10,3.02,Wygrali goście
187,29 Paź 2016,20:30,16/17,Lech Poznań,2,0,Wisła Płock,1.67,3.45,4.73,Wygrali gospodarze
188,29 Paź 2016,18:00,16/17,Pogoń Szczecin,2,1,Ruch Chorzów,1.80,3.30,4.18,Wygrali gospodarze
189,29 Paź 2016,15:30,16/17,Górnik Łęczna,0,3,Śląsk Wrocław,2.63,2.95,2.66,Wygrali goście
190,28 Paź 2016,20:30,16/17,Korona Kielce,2,4,Legia Warszawa,5.42,3.60,1.58,Wygrali goście
191,28 Paź 2016,18:00,16/17,Piast Gliwice,2,1,Bruk-Bet T.,2.40,3.05,2.84,Wygrali gospodarze
192,24 Paź 2016,18:00,16/17,Ruch Chorzów,4,0,Korona Kielce,2.31,3.03,3.00,Wygrali gospodarze
193,23 Paź 2016,18:00,16/17,Jagiellonia Białystok,1,2,Zagłębie Lubin,2.22,3.15,3.06,Wygrali goście
194,23 Paź 2016,15:30,16/17,Lechia Gdańsk,3,2,Piast Gliwice,1.65,3.53,4.80,Wygrali gospodarze
195,22 Paź 2016,20:30,16/17,Legia Warszawa,2,1,Lech Poznań,1.88,3.25,3.90,Wygrali gospodarze
196,22 Paź 2016,18:00,16/17,Śląsk Wrocław,2,2,Cracovia,2.56,3.03,2.65,Remis
197,22 Paź 2016,15:30,16/17,Wisła Płock,1,2,Górnik Łęczna,1.92,3.20,3.79,Wygrali goście
198,21 Paź 2016,20:30,16/17,Wisła Kraków,2,0,Bruk-Bet T.,1.98,3.20,3.60,Wygrali gospodarze
199,21 Paź 2016,18:00,16/17,Arka Gdynia,0,3,Pogoń Szczecin,2.26,3.10,3.00,Wygrali goście
200,17 Paź 2016,18:00,16/17,Korona Kielce,1,2,Śląsk Wrocław,2.65,3.00,2.58,Wygrali goście
201,16 Paź 2016,18:00,16/17,Lech Poznań,1,1,Wisła Kraków,1.82,3.28,4.12,Remis
202,16 Paź 2016,15:30,16/17,Bruk-Bet T.,0,0,Jagiellonia Białystok,2.69,2.95,2.58,Remis
203,15 Paź 2016,20:30,16/17,Zagłębie Lubin,1,2,Lechia Gdańsk,2.43,3.05,2.79,Wygrali goście
204,15 Paź 2016,18:00,16/17,Piast Gliwice,2,1,Ruch Chorzów,2.03,3.10,3.54,Wygrali gospodarze
205,15 Paź 2016,15:30,16/17,Górnik Łęczna,0,0,Arka Gdynia,2.71,3.03,2.53,Remis
206,14 Paź 2016,20:30,16/17,Pogoń Szczecin,3,2,Legia Warszawa,3.63,3.23,1.95,Wygrali gospodarze
207,14 Paź 2016,18:00,16/17,Cracovia,1,0,Wisła Płock,1.92,3.23,3.71,Wygrali gospodarze
208,02 Paź 2016,18:00,16/17,Jagiellonia Białystok,0,0,Pogoń Szczecin,1.95,3.20,3.70,Remis
209,02 Paź 2016,15:30,16/17,Cracovia,6,0,Korona Kielce,1.80,3.33,4.14,Wygrali gospodarze
210,02 Paź 2016,15:30,16/17,Śląsk Wrocław,1,2,Bruk-Bet T.,2.10,3.10,3.36,Wygrali goście
211,01 Paź 2016,20:30,16/17,Legia Warszawa,3,0,Lechia Gdańsk,2.03,3.18,3.45,Wygrali gospodarze
212,01 Paź 2016,18:00,16/17,Wisła Płock,2,3,Wisła Kraków,2.43,3.03,2.80,Wygrali goście
213,01 Paź 2016,15:30,16/17,Arka Gdynia,1,2,Piast Gliwice,1.80,3.33,4.14,Wygrali goście
214,30 Wrz 2016,20:30,16/17,Górnik Łęczna,1,2,Lech Poznań,3.07,3.10,2.22,Wygrali goście
215,30 Wrz 2016,18:00,16/17,Ruch Chorzów,1,2,Zagłębie Lubin,3.21,3.13,2.15,Wygrali goście
216,26 Wrz 2016,18:00,16/17,Piast Gliwice,1,1,Śląsk Wrocław,2.40,3.05,2.84,Remis
217,25 Wrz 2016,18:00,16/17,Lech Poznań,0,0,Arka Gdynia,1.76,3.35,4.36,Remis
218,25 Wrz 2016,15:30,16/17,Korona Kielce,1,2,Jagiellonia Białystok,2.86,3.10,2.35,Wygrali goście
219,24 Wrz 2016,20:30,16/17,Zagłębie Lubin,1,1,Cracovia,2.05,3.13,3.44,Remis
220,24 Wrz 2016,18:00,16/17,Lechia Gdańsk,2,1,Ruch Chorzów,1.48,3.78,6.61,Wygrali gospodarze
221,24 Wrz 2016,15:30,16/17,Pogoń Szczecin,1,1,Górnik Łęczna,1.98,3.18,3.60,Remis
222,23 Wrz 2016,20:30,16/17,Wisła Kraków,0,0,Legia Warszawa,3.33,3.10,2.11,Remis
223,23 Wrz 2016,18:00,16/17,Bruk-Bet T.,0,0,Wisła Płock,2.25,3.10,3.04,Remis
224,19 Wrz 2016,18:00,16/17,Arka Gdynia,1,0,Cracovia,2.18,3.05,3.23,Wygrali gospodarze
225,18 Wrz 2016,18:00,16/17,Legia Warszawa,2,3,Zagłębie Lubin,1.78,3.35,4.29,Wygrali goście
226,18 Wrz 2016,15:30,16/17,Lechia Gdańsk,2,1,Lech Poznań,2.28,3.10,2.98,Wygrali gospodarze
227,17 Wrz 2016,20:30,16/17,Wisła Kraków,1,0,Piast Gliwice,2.13,3.13,3.33,Wygrali gospodarze
228,17 Wrz 2016,18:00,16/17,Wisła Płock,2,0,Pogoń Szczecin,2.40,3.05,2.82,Wygrali gospodarze
229,17 Wrz 2016,15:30,16/17,Górnik Łęczna,4,0,Korona Kielce,2.36,3.05,2.91,Wygrali gospodarze
230,16 Wrz 2016,20:30,16/17,Śląsk Wrocław,0,4,Jagiellonia Białystok,2.53,3.05,2.68,Wygrali goście
231,16 Wrz 2016,18:00,16/17,Ruch Chorzów,0,1,Bruk-Bet T.,2.58,3.05,2.65,Wygrali goście
232,12 Wrz 2016,18:00,16/17,Śląsk Wrocław,1,2,Ruch Chorzów,1.80,3.33,4.14,Wygrali goście
233,11 Wrz 2016,18:00,16/17,Jagiellonia Białystok,2,1,Wisła Kraków,1.98,3.20,3.50,Wygrali gospodarze
234,11 Wrz 2016,15:30,16/17,Lech Poznań,3,1,Pogoń Szczecin,1.82,3.35,4.12,Wygrali gospodarze
235,10 Wrz 2016,20:30,16/17,Bruk-Bet T.,2,1,Legia Warszawa,3.80,3.28,1.89,Wygrali gospodarze
236,10 Wrz 2016,18:00,16/17,Korona Kielce,1,0,Arka Gdynia,2.58,3.05,2.68,Wygrali gospodarze
237,10 Wrz 2016,15:30,16/17,Piast Gliwice,3,3,Górnik Łęczna,2.14,3.10,3.28,Remis
238,09 Wrz 2016,20:30,16/17,Zagłębie Lubin,1,2,Wisła Płock,1.90,3.23,3.80,Wygrali goście
239,09 Wrz 2016,18:00,16/17,Cracovia,0,1,Lechia Gdańsk,2.65,2.95,2.70,Wygrali goście
240,28 Sie 2016,18:00,16/17,Lechia Gdańsk,1,2,Bruk-Bet T.,1.58,3.60,5.36,Wygrali goście
241,28 Sie 2016,18:00,16/17,Ruch Chorzów,0,2,Legia Warszawa,4.16,3.35,1.79,Wygrali goście
242,28 Sie 2016,15:30,16/17,Lech Poznań,2,0,Piast Gliwice,1.65,3.48,4.90,Wygrali gospodarze
243,27 Sie 2016,20:30,16/17,Arka Gdynia,1,1,Zagłębie Lubin,2.33,3.03,2.97,Remis
244,27 Sie 2016,18:00,16/17,Górnik Łęczna,0,2,Jagiellonia Białystok,2.76,3.03,2.48,Wygrali goście
245,27 Sie 2016,15:30,16/17,Pogoń Szczecin,1,1,Cracovia,2.10,3.13,3.32,Remis
246,26 Sie 2016,20:30,16/17,Wisła Kraków,1,5,Śląsk Wrocław,2.15,3.10,3.23,Wygrali goście
247,26 Sie 2016,18:00,16/17,Wisła Płock,1,2,Korona Kielce,1.98,3.18,3.60,Wygrali goście
248,22 Sie 2016,18:00,16/17,Korona Kielce,1,0,Wisła Kraków,2.65,3.05,2.55,Wygrali gospodarze
249,21 Sie 2016,18:00,16/17,Jagiellonia Białystok,0,1,Lechia Gdańsk,2.64,3.00,2.60,Wygrali goście
250,21 Sie 2016,15:30,16/17,Zagłębie Lubin,0,0,Górnik Łęczna,1.85,3.28,3.95,Remis
251,20 Sie 2016,20:30,16/17,Legia Warszawa,1,3,Arka Gdynia,1.74,3.40,4.36,Wygrali goście
252,20 Sie 2016,18:00,16/17,Piast Gliwice,0,2,Pogoń Szczecin,2.35,3.05,2.90,Wygrali goście
253,20 Sie 2016,15:30,16/17,Cracovia,1,1,Ruch Chorzów,1.71,3.45,4.46,Remis
254,19 Sie 2016,20:30,16/17,Bruk-Bet T.,0,0,Lech Poznań,2.99,3.05,2.30,Remis
255,19 Sie 2016,18:00,16/17,Śląsk Wrocław,0,0,Wisła Płock,2.26,3.05,3.05,Remis
256,15 Sie 2016,18:00,16/17,Wisła Płock,1,0,Jagiellonia Białystok,2.60,3.00,2.63,Wygrali gospodarze
257,14 Sie 2016,18:00,16/17,Wisła Kraków,1,2,Ruch Chorzów,1.70,3.38,4.71,Wygrali goście
258,14 Sie 2016,15:30,16/17,Piast Gliwice,0,0,Zagłębie Lubin,2.69,2.97,2.58,Remis
259,13 Sie 2016,20:30,16/17,Pogoń Szczecin,5,0,Bruk-Bet T.,2.10,3.10,3.33,Wygrali gospodarze
260,13 Sie 2016,18:00,16/17,Górnik Łęczna,1,0,Legia Warszawa,3.88,3.25,1.88,Wygrali gospodarze
261,13 Sie 2016,15:30,16/17,Arka Gdynia,2,0,Śląsk Wrocław,2.28,3.05,3.02,Wygrali gospodarze
262,12 Sie 2016,20:30,16/17,Lech Poznań,2,1,Cracovia,2.09,3.10,3.36,Wygrali gospodarze
263,12 Sie 2016,18:00,16/17,Lechia Gdańsk,3,2,Korona Kielce,1.53,3.60,6.05,Wygrali gospodarze
264,08 Sie 2016,18:00,16/17,Ruch Chorzów,2,2,Wisła Płock,2.63,3.03,2.60,Remis
265,07 Sie 2016,18:00,16/17,Legia Warszawa,0,0,Piast Gliwice,1.52,3.68,5.72,Remis
266,07 Sie 2016,15:30,16/17,Zagłębie Lubin,1,1,Pogoń Szczecin,1.92,3.20,3.74,Remis
267,06 Sie 2016,20:30,16/17,Korona Kielce,4,1,Lech Poznań,3.20,3.10,2.15,Wygrali gospodarze
268,06 Sie 2016,18:00,16/17,Śląsk Wrocław,0,0,Lechia Gdańsk,2.66,2.95,2.60,Remis
269,06 Sie 2016,15:30,16/17,Bruk-Bet T.,2,1,Górnik Łęczna,2.06,3.13,3.43,Wygrali gospodarze
270,05 Sie 2016,20:30,16/17,Cracovia,2,1,Wisła Kraków,2.18,3.10,3.18,Wygrali gospodarze
271,05 Sie 2016,18:00,16/17,Jagiellonia Białystok,4,1,Arka Gdynia,2.10,3.10,3.34,Wygrali gospodarze
272,01 Sie 2016,18:00,16/17,Pogoń Szczecin,0,2,Śląsk Wrocław,2.30,3.05,2.98,Wygrali goście
273,31 Lip 2016,18:00,16/17,Korona Kielce,1,1,Piast Gliwice,2.55,3.05,2.65,Remis
274,31 Lip 2016,15:30,16/17,Górnik Łęczna,0,0,Cracovia,2.70,2.97,2.55,Remis
275,31 Lip 2016,15:30,16/17,Zagłębie Lubin,2,0,Bruk-Bet T.,1.83,3.25,4.14,Wygrali gospodarze
276,30 Lip 2016,20:30,16/17,Wisła Płock,2,3,Legia Warszawa,3.30,3.13,2.10,Wygrali goście
277,30 Lip 2016,18:00,16/17,Lechia Gdańsk,3,1,Wisła Kraków,1.80,3.35,4.09,Wygrali gospodarze
278,29 Lip 2016,20:30,16/17,Lech Poznań,0,2,Jagiellonia Białystok,2.03,3.23,3.40,Wygrali goście
279,29 Lip 2016,18:00,16/17,Arka Gdynia,3,0,Ruch Chorzów,1.95,3.18,3.71,Wygrali gospodarze
280,25 Lip 2016,18:00,16/17,Górnik Łęczna,1,2,Lechia Gdańsk,3.55,3.28,1.95,Wygrali goście
281,24 Lip 2016,18:00,16/17,Lech Poznań,0,2,Zagłębie Lubin,1.95,3.20,3.66,Wygrali goście
282,24 Lip 2016,15:30,16/17,Bruk-Bet T.,3,2,Cracovia,2.80,3.05,2.43,Wygrali gospodarze
283,24 Lip 2016,15:30,16/17,Piast Gliwice,2,1,Wisła Płock,2.38,3.05,2.88,Wygrali gospodarze
284,23 Lip 2016,20:30,16/17,Legia Warszawa,0,0,Śląsk Wrocław,1.73,3.40,4.44,Remis
285,23 Lip 2016,18:00,16/17,Jagiellonia Białystok,4,1,Ruch Chorzów,1.98,3.18,3.58,Wygrali gospodarze
286,22 Lip 2016,20:30,16/17,Arka Gdynia,3,0,Wisła Kraków,2.66,2.97,2.63,Wygrali gospodarze
287,22 Lip 2016,18:00,16/17,Pogoń Szczecin,1,1,Korona Kielce,1.61,3.50,5.20,Remis
288,18 Lip 2016,18:00,16/17,Bruk-Bet T.,2,0,Arka Gdynia,2.30,3.05,2.98,Wygrali gospodarze
289,17 Lip 2016,18:00,16/17,Cracovia,5,1,Piast Gliwice,1.95,3.15,3.72,Wygrali gospodarze
290,17 Lip 2016,15:30,16/17,Zagłębie Lubin,4,0,Korona Kielce,1.76,3.38,4.26,Wygrali gospodarze
291,16 Lip 2016,20:30,16/17,Legia Warszawa,1,1,Jagiellonia Białystok,1.65,3.50,4.88,Remis
292,16 Lip 2016,18:00,16/17,Wisła Kraków,2,1,Pogoń Szczecin,1.92,3.20,3.78,Wygrali gospodarze
293,16 Lip 2016,15:30,16/17,Ruch Chorzów,2,1,Górnik Łęczna,2.35,3.05,2.92,Wygrali gospodarze
294,15 Lip 2016,20:30,16/17,Śląsk Wrocław,0,0,Lech Poznań,2.75,2.97,2.53,Remis
295,15 Lip 2016,18:00,16/17,Wisła Płock,2,1,Lechia Gdańsk,3.08,3.05,2.25,Wygrali gospodarze
