﻿,Data,Godzina,Sezon,Gospodarze,Gole_gospodarze,Gole_goście,Goście,Oddsy_gospodarze,Oddsy_remis,Oddsy_goście,Kto_wygrał
0,01 Cze 2014 - Grupa mistrzowska,18:00,13/14,Górnik Zabrze,0,2,Lechia Gdańsk,2.30,3.13,2.93,Wygrali goście
1,01 Cze 2014 - Grupa mistrzowska,18:00,13/14,Legia Warszawa,2,0,Lech Poznań,2.10,3.18,3.28,Wygrali gospodarze
2,01 Cze 2014 - Grupa mistrzowska,18:00,13/14,Ruch Chorzów,0,0,Pogoń Szczecin,1.90,3.22,3.82,Remis
3,01 Cze 2014 - Grupa mistrzowska,18:00,13/14,Wisła Kraków,2,1,Zawisza Bydgoszcz,2.20,3.18,3.06,Wygrali gospodarze
4,31 Maj 2014,20:30,13/14,Cracovia,2,2,Jagiellonia Białystok,2.33,3.10,2.92,Remis
5,31 Maj 2014,20:30,13/14,Korona Kielce,1,5,Śląsk Wrocław,2.64,3.05,2.60,Wygrali goście
6,31 Maj 2014,20:30,13/14,Piast Gliwice,2,2,Podbeskidzie B-B,2.28,3.10,2.97,Remis
7,28 Maj 2014,20:30,13/14,Lech Poznań,4,0,Ruch Chorzów,1.70,3.38,4.76,
8,28 Maj 2014,20:30,13/14,Lechia Gdańsk,2,2,Wisła Kraków,1.90,3.28,3.79,Remis
9,28 Maj 2014,20:30,13/14,Pogoń Szczecin,0,1,Legia Warszawa,3.03,3.15,2.22,Wygrali goście
10,28 Maj 2014,20:30,13/14,Zawisza Bydgoszcz,0,1,Górnik Zabrze,2.40,3.13,2.77,Wygrali goście
11,28 Maj 2014,20:30,13/14,Widzew Łódź,2,1,Piast Gliwice,2.69,2.97,2.58,Wygrali gospodarze
12,27 Maj 2014,20:30,13/14,Jagiellonia Białystok,4,4,Korona Kielce,2.30,3.10,2.94,Remis
13,27 Maj 2014,20:30,13/14,Podbeskidzie B-B,2,0,Zagłębie Lubin,2.15,3.15,3.18,Wygrali gospodarze
14,27 Maj 2014,20:30,13/14,Śląsk Wrocław,1,0,Cracovia,1.90,3.22,3.86,Wygrali gospodarze
15,25 Maj 2014,18:00,13/14,Zawisza Bydgoszcz,0,0,Lechia Gdańsk,2.67,3.08,2.55,Remis
16,25 Maj 2014,15:30,13/14,Legia Warszawa,1,2,Ruch Chorzów,1.47,3.80,6.76,Wygrali goście
17,24 Maj 2014,15:30,13/14,Lech Poznań,0,0,Pogoń Szczecin,1.51,3.63,6.31,Remis
18,24 Maj 2014,13:00,13/14,Wisła Kraków,2,3,Górnik Zabrze,2.28,3.10,2.98,Wygrali goście
19,23 Maj 2014,20:30,13/14,Piast Gliwice,2,0,Zagłębie Lubin,2.35,3.10,2.89,Wygrali gospodarze
20,23 Maj 2014,18:00,13/14,Cracovia,1,1,Korona Kielce,2.13,3.15,3.25,Remis
21,22 Maj 2014,20:30,13/14,Podbeskidzie B-B,3,0,Widzew Łódź,1.98,3.13,3.67,Wygrali gospodarze
22,22 Maj 2014,18:00,13/14,Jagiellonia Białystok,0,3,Śląsk Wrocław,2.45,3.03,2.79,Wygrali goście
23,19 Maj 2014,18:00,13/14,Ruch Chorzów,2,2,Wisła Kraków,2.23,3.13,3.05,Remis
24,18 Maj 2014,18:00,13/14,Górnik Zabrze,2,3,Legia Warszawa,4.19,3.33,1.79,Wygrali goście
25,18 Maj 2014,15:30,13/14,Zagłębie Lubin,1,2,Cracovia,1.98,3.20,3.55,Wygrali goście
26,17 Maj 2014,20:30,13/14,Pogoń Szczecin,1,2,Zawisza Bydgoszcz,2.06,3.13,3.43,Wygrali goście
27,17 Maj 2014,18:00,13/14,Korona Kielce,0,1,Piast Gliwice,2.25,3.05,3.07,Wygrali goście
28,17 Maj 2014,15:30,13/14,Śląsk Wrocław,0,0,Podbeskidzie B-B,1.95,3.20,3.66,Remis
29,16 Maj 2014,20:30,13/14,Lechia Gdańsk,2,1,Lech Poznań,3.33,3.20,2.06,Wygrali gospodarze
30,16 Maj 2014,18:00,13/14,Widzew Łódź,1,1,Jagiellonia Białystok,2.33,3.13,2.88,Remis
31,12 Maj 2014,18:00,13/14,Śląsk Wrocław,1,0,Widzew Łódź,1.69,3.40,4.78,Wygrali gospodarze
32,11 Maj 2014,18:00,13/14,Ruch Chorzów,3,1,Zawisza Bydgoszcz,2.15,3.13,3.20,Wygrali gospodarze
33,11 Maj 2014,15:30,13/14,Korona Kielce,3,2,Podbeskidzie B-B,2.30,3.03,3.03,Wygrali gospodarze
34,10 Maj 2014,20:30,13/14,Lech Poznań,2,1,Górnik Zabrze,1.42,3.95,7.28,Wygrali gospodarze
35,10 Maj 2014,18:00,13/14,Pogoń Szczecin,0,2,Lechia Gdańsk,2.28,3.10,2.97,Wygrali goście
36,10 Maj 2014,15:30,13/14,Cracovia,1,5,Piast Gliwice,2.20,3.10,3.12,Wygrali goście
37,09 Maj 2014,20:30,13/14,Legia Warszawa,5,0,Wisła Kraków,1.52,3.63,6.10,Wygrali gospodarze
38,09 Maj 2014,18:00,13/14,Jagiellonia Białystok,1,0,Zagłębie Lubin,2.39,3.05,2.87,Wygrali gospodarze
39,05 Maj 2014,20:30,13/14,Zagłębie Lubin,0,0,Korona Kielce,2.03,3.18,3.48,Remis
40,05 Maj 2014,18:00,13/14,Zawisza Bydgoszcz,1,2,Lech Poznań,4.97,3.50,1.64,Wygrali goście
41,04 Maj 2014,18:00,13/14,Górnik Zabrze,2,0,Ruch Chorzów,2.43,3.08,2.81,Wygrali gospodarze
42,04 Maj 2014,15:30,13/14,Widzew Łódź,2,0,Cracovia,2.55,3.08,2.64,Wygrali gospodarze
43,03 Maj 2014,20:30,13/14,Wisła Kraków,5,0,Pogoń Szczecin,2.62,3.03,2.60,Wygrali gospodarze
44,03 Maj 2014,18:00,13/14,Lechia Gdańsk,0,1,Legia Warszawa,3.76,3.22,1.92,Wygrali goście
45,03 Maj 2014,15:30,13/14,Piast Gliwice,0,0,Śląsk Wrocław,2.64,3.08,2.54,Remis
46,01 Maj 2014,18:00,13/14,Podbeskidzie B-B,2,1,Jagiellonia Białystok,2.39,3.03,2.87,Wygrali gospodarze
47,28 Kwi 2014,18:00,13/14,Pogoń Szczecin,2,2,Górnik Zabrze,1.88,3.22,3.95,Remis
48,27 Kwi 2014,18:00,13/14,Ruch Chorzów,0,0,Lechia Gdańsk,2.35,3.10,2.85,Remis
49,27 Kwi 2014 - Grupa spadkowa,15:30,13/14,Korona Kielce,2,2,Widzew Łódź,1.83,3.28,4.08,Remis
50,26 Kwi 2014,20:30,13/14,Legia Warszawa,2,0,Zawisza Bydgoszcz,1.40,4.08,7.25,Wygrali gospodarze
51,26 Kwi 2014,18:00,13/14,Jagiellonia Białystok,4,3,Piast Gliwice,2.16,3.10,3.20,Wygrali gospodarze
52,26 Kwi 2014,15:30,13/14,Śląsk Wrocław,1,0,Zagłębie Lubin,2.14,3.10,3.27,Wygrali gospodarze
53,25 Kwi 2014,20:30,13/14,Lech Poznań,3,0,Wisła Kraków,1.59,3.58,5.39,Wygrali gospodarze
54,25 Kwi 2014,18:00,13/14,Cracovia,0,1,Podbeskidzie B-B,2.11,3.13,3.31,Wygrali goście
55,12 Kwi 2014,18:00,13/14,Górnik Zabrze,0,3,Lech Poznań,3.71,3.15,1.96,Wygrali goście
56,12 Kwi 2014,18:00,13/14,Jagiellonia Białystok,1,1,Piast Gliwice,2.09,3.10,3.39,Remis
57,12 Kwi 2014,18:00,13/14,Korona Kielce,1,0,Cracovia,2.65,3.10,2.51,Wygrali gospodarze
58,12 Kwi 2014,18:00,13/14,Pogoń Szczecin,1,0,Widzew Łódź,1.55,3.55,5.87,Wygrali gospodarze
59,12 Kwi 2014,18:00,13/14,Śląsk Wrocław,1,0,Lechia Gdańsk,2.60,3.00,2.62,Wygrali gospodarze
60,12 Kwi 2014,18:00,13/14,Wisła Kraków,0,1,Podbeskidzie B-B,1.91,3.18,3.86,Wygrali goście
61,12 Kwi 2014,18:00,13/14,Zagłębie Lubin,1,3,Legia Warszawa,3.34,3.15,2.09,Wygrali goście
62,12 Kwi 2014,18:00,13/14,Zawisza Bydgoszcz,0,3,Ruch Chorzów,2.41,3.05,2.81,Wygrali goście
63,07 Kwi 2014,18:00,13/14,Ruch Chorzów,2,0,Korona Kielce,2.29,3.03,3.03,Wygrali gospodarze
64,06 Kwi 2014,18:00,13/14,Legia Warszawa,3,0,Zawisza Bydgoszcz,1.61,3.48,5.27,Wygrali gospodarze
65,06 Kwi 2014,15:30,13/14,Piast Gliwice,2,2,Pogoń Szczecin,2.67,3.08,2.51,Remis
66,05 Kwi 2014,20:30,13/14,Lech Poznań,6,1,Jagiellonia Białystok,1.62,3.45,5.22,Wygrali gospodarze
67,05 Kwi 2014,18:00,13/14,Widzew Łódź,2,1,Wisła Kraków,3.43,3.20,2.03,Wygrali gospodarze
68,05 Kwi 2014,15:30,13/14,Lechia Gdańsk,2,1,Zagłębie Lubin,2.13,3.13,3.26,Wygrali gospodarze
69,04 Kwi 2014,20:30,13/14,Cracovia,2,0,Górnik Zabrze,2.45,3.05,2.76,Wygrali gospodarze
70,04 Kwi 2014,18:00,13/14,Podbeskidzie B-B,3,3,Śląsk Wrocław,2.75,3.00,2.50,Remis
71,31 Mar 2014,18:00,13/14,Zagłębie Lubin,3,1,Wisła Kraków,2.58,3.00,2.67,Wygrali gospodarze
72,30 Mar 2014,18:00,13/14,Górnik Zabrze,3,3,Jagiellonia Białystok,2.22,3.10,3.07,Remis
73,30 Mar 2014,15:30,13/14,Zawisza Bydgoszcz,1,0,Śląsk Wrocław,2.28,3.13,2.95,Wygrali gospodarze
74,29 Mar 2014,20:30,13/14,Lechia Gdańsk,3,1,Piast Gliwice,2.13,3.15,3.24,Wygrali gospodarze
75,29 Mar 2014,18:00,13/14,Cracovia,1,1,Widzew Łódź,1.64,3.40,5.23,Remis
76,29 Mar 2014,15:30,13/14,Legia Warszawa,1,0,Lech Poznań,2.05,3.15,3.43,Wygrali gospodarze
77,28 Mar 2014,20:30,13/14,Korona Kielce,2,2,Pogoń Szczecin,2.58,3.05,2.61,Remis
78,28 Mar 2014,18:00,13/14,Ruch Chorzów,0,1,Podbeskidzie B-B,1.90,3.18,3.91,Wygrali goście
79,24 Mar 2014,18:00,13/14,Piast Gliwice,1,2,Legia Warszawa,4.63,3.38,1.71,Wygrali goście
80,23 Mar 2014,18:00,13/14,Śląsk Wrocław,1,1,Górnik Zabrze,2.01,3.18,3.50,Remis
81,23 Mar 2014,15:30,13/14,Pogoń Szczecin,3,1,Ruch Chorzów,2.20,3.10,3.13,Wygrali gospodarze
82,23 Mar 2014,13:00,13/14,Podbeskidzie B-B,1,1,Cracovia,2.53,3.03,2.70,Remis
83,22 Mar 2014,18:30,13/14,Lech Poznań,2,1,Lechia Gdańsk,1.73,3.40,4.46,Wygrali gospodarze
84,22 Mar 2014,15:30,13/14,Jagiellonia Białystok,1,1,Korona Kielce,2.10,3.10,3.34,Remis
85,21 Mar 2014,20:30,13/14,Wisła Kraków,0,1,Zawisza Bydgoszcz,2.08,3.15,3.38,Wygrali goście
86,21 Mar 2014,18:00,13/14,Widzew Łódź,0,0,Zagłębie Lubin,2.97,3.10,2.28,Remis
87,17 Mar 2014,18:00,13/14,Cracovia,1,0,Jagiellonia Białystok,2.60,2.97,2.65,Wygrali gospodarze
88,16 Mar 2014,18:00,13/14,Ruch Chorzów,0,2,Piast Gliwice,1.81,3.28,4.15,Wygrali goście
89,16 Mar 2014,15:30,13/14,Zagłębie Lubin,2,2,Śląsk Wrocław,2.48,3.05,2.73,Remis
90,16 Mar 2014,13:00,13/14,Legia Warszawa,2,2,Wisła Kraków,1.76,3.38,4.38,Remis
91,15 Mar 2014,18:30,13/14,Górnik Zabrze,1,1,Pogoń Szczecin,2.30,3.10,2.93,Remis
92,15 Mar 2014,15:30,13/14,Lechia Gdańsk,2,0,Widzew Łódź,1.69,3.40,4.71,Wygrali gospodarze
93,14 Mar 2014,20:30,13/14,Lech Poznań,2,1,Podbeskidzie B-B,1.43,4.10,6.55,Wygrali gospodarze
94,14 Mar 2014,18:00,13/14,Korona Kielce,1,1,Zawisza Bydgoszcz,2.48,3.05,2.73,Remis
95,10 Mar 2014,18:00,13/14,Widzew Łódź,2,2,Lech Poznań,5.65,3.45,1.59,Remis
96,09 Mar 2014,18:00,13/14,Śląsk Wrocław,1,1,Legia Warszawa,3.12,3.10,2.20,Remis
97,09 Mar 2014,15:30,13/14,Piast Gliwice,0,0,Podbeskidzie B-B,2.18,3.05,3.24,Remis
98,09 Mar 2014,13:00,13/14,Pogoń Szczecin,0,0,Cracovia,1.78,3.35,4.24,Remis
99,08 Mar 2014,18:30,13/14,Wisła Kraków,0,1,Ruch Chorzów,2.08,3.15,3.35,Wygrali goście
100,08 Mar 2014,15:30,13/14,Jagiellonia Białystok,1,0,Zagłębie Lubin,2.30,3.10,2.94,Wygrali gospodarze
101,07 Mar 2014,20:30,13/14,Zawisza Bydgoszcz,3,1,Górnik Zabrze,2.15,3.15,3.18,Wygrali gospodarze
102,07 Mar 2014,18:00,13/14,Korona Kielce,1,0,Lechia Gdańsk,2.53,3.10,2.64,Wygrali gospodarze
103,03 Mar 2014,18:00,13/14,Podbeskidzie B-B,0,0,Pogoń Szczecin,2.90,3.05,2.36,Remis
104,03 Mar 2014,15:30,13/14,Zagłębie Lubin,3,1,Zawisza Bydgoszcz,2.26,3.10,3.01,
105,03 Mar 2014,13:00,13/14,Cracovia,0,1,Śląsk Wrocław,2.55,3.10,2.59,Wygrali goście
106,01 Mar 2014,18:30,13/14,Lech Poznań,4,0,Piast Gliwice,1.55,3.55,5.85,Wygrali gospodarze
107,01 Mar 2014,15:30,13/14,Górnik Zabrze,0,0,Korona Kielce,2.15,3.15,3.18,Remis
108,28 Lut 2014,20:30,13/14,Lechia Gdańsk,0,0,Wisła Kraków,2.75,3.05,2.48,Remis
109,28 Lut 2014,18:00,13/14,Ruch Chorzów,2,1,Widzew Łódź,1.61,3.45,5.33,Wygrali gospodarze
110,24 Lut 2014,18:00,13/14,Zawisza Bydgoszcz,0,3,Lechia Gdańsk,2.08,3.10,3.42,Wygrali goście
111,23 Lut 2014,18:00,13/14,Śląsk Wrocław,2,3,Ruch Chorzów,2.10,3.15,3.29,Wygrali goście
112,23 Lut 2014,15:30,13/14,Wisła Kraków,3,1,Cracovia,1.73,3.35,4.48,Wygrali gospodarze
113,23 Lut 2014,13:00,13/14,Korona Kielce,1,1,Zagłębie Lubin,2.26,3.10,3.00,Remis
114,22 Lut 2014,18:30,13/14,Górnik Zabrze,0,3,Legia Warszawa,3.40,3.18,2.05,Wygrali goście
115,22 Lut 2014,15:30,13/14,Widzew Łódź,1,1,Piast Gliwice,2.63,2.97,2.63,Remis
116,21 Lut 2014,20:30,13/14,Pogoń Szczecin,5,1,Lech Poznań,2.77,3.10,2.43,Wygrali gospodarze
117,21 Lut 2014,18:00,13/14,Jagiellonia Białystok,2,2,Podbeskidzie B-B,1.79,3.35,4.16,Remis
118,17 Lut 2014,18:00,13/14,Piast Gliwice,0,1,Wisła Kraków,2.87,3.10,2.35,Wygrali goście
119,16 Lut 2014,18:00,13/14,Lech Poznań,2,1,Śląsk Wrocław,1.84,3.30,3.97,Wygrali gospodarze
120,16 Lut 2014,15:30,13/14,Zagłębie Lubin,3,0,Górnik Zabrze,2.63,2.95,2.64,Wygrali gospodarze
121,16 Lut 2014,13:00,13/14,Ruch Chorzów,1,0,Jagiellonia Białystok,2.35,3.13,2.84,Wygrali gospodarze
122,15 Lut 2014,15:30,13/14,Lechia Gdańsk,2,3,Pogoń Szczecin,2.15,3.13,3.23,Wygrali goście
123,15 Lut 2014,13:00,13/14,Cracovia,0,2,Zawisza Bydgoszcz,2.54,3.10,2.61,Wygrali goście
124,14 Lut 2014,20:30,13/14,Legia Warszawa,1,0,Korona Kielce,1.35,4.58,7.55,Wygrali gospodarze
125,14 Lut 2014,18:00,13/14,Podbeskidzie B-B,1,0,Widzew Łódź,2.18,3.13,3.15,Wygrali gospodarze
126,16 Gru 2013,18:00,13/14,Wisła Kraków,2,1,Pogoń Szczecin,1.85,3.20,4.09,Wygrali gospodarze
127,15 Gru 2013,18:00,13/14,Legia Warszawa,4,1,Cracovia,1.57,3.65,5.42,Wygrali gospodarze
128,15 Gru 2013,15:30,13/14,Zagłębie Lubin,1,2,Ruch Chorzów,2.30,3.10,2.93,Wygrali goście
129,14 Gru 2013,20:30,13/14,Górnik Zabrze,0,0,Lechia Gdańsk,1.83,3.28,4.08,Remis
130,14 Gru 2013,18:00,13/14,Śląsk Wrocław,0,0,Piast Gliwice,1.79,3.33,4.21,Remis
131,14 Gru 2013,15:30,13/14,Korona Kielce,2,1,Podbeskidzie B-B,1.90,3.18,3.91,Wygrali gospodarze
132,13 Gru 2013,20:30,13/14,Zawisza Bydgoszcz,2,2,Lech Poznań,2.83,3.00,2.43,Remis
133,13 Gru 2013,18:00,13/14,Jagiellonia Białystok,1,0,Widzew Łódź,1.62,3.45,5.28,Wygrali gospodarze
134,09 Gru 2013,18:00,13/14,Cracovia,2,0,Zagłębie Lubin,2.08,3.15,3.36,Wygrali gospodarze
135,08 Gru 2013,18:00,13/14,Lechia Gdańsk,2,0,Legia Warszawa,3.70,3.22,1.94,Wygrali gospodarze
136,08 Gru 2013,15:30,13/14,Podbeskidzie B-B,0,0,Zawisza Bydgoszcz,2.84,3.10,2.36,Remis
137,07 Gru 2013,20:30,13/14,Ruch Chorzów,2,1,Górnik Zabrze,2.62,2.97,2.62,Wygrali gospodarze
138,07 Gru 2013,18:00,13/14,Pogoń Szczecin,1,1,Jagiellonia Białystok,2.28,3.10,2.99,Remis
139,07 Gru 2013,15:30,13/14,Widzew Łódź,0,0,Śląsk Wrocław,3.41,3.10,2.08,Remis
140,06 Gru 2013,20:30,13/14,Lech Poznań,2,0,Wisła Kraków,2.10,3.15,3.30,Wygrali gospodarze
141,06 Gru 2013,18:00,13/14,Piast Gliwice,1,1,Korona Kielce,2.18,3.13,3.15,Remis
142,05 Gru 2013,20:30,13/14,Zagłębie Lubin,3,2,Podbeskidzie B-B,1.93,3.22,3.75,Wygrali gospodarze
143,04 Gru 2013,20:30,13/14,Legia Warszawa,2,0,Ruch Chorzów,1.45,3.78,6.94,Wygrali gospodarze
144,04 Gru 2013,18:00,13/14,Cracovia,2,1,Lechia Gdańsk,2.31,3.13,2.90,Wygrali gospodarze
145,03 Gru 2013,20:30,13/14,Korona Kielce,1,0,Lech Poznań,3.25,3.13,2.14,Wygrali gospodarze
146,03 Gru 2013,18:00,13/14,Górnik Zabrze,3,2,Widzew Łódź,1.50,3.75,6.05,Wygrali gospodarze
147,03 Gru 2013,18:00,13/14,Zawisza Bydgoszcz,6,0,Piast Gliwice,1.95,3.22,3.65,Wygrali gospodarze
148,02 Gru 2013,20:30,13/14,Śląsk Wrocław,1,1,Pogoń Szczecin,2.04,3.18,3.43,Remis
149,02 Gru 2013,18:00,13/14,Jagiellonia Białystok,5,2,Wisła Kraków,2.65,3.05,2.55,Wygrali gospodarze
150,01 Gru 2013,18:00,13/14,Podbeskidzie B-B,1,0,Legia Warszawa,5.25,3.63,1.59,Wygrali gospodarze
151,01 Gru 2013,15:30,13/14,Ruch Chorzów,3,2,Cracovia,2.30,3.15,2.90,Wygrali gospodarze
152,30 Lis 2013,20:30,13/14,Lech Poznań,1,1,Zagłębie Lubin,1.41,3.90,7.76,Remis
153,30 Lis 2013,18:00,13/14,Piast Gliwice,2,0,Górnik Zabrze,2.98,3.15,2.25,Wygrali gospodarze
154,30 Lis 2013,15:30,13/14,Korona Kielce,2,1,Widzew Łódź,1.82,3.33,4.05,Wygrali gospodarze
155,29 Lis 2013,20:30,13/14,Wisła Kraków,3,0,Śląsk Wrocław,2.22,3.13,3.08,Wygrali gospodarze
156,29 Lis 2013,18:00,13/14,Pogoń Szczecin,1,1,Zawisza Bydgoszcz,2.48,3.13,2.67,Remis
157,28 Lis 2013,16:00,13/14,Jagiellonia Białystok,0,1,Lechia Gdańsk,2.08,3.10,3.42,Wygrali goście
158,25 Lis 2013,18:00,13/14,Cracovia,1,6,Lech Poznań,3.00,3.10,2.27,Wygrali goście
159,24 Lis 2013,18:00,13/14,Górnik Zabrze,2,0,Podbeskidzie B-B,1.60,3.48,5.40,Wygrali gospodarze
160,24 Lis 2013,15:30,13/14,Lechia Gdańsk,0,0,Ruch Chorzów,2.13,3.13,3.28,Remis
161,23 Lis 2013,20:30,13/14,Legia Warszawa,3,1,Pogoń Szczecin,1.51,3.60,6.33,Wygrali gospodarze
162,23 Lis 2013,18:00,13/14,Jagiellonia Białystok,3,1,Śląsk Wrocław,2.64,3.10,2.53,Wygrali gospodarze
163,23 Lis 2013,15:30,13/14,Zawisza Bydgoszcz,2,0,Widzew Łódź,1.80,3.28,4.23,Wygrali gospodarze
164,22 Lis 2013,20:30,13/14,Wisła Kraków,1,0,Korona Kielce,1.67,3.45,4.86,Wygrali gospodarze
165,22 Lis 2013,18:00,13/14,Zagłębie Lubin,0,2,Piast Gliwice,2.05,3.18,3.40,Wygrali goście
166,11 Lis 2013,18:00,13/14,Pogoń Szczecin,1,1,Zagłębie Lubin,1.89,3.25,3.85,Remis
167,10 Lis 2013,18:00,13/14,Widzew Łódź,0,1,Legia Warszawa,5.70,3.55,1.56,Wygrali goście
168,10 Lis 2013,15:30,13/14,Śląsk Wrocław,1,1,Korona Kielce,1.65,3.50,4.89,Remis
169,09 Lis 2013,20:30,13/14,Lech Poznań,4,2,Ruch Chorzów,1.65,3.45,4.98,Wygrali gospodarze
170,09 Lis 2013,18:00,13/14,Podbeskidzie B-B,3,1,Lechia Gdańsk,2.60,3.00,2.62,Wygrali gospodarze
171,09 Lis 2013,15:30,13/14,Piast Gliwice,1,1,Cracovia,2.60,3.00,2.62,Remis
172,08 Lis 2013,20:30,13/14,Górnik Zabrze,3,2,Wisła Kraków,2.25,3.10,3.02,Wygrali gospodarze
173,08 Lis 2013,18:00,13/14,Jagiellonia Białystok,1,1,Zawisza Bydgoszcz,2.33,3.08,2.92,Remis
174,05 Lis 2013,18:00,13/14,Ruch Chorzów,1,0,Zawisza Bydgoszcz,2.43,3.10,2.76,Wygrali gospodarze
175,04 Lis 2013,20:30,13/14,Podbeskidzie B-B,0,0,Wisła Kraków,3.40,3.18,2.05,Remis
176,04 Lis 2013,18:00,13/14,Piast Gliwice,2,1,Jagiellonia Białystok,2.25,3.15,3.00,Wygrali gospodarze
177,03 Lis 2013,18:00,13/14,Lech Poznań,3,1,Górnik Zabrze,1.85,3.30,3.94,Wygrali gospodarze
178,03 Lis 2013,15:30,13/14,Lechia Gdańsk,1,2,Śląsk Wrocław,2.55,2.97,2.71,Wygrali goście
179,02 Lis 2013,20:30,13/14,Legia Warszawa,2,0,Zagłębie Lubin,1.36,4.30,7.70,Wygrali gospodarze
180,02 Lis 2013,18:00,13/14,Widzew Łódź,2,1,Pogoń Szczecin,3.31,3.18,2.05,Wygrali gospodarze
181,02 Lis 2013,15:30,13/14,Cracovia,1,2,Korona Kielce,1.83,3.28,4.11,Wygrali goście
182,31 Paź 2013,20:30,13/14,Jagiellonia Białystok,2,0,Lech Poznań,3.25,3.10,2.14,Wygrali gospodarze
183,31 Paź 2013,18:00,13/14,Śląsk Wrocław,4,0,Podbeskidzie B-B,1.59,3.55,5.25,Wygrali gospodarze
184,30 Paź 2013,20:30,13/14,Zawisza Bydgoszcz,3,1,Legia Warszawa,3.78,3.25,1.90,Wygrali gospodarze
185,30 Paź 2013,18:00,13/14,Korona Kielce,1,4,Ruch Chorzów,2.38,3.10,2.83,Wygrali goście
186,30 Paź 2013,18:00,13/14,Zagłębie Lubin,1,3,Lechia Gdańsk,2.35,3.10,2.85,Wygrali goście
187,29 Paź 2013,20:30,13/14,Wisła Kraków,3,0,Widzew Łódź,1.55,3.60,5.71,Wygrali gospodarze
188,29 Paź 2013,18:00,13/14,Pogoń Szczecin,4,0,Piast Gliwice,2.03,3.15,3.48,Wygrali gospodarze
189,28 Paź 2013,18:00,13/14,Górnik Zabrze,0,1,Cracovia,1.73,3.58,4.31,Wygrali goście
190,27 Paź 2013,18:00,13/14,Lech Poznań,1,1,Legia Warszawa,2.62,3.03,2.53,Remis
191,27 Paź 2013,15:30,13/14,Śląsk Wrocław,1,2,Zawisza Bydgoszcz,1.81,3.30,3.94,Wygrali goście
192,26 Paź 2013,20:30,13/14,Wisła Kraków,1,0,Zagłębie Lubin,1.83,3.30,3.87,Wygrali gospodarze
193,26 Paź 2013,18:00,13/14,Piast Gliwice,0,0,Lechia Gdańsk,2.38,3.10,2.72,Remis
194,26 Paź 2013,15:30,13/14,Pogoń Szczecin,3,2,Korona Kielce,1.98,3.18,3.50,Wygrali gospodarze
195,25 Paź 2013,20:30,13/14,Jagiellonia Białystok,0,1,Górnik Zabrze,2.72,3.08,2.40,Wygrali goście
196,25 Paź 2013,18:00,13/14,Widzew Łódź,1,3,Cracovia,2.58,3.00,2.60,Wygrali goście
197,24 Paź 2013,16:00,13/14,Podbeskidzie B-B,0,0,Ruch Chorzów,2.59,3.10,2.50,Remis
198,21 Paź 2013,18:00,13/14,Ruch Chorzów,1,1,Pogoń Szczecin,2.50,3.08,2.69,Remis
199,20 Paź 2013,18:00,13/14,Legia Warszawa,4,1,Piast Gliwice,1.42,3.88,7.45,Wygrali gospodarze
200,20 Paź 2013,15:30,13/14,Cracovia,4,2,Podbeskidzie B-B,1.86,3.30,3.91,Wygrali gospodarze
201,19 Paź 2013,20:30,13/14,Lechia Gdańsk,1,4,Lech Poznań,2.78,3.10,2.40,Wygrali goście
202,19 Paź 2013,18:00,13/14,Zagłębie Lubin,3,1,Widzew Łódź,1.88,3.25,3.90,Wygrali gospodarze
203,19 Paź 2013,15:30,13/14,Zawisza Bydgoszcz,3,1,Wisła Kraków,2.86,3.05,2.38,Wygrali gospodarze
204,18 Paź 2013,20:30,13/14,Górnik Zabrze,3,2,Śląsk Wrocław,2.15,3.15,3.18,Wygrali gospodarze
205,18 Paź 2013,18:00,13/14,Korona Kielce,4,1,Jagiellonia Białystok,2.53,3.13,2.62,Wygrali gospodarze
206,07 Paź 2013,18:00,13/14,Piast Gliwice,0,2,Ruch Chorzów,2.10,3.10,3.35,Wygrali goście
207,06 Paź 2013,18:00,13/14,Widzew Łódź,4,1,Lechia Gdańsk,2.86,3.10,2.35,Wygrali gospodarze
208,06 Paź 2013,15:30,13/14,Wisła Kraków,1,0,Legia Warszawa,2.85,3.15,2.33,Wygrali gospodarze
209,05 Paź 2013,20:30,13/14,Podbeskidzie B-B,0,0,Lech Poznań,3.98,3.22,1.87,Remis
210,05 Paź 2013,18:00,13/14,Pogoń Szczecin,1,4,Górnik Zabrze,2.50,3.10,2.66,Wygrali goście
211,05 Paź 2013,15:30,13/14,Jagiellonia Białystok,1,2,Cracovia,1.95,3.18,3.71,Wygrali goście
212,04 Paź 2013,20:30,13/14,Śląsk Wrocław,2,0,Zagłębie Lubin,1.88,3.15,4.05,Wygrali gospodarze
213,04 Paź 2013,18:00,13/14,Zawisza Bydgoszcz,0,1,Korona Kielce,1.95,3.20,3.67,Wygrali goście
214,30 Wrz 2013,20:30,13/14,Lechia Gdańsk,2,2,Korona Kielce,1.79,3.33,4.20,Remis
215,30 Wrz 2013,18:00,13/14,Górnik Zabrze,3,2,Zawisza Bydgoszcz,1.83,3.33,4.02,Wygrali gospodarze
216,29 Wrz 2013,18:00,13/14,Lech Poznań,1,0,Widzew Łódź,1.41,4.00,7.26,Wygrali gospodarze
217,29 Wrz 2013,15:30,13/14,Zagłębie Lubin,1,1,Jagiellonia Białystok,2.33,3.05,2.89,Remis
218,28 Wrz 2013,20:30,13/14,Legia Warszawa,2,1,Śląsk Wrocław,1.72,3.40,4.24,Wygrali gospodarze
219,28 Wrz 2013,18:00,13/14,Ruch Chorzów,1,1,Wisła Kraków,3.05,3.13,2.23,Remis
220,28 Wrz 2013,15:30,13/14,Cracovia,0,1,Pogoń Szczecin,2.48,3.10,2.69,Wygrali goście
221,27 Wrz 2013,20:30,13/14,Podbeskidzie B-B,0,1,Piast Gliwice,2.64,3.00,2.59,Wygrali goście
222,26 Wrz 2013,20:30,13/14,Korona Kielce,2,2,Górnik Zabrze,2.83,3.15,2.35,Remis
223,25 Wrz 2013,20:30,13/14,Jagiellonia Białystok,2,3,Legia Warszawa,3.83,3.40,1.80,Wygrali goście
224,25 Wrz 2013,18:00,13/14,Śląsk Wrocław,0,3,Cracovia,1.58,3.50,5.65,Wygrali goście
225,25 Wrz 2013,18:00,13/14,Widzew Łódź,0,1,Ruch Chorzów,2.33,3.08,2.92,Wygrali goście
226,24 Wrz 2013,20:30,13/14,Wisła Kraków,3,0,Lechia Gdańsk,2.10,3.13,3.33,Wygrali gospodarze
227,24 Wrz 2013,18:00,13/14,Zawisza Bydgoszcz,2,0,Zagłębie Lubin,2.25,3.10,3.02,Wygrali gospodarze
228,23 Wrz 2013,20:30,13/14,Piast Gliwice,0,2,Lech Poznań,2.50,3.03,2.72,Wygrali goście
229,23 Wrz 2013,18:00,13/14,Pogoń Szczecin,2,1,Podbeskidzie B-B,1.79,3.33,4.21,Wygrali gospodarze
230,22 Wrz 2013,18:00,13/14,Legia Warszawa,2,1,Górnik Zabrze,1.59,3.47,5.50,Wygrali gospodarze
231,22 Wrz 2013,15:30,13/14,Ruch Chorzów,1,1,Śląsk Wrocław,3.19,3.15,2.15,Remis
232,21 Wrz 2013,20:30,13/14,Zagłębie Lubin,2,0,Korona Kielce,2.00,3.20,3.53,Wygrali gospodarze
233,21 Wrz 2013,18:00,13/14,Cracovia,1,1,Wisła Kraków,3.03,3.15,2.22,Remis
234,21 Wrz 2013,15:30,13/14,Lechia Gdańsk,1,1,Zawisza Bydgoszcz,1.90,3.23,3.83,Remis
235,20 Wrz 2013,20:30,13/14,Lech Poznań,1,2,Pogoń Szczecin,1.83,3.28,4.12,Wygrali goście
236,20 Wrz 2013,18:00,13/14,Piast Gliwice,3,0,Widzew Łódź,2.05,3.15,3.41,Wygrali gospodarze
237,19 Wrz 2013,17:00,13/14,Podbeskidzie B-B,0,1,Jagiellonia Białystok,2.67,3.08,2.53,Wygrali goście
238,16 Wrz 2013,18:00,13/14,Górnik Zabrze,2,1,Zagłębie Lubin,1.90,3.20,3.67,Wygrali gospodarze
239,15 Wrz 2013,18:00,13/14,Pogoń Szczecin,1,1,Lechia Gdańsk,2.55,3.10,2.60,Remis
240,15 Wrz 2013,15:30,13/14,Jagiellonia Białystok,6,0,Ruch Chorzów,2.00,3.20,3.35,Wygrali gospodarze
241,14 Wrz 2013,20:30,13/14,Korona Kielce,3,5,Legia Warszawa,3.96,3.30,1.80,Wygrali goście
242,14 Wrz 2013,18:00,13/14,Śląsk Wrocław,2,0,Lech Poznań,2.40,3.15,2.65,Wygrali gospodarze
243,14 Wrz 2013,15:30,13/14,Zawisza Bydgoszcz,2,0,Cracovia,2.00,3.20,3.35,Wygrali gospodarze
244,13 Wrz 2013,20:30,13/14,Wisła Kraków,3,0,Piast Gliwice,2.00,3.25,3.30,Wygrali gospodarze
245,13 Wrz 2013,18:00,13/14,Widzew Łódź,1,1,Podbeskidzie B-B,2.15,3.15,3.04,Remis
246,02 Wrz 2013,18:00,13/14,Podbeskidzie B-B,1,0,Korona Kielce,2.50,3.15,2.54,Wygrali gospodarze
247,01 Wrz 2013,18:00,13/14,Lech Poznań,3,2,Zawisza Bydgoszcz,1.55,3.60,5.31,Wygrali gospodarze
248,01 Wrz 2013,15:30,13/14,Piast Gliwice,1,1,Śląsk Wrocław,2.45,3.05,2.67,Remis
249,31 Sie 2013,20:30,13/14,Cracovia,0,1,Legia Warszawa,3.83,3.40,1.80,Wygrali goście
250,31 Sie 2013,18:00,13/14,Pogoń Szczecin,0,0,Wisła Kraków,2.60,3.05,2.50,Remis
251,31 Sie 2013,15:30,13/14,Widzew Łódź,1,1,Jagiellonia Białystok,2.75,3.10,2.35,Remis
252,30 Sie 2013,18:00,13/14,Lechia Gdańsk,1,1,Górnik Zabrze,2.35,3.10,2.75,Remis
253,30 Sie 2013,18:00,13/14,Ruch Chorzów,0,2,Zagłębie Lubin,2.35,3.10,2.75,Wygrali goście
254,26 Sie 2013,18:00,13/14,Korona Kielce,2,0,Piast Gliwice,-,-,-,Wygrali gospodarze
255,25 Sie 2013,18:00,13/14,Wisła Kraków,2,0,Lech Poznań,-,-,-,Wygrali gospodarze
256,25 Sie 2013,15:30,13/14,Śląsk Wrocław,3,1,Widzew Łódź,-,-,-,Wygrali gospodarze
257,24 Sie 2013,20:30,13/14,Legia Warszawa,0,1,Lechia Gdańsk,1.62,3.60,4.63,Wygrali goście
258,24 Sie 2013,18:00,13/14,Jagiellonia Białystok,2,3,Pogoń Szczecin,2.04,3.20,3.22,Wygrali goście
259,24 Sie 2013,15:30,13/14,Zawisza Bydgoszcz,2,2,Podbeskidzie B-B,2.00,3.15,3.41,Remis
260,23 Sie 2013,20:30,13/14,Górnik Zabrze,2,2,Ruch Chorzów,2.00,3.20,3.35,Remis
261,23 Sie 2013,18:00,13/14,Zagłębie Lubin,0,1,Cracovia,-,-,-,Wygrali goście
262,12 Sie 2013,18:00,13/14,Piast Gliwice,1,1,Zawisza Bydgoszcz,1.82,3.30,3.87,Remis
263,11 Sie 2013,18:00,13/14,Lech Poznań,2,0,Korona Kielce,1.65,3.50,4.55,Wygrali gospodarze
264,11 Sie 2013,15:30,13/14,Pogoń Szczecin,2,2,Śląsk Wrocław,2.95,3.10,2.25,Remis
265,10 Sie 2013,20:30,13/14,Ruch Chorzów,2,1,Legia Warszawa,4.37,3.40,1.70,Wygrali gospodarze
266,10 Sie 2013,18:00,13/14,Lechia Gdańsk,3,1,Cracovia,1.85,3.30,3.74,Wygrali gospodarze
267,10 Sie 2013,15:30,13/14,Widzew Łódź,0,3,Górnik Zabrze,2.69,3.10,2.40,Wygrali goście
268,09 Sie 2013,20:30,13/14,Wisła Kraków,1,1,Jagiellonia Białystok,2.10,3.15,3.15,Remis
269,09 Sie 2013,18:00,13/14,Podbeskidzie B-B,0,0,Zagłębie Lubin,2.57,3.10,2.50,Remis
270,05 Sie 2013,18:00,13/14,Lechia Gdańsk,2,0,Jagiellonia Białystok,-,-,-,Wygrali gospodarze
271,04 Sie 2013,20:30,13/14,Zagłębie Lubin,0,0,Lech Poznań,2.91,3.20,2.20,Remis
272,04 Sie 2013,18:00,13/14,Śląsk Wrocław,0,0,Wisła Kraków,2.00,3.20,3.35,Remis
273,04 Sie 2013,15:30,13/14,Górnik Zabrze,2,1,Piast Gliwice,2.10,3.10,3.25,Wygrali gospodarze
274,03 Sie 2013,20:30,13/14,Legia Warszawa,4,0,Podbeskidzie B-B,1.30,4.50,8.36,Wygrali gospodarze
275,03 Sie 2013,18:00,13/14,Widzew Łódź,2,1,Korona Kielce,2.50,3.10,2.57,Wygrali gospodarze
276,02 Sie 2013,20:30,13/14,Zawisza Bydgoszcz,1,1,Pogoń Szczecin,2.20,3.10,3.00,Remis
277,02 Sie 2013,18:00,13/14,Cracovia,2,1,Ruch Chorzów,2.40,3.10,2.69,Wygrali gospodarze
278,29 Lip 2013,18:00,13/14,Korona Kielce,2,3,Wisła Kraków,1.95,3.20,3.50,Wygrali goście
279,28 Lip 2013,20:30,13/14,Lech Poznań,1,1,Cracovia,1.40,4.00,6.81,Remis
280,28 Lip 2013,18:00,13/14,Śląsk Wrocław,2,3,Jagiellonia Białystok,1.85,3.30,3.74,Wygrali goście
281,28 Lip 2013,15:30,13/14,Piast Gliwice,2,1,Zagłębie Lubin,2.10,3.10,3.20,Wygrali gospodarze
282,27 Lip 2013,20:30,13/14,Pogoń Szczecin,0,3,Legia Warszawa,3.96,3.30,1.80,Wygrali goście
283,27 Lip 2013,18:00,13/14,Podbeskidzie B-B,1,2,Górnik Zabrze,2.60,3.10,2.54,Wygrali goście
284,26 Lip 2013,20:30,13/14,Widzew Łódź,2,1,Zawisza Bydgoszcz,2.50,2.90,2.73,Wygrali gospodarze
285,26 Lip 2013,18:00,13/14,Ruch Chorzów,1,1,Lechia Gdańsk,2.35,2.95,2.89,Remis
286,22 Lip 2013,18:00,13/14,Lechia Gdańsk,2,2,Podbeskidzie B-B,1.97,3.20,3.58,Remis
287,21 Lip 2013,20:30,13/14,Ruch Chorzów,1,1,Lech Poznań,-,-,-,Remis
288,21 Lip 2013,18:00,13/14,Cracovia,2,3,Piast Gliwice,-,-,-,Wygrali goście
289,21 Lip 2013,15:30,13/14,Korona Kielce,0,0,Śląsk Wrocław,-,-,-,Remis
290,20 Lip 2013,15:30,13/14,Zawisza Bydgoszcz,0,1,Jagiellonia Białystok,2.29,3.15,2.79,Wygrali goście
291,19 Lip 2013,20:30,13/14,Wisła Kraków,0,0,Górnik Zabrze,2.29,3.15,2.79,Remis
