﻿,Data,Godzina,Sezon,Gospodarze,Gole_gospodarze,Gole_goście,Goście,Oddsy_gospodarze,Oddsy_remis,Oddsy_goście,Kto_wygrał
0,21 Maj 2022,17:30,21/22,Górnik Łęczna,0,1,Jagiellonia Białystok,3.73,3.57,2.02,Wygrali goście
1,21 Maj 2022,17:30,21/22,Lech Poznań,2,1,Zagłębie Lubin,1.39,5.52,7.27,Wygrali gospodarze
2,21 Maj 2022,17:30,21/22,Legia Warszawa,3,0,Cracovia,1.94,3.55,4.15,Wygrali gospodarze
3,21 Maj 2022,17:30,21/22,Piast Gliwice,1,1,Radomiak Radom,2.07,3.45,3.68,Remis
4,21 Maj 2022,17:30,21/22,Pogoń Szczecin,2,2,Bruk-Bet T.,1.43,5.13,6.80,Remis
5,21 Maj 2022,17:30,21/22,Raków Częstochowa,3,0,Lechia Gdańsk,1.31,5.88,10.02,Wygrali gospodarze
6,21 Maj 2022,17:30,21/22,Śląsk Wrocław,3,4,Górnik Zabrze,2.67,3.78,2.53,Wygrali goście
7,21 Maj 2022,17:30,21/22,Wisła Kraków,0,1,Warta Poznań,2.35,3.32,3.14,Wygrali goście
8,21 Maj 2022,17:30,21/22,Wisła Płock,3,0,Stal Mielec,2.04,3.71,3.55,Wygrali gospodarze
9,15 Maj 2022,17:30,21/22,Radomiak Radom,4,2,Wisła Kraków,3.51,3.50,2.13,Wygrali gospodarze
10,15 Maj 2022,15:00,21/22,Górnik Zabrze,4,2,Górnik Łęczna,1.42,4.96,7.64,Wygrali gospodarze
11,15 Maj 2022,12:30,21/22,Stal Mielec,1,1,Śląsk Wrocław,2.90,3.24,2.62,Remis
12,14 Maj 2022,20:00,21/22,Lechia Gdańsk,0,0,Pogoń Szczecin,3.24,3.53,2.26,Remis
13,14 Maj 2022,17:30,21/22,Zagłębie Lubin,1,0,Raków Częstochowa,4.36,3.83,1.82,Wygrali gospodarze
14,14 Maj 2022,15:00,21/22,Warta Poznań,1,2,Lech Poznań,8.61,4.87,1.39,Wygrali goście
15,14 Maj 2022,12:30,21/22,Bruk-Bet T.,0,1,Piast Gliwice,2.59,3.31,2.89,Wygrali goście
16,13 Maj 2022,20:30,21/22,Jagiellonia Białystok,2,2,Legia Warszawa,3.02,3.21,2.57,Remis
17,13 Maj 2022,18:00,21/22,Cracovia,3,0,Wisła Płock,1.89,3.68,4.24,Wygrali gospodarze
18,09 Maj 2022,18:00,21/22,Górnik Łęczna,1,1,Bruk-Bet T.,3.27,3.37,2.33,Remis
19,08 Maj 2022,17:30,21/22,Piast Gliwice,1,2,Lech Poznań,5.02,3.65,1.77,Wygrali goście
20,08 Maj 2022,15:00,21/22,Raków Częstochowa,1,1,Cracovia,1.41,4.69,8.60,Remis
21,08 Maj 2022,12:30,21/22,Lechia Gdańsk,3,2,Stal Mielec,1.66,3.99,5.23,Wygrali gospodarze
22,07 Maj 2022,20:00,21/22,Wisła Kraków,0,0,Jagiellonia Białystok,2.16,3.56,3.39,Remis
23,07 Maj 2022,17:30,21/22,Śląsk Wrocław,1,1,Pogoń Szczecin,3.81,3.58,2.01,Remis
24,07 Maj 2022,15:00,21/22,Wisła Płock,0,3,Warta Poznań,2.86,3.20,2.70,Wygrali goście
25,06 Maj 2022,20:30,21/22,Legia Warszawa,5,3,Górnik Zabrze,1.97,3.67,3.90,Wygrali gospodarze
26,06 Maj 2022,18:00,21/22,Radomiak Radom,1,6,Zagłębie Lubin,2.69,3.25,2.81,Wygrali goście
27,01 Maj 2022,17:30,21/22,Cracovia,0,0,Wisła Kraków,2.49,3.29,2.98,Remis
28,01 Maj 2022,15:00,21/22,Bruk-Bet T.,1,0,Wisła Płock,2.22,3.41,3.43,Wygrali gospodarze
29,30 Kwi 2022,20:00,21/22,Stal Mielec,2,1,Legia Warszawa,4.09,3.44,1.99,Wygrali gospodarze
30,30 Kwi 2022,17:30,21/22,Zagłębie Lubin,2,2,Lechia Gdańsk,2.77,3.45,2.56,Remis
31,30 Kwi 2022,15:00,21/22,Jagiellonia Białystok,1,1,Śląsk Wrocław,2.62,3.29,2.85,Remis
32,29 Kwi 2022,20:30,21/22,Górnik Zabrze,0,0,Radomiak Radom,2.14,3.31,3.71,Remis
33,29 Kwi 2022,18:00,21/22,Warta Poznań,2,3,Piast Gliwice,3.03,2.86,2.80,Wygrali goście
34,25 Kwi 2022,19:00,21/22,Wisła Kraków,3,4,Wisła Płock,1.72,3.96,4.79,Wygrali goście
35,24 Kwi 2022,17:30,21/22,Pogoń Szczecin,3,1,Legia Warszawa,1.88,3.48,4.48,Wygrali gospodarze
36,24 Kwi 2022,15:00,21/22,Raków Częstochowa,2,1,Górnik Łęczna,1.23,6.37,14.46,Wygrali gospodarze
37,24 Kwi 2022,12:30,21/22,Lech Poznań,3,1,Stal Mielec,1.20,6.89,15.75,Wygrali gospodarze
38,23 Kwi 2022,20:00,21/22,Lechia Gdańsk,2,0,Warta Poznań,2.13,3.25,3.78,Wygrali gospodarze
39,23 Kwi 2022,17:30,21/22,Piast Gliwice,2,1,Jagiellonia Białystok,1.89,3.48,4.50,Wygrali gospodarze
40,23 Kwi 2022,15:00,21/22,Śląsk Wrocław,0,4,Bruk-Bet T.,1.77,3.72,4.80,Wygrali goście
41,22 Kwi 2022,20:30,21/22,Zagłębie Lubin,2,4,Górnik Zabrze,2.35,3.48,3.04,Wygrali goście
42,22 Kwi 2022,18:00,21/22,Radomiak Radom,0,1,Cracovia,2.46,3.04,3.24,Wygrali goście
43,20 Kwi 2022,20:30,21/22,Pogoń Szczecin,1,2,Raków Częstochowa,2.48,3.07,3.18,Wygrali goście
44,20 Kwi 2022,18:00,21/22,Lech Poznań,3,0,Górnik Łęczna,1.18,7.30,18.30,Wygrali gospodarze
45,18 Kwi 2022,20:00,21/22,Legia Warszawa,0,1,Piast Gliwice,2.22,3.10,3.72,Wygrali goście
46,18 Kwi 2022,17:30,21/22,Górnik Zabrze,1,3,Lechia Gdańsk,2.55,3.47,2.77,Wygrali goście
47,18 Kwi 2022,15:00,21/22,Śląsk Wrocław,1,1,Wisła Kraków,2.36,3.29,3.20,Remis
48,18 Kwi 2022,12:30,21/22,Cracovia,1,0,Zagłębie Lubin,2.22,3.24,3.53,Wygrali gospodarze
49,16 Kwi 2022,20:00,21/22,Wisła Płock,0,1,Lech Poznań,7.25,4.71,1.43,Wygrali goście
50,16 Kwi 2022,17:30,21/22,Jagiellonia Białystok,1,2,Pogoń Szczecin,4.83,3.70,1.79,Wygrali goście
51,16 Kwi 2022,15:00,21/22,Bruk-Bet T.,0,3,Raków Częstochowa,5.71,3.98,1.64,Wygrali goście
52,16 Kwi 2022,12:30,21/22,Górnik Łęczna,1,0,Radomiak Radom,3.34,3.20,2.33,Wygrali gospodarze
53,16 Kwi 2022,12:30,21/22,Stal Mielec,0,1,Warta Poznań,3.40,3.00,2.44,Wygrali goście
54,11 Kwi 2022,18:00,21/22,Radomiak Radom,2,2,Jagiellonia Białystok,2.02,3.39,3.98,Remis
55,10 Kwi 2022,17:30,21/22,Raków Częstochowa,1,1,Śląsk Wrocław,1.51,4.27,6.98,Remis
56,10 Kwi 2022,15:00,21/22,Wisła Kraków,4,1,Górnik Zabrze,2.58,3.42,2.78,Wygrali gospodarze
57,10 Kwi 2022,12:30,21/22,Warta Poznań,1,0,Cracovia,2.26,3.05,3.74,Wygrali gospodarze
58,09 Kwi 2022,20:00,21/22,Lechia Gdańsk,2,0,Bruk-Bet T.,1.85,3.73,4.27,Wygrali gospodarze
59,09 Kwi 2022,17:30,21/22,Lech Poznań,1,1,Legia Warszawa,1.58,3.96,6.62,Remis
60,09 Kwi 2022,15:00,21/22,Piast Gliwice,1,0,Górnik Łęczna,1.57,3.97,6.51,Wygrali gospodarze
61,08 Kwi 2022,20:30,21/22,Pogoń Szczecin,1,2,Wisła Płock,1.38,4.98,8.84,Wygrali goście
62,08 Kwi 2022,18:00,21/22,Zagłębie Lubin,3,1,Stal Mielec,1.78,3.66,4.89,Wygrali gospodarze
63,04 Kwi 2022,18:00,21/22,Wisła Płock,3,2,Górnik Zabrze,2.74,3.32,2.69,Wygrali gospodarze
64,03 Kwi 2022,17:30,21/22,Wisła Kraków,2,2,Piast Gliwice,2.79,3.11,2.76,Remis
65,03 Kwi 2022,15:00,21/22,Jagiellonia Białystok,2,1,Zagłębie Lubin,2.48,3.27,2.99,Wygrali gospodarze
66,03 Kwi 2022,12:30,21/22,Bruk-Bet T.,1,1,Radomiak Radom,3.07,3.22,2.45,Remis
67,02 Kwi 2022,20:00,21/22,Legia Warszawa,2,1,Lechia Gdańsk,1.92,3.43,4.33,Wygrali gospodarze
68,02 Kwi 2022,17:30,21/22,Górnik Łęczna,0,4,Pogoń Szczecin,5.73,3.74,1.67,Wygrali goście
69,02 Kwi 2022,15:00,21/22,Warta Poznań,0,2,Raków Częstochowa,4.02,3.20,2.08,Wygrali goście
70,01 Kwi 2022,20:30,21/22,Śląsk Wrocław,0,1,Lech Poznań,5.73,3.85,1.64,Wygrali goście
71,01 Kwi 2022,18:00,21/22,Stal Mielec,1,2,Cracovia,3.18,3.07,2.48,Wygrali goście
72,20 Mar 2022,17:30,21/22,Górnik Zabrze,1,1,Bruk-Bet T.,1.70,3.76,5.36,Remis
73,20 Mar 2022,15:00,21/22,Cracovia,0,1,Piast Gliwice,2.67,2.96,3.03,Wygrali goście
74,20 Mar 2022,12:30,21/22,Radomiak Radom,1,1,Stal Mielec,1.84,3.42,4.87,Remis
75,19 Mar 2022,20:00,21/22,Lech Poznań,3,0,Jagiellonia Białystok,1.23,6.60,13.25,Wygrali gospodarze
76,19 Mar 2022,17:30,21/22,Lechia Gdańsk,2,0,Górnik Łęczna,1.62,3.97,5.83,Wygrali gospodarze
77,19 Mar 2022,15:00,21/22,Raków Częstochowa,1,1,Legia Warszawa,1.81,3.62,4.74,Remis
78,19 Mar 2022,12:30,21/22,Wisła Płock,1,2,Śląsk Wrocław,2.45,3.26,3.06,Wygrali goście
79,18 Mar 2022,20:30,21/22,Pogoń Szczecin,4,1,Wisła Kraków,1.55,4.20,6.20,Wygrali gospodarze
80,18 Mar 2022,18:00,21/22,Zagłębie Lubin,0,4,Warta Poznań,2.52,3.08,3.13,Wygrali goście
81,15 Mar 2022,18:45,21/22,Legia Warszawa,4,1,Bruk-Bet T.,1.59,3.94,6.31,Wygrali gospodarze
82,14 Mar 2022,18:00,21/22,Raków Częstochowa,2,1,Stal Mielec,1.34,5.18,9.98,Wygrali gospodarze
83,13 Mar 2022,17:30,21/22,Wisła Kraków,1,1,Lech Poznań,6.62,4.27,1.52,Remis
84,13 Mar 2022,15:00,21/22,Śląsk Wrocław,0,0,Radomiak Radom,2.35,3.10,3.37,Remis
85,13 Mar 2022,12:30,21/22,Jagiellonia Białystok,0,1,Wisła Płock,2.20,3.32,3.49,Wygrali goście
86,12 Mar 2022,20:00,21/22,Cracovia,1,1,Pogoń Szczecin,3.65,3.09,2.23,Remis
87,12 Mar 2022,17:30,21/22,Piast Gliwice,1,0,Lechia Gdańsk,2.26,3.20,3.45,Wygrali gospodarze
88,12 Mar 2022,15:00,21/22,Warta Poznań,2,1,Górnik Zabrze,2.85,3.00,2.80,Wygrali gospodarze
89,11 Mar 2022,20:30,21/22,Górnik Łęczna,0,1,Legia Warszawa,5.12,3.41,1.80,Wygrali goście
90,11 Mar 2022,18:00,21/22,Bruk-Bet T.,0,2,Zagłębie Lubin,2.78,3.14,2.73,Wygrali goście
91,07 Mar 2022,19:00,21/22,Legia Warszawa,1,0,Śląsk Wrocław,1.89,3.46,4.47,Wygrali gospodarze
92,06 Mar 2022,17:30,21/22,Lech Poznań,0,1,Raków Częstochowa,1.96,3.42,4.15,Wygrali goście
93,06 Mar 2022,15:00,21/22,Górnik Zabrze,3,0,Cracovia,2.30,3.13,3.43,Wygrali gospodarze
94,06 Mar 2022,12:30,21/22,Wisła Płock,3,1,Górnik Łęczna,1.95,3.38,4.36,Wygrali gospodarze
95,05 Mar 2022,20:00,21/22,Lechia Gdańsk,1,1,Wisła Kraków,1.81,3.71,4.48,Remis
96,05 Mar 2022,17:30,21/22,Zagłębie Lubin,0,0,Piast Gliwice,2.80,3.17,2.69,Remis
97,05 Mar 2022,15:00,21/22,Bruk-Bet T.,1,0,Warta Poznań,2.87,3.11,2.69,Wygrali gospodarze
98,04 Mar 2022,20:30,21/22,Pogoń Szczecin,4,0,Radomiak Radom,1.90,3.34,4.65,Wygrali gospodarze
99,04 Mar 2022,18:00,21/22,Stal Mielec,1,1,Jagiellonia Białystok,2.75,3.11,2.80,Remis
100,28 Lut 2022,18:00,21/22,Cracovia,1,2,Bruk-Bet T.,1.89,3.48,4.47,Wygrali goście
101,27 Lut 2022,17:30,21/22,Śląsk Wrocław,0,0,Zagłębie Lubin,2.16,3.40,3.50,Remis
102,27 Lut 2022,15:00,21/22,Radomiak Radom,2,0,Lechia Gdańsk,2.57,3.20,2.93,Wygrali gospodarze
103,27 Lut 2022,12:30,21/22,Jagiellonia Białystok,1,1,Warta Poznań,2.41,3.07,3.32,Remis
104,26 Lut 2022,20:00,21/22,Piast Gliwice,0,0,Górnik Zabrze,2.40,3.14,3.24,Remis
105,26 Lut 2022,17:30,21/22,Górnik Łęczna,2,0,Stal Mielec,2.55,3.10,3.08,Wygrali gospodarze
106,26 Lut 2022,15:00,21/22,Pogoń Szczecin,0,3,Lech Poznań,2.83,3.14,2.69,Wygrali goście
107,25 Lut 2022,20:30,21/22,Legia Warszawa,2,1,Wisła Kraków,1.86,3.57,4.44,Wygrali gospodarze
108,25 Lut 2022,18:00,21/22,Raków Częstochowa,2,0,Wisła Płock,1.40,4.90,8.38,Wygrali gospodarze
109,21 Lut 2022,18:00,21/22,Wisła Kraków,0,0,Górnik Łęczna,1.92,3.58,4.16,Remis
110,20 Lut 2022,17:30,21/22,Lechia Gdańsk,1,0,Lech Poznań,3.92,3.52,1.99,Wygrali gospodarze
111,20 Lut 2022,15:00,21/22,Górnik Zabrze,1,1,Raków Częstochowa,3.01,3.27,2.47,Remis
112,20 Lut 2022,12:30,21/22,Warta Poznań,3,1,Radomiak Radom,2.86,2.98,2.81,Wygrali gospodarze
113,19 Lut 2022,20:00,21/22,Bruk-Bet T.,0,0,Legia Warszawa,4.08,3.45,1.97,Remis
114,19 Lut 2022,17:30,21/22,Śląsk Wrocław,1,3,Piast Gliwice,2.76,3.10,2.80,Wygrali goście
115,19 Lut 2022,15:00,21/22,Jagiellonia Białystok,0,0,Cracovia,2.83,3.10,2.72,Remis
116,18 Lut 2022,20:30,21/22,Stal Mielec,0,1,Pogoń Szczecin,5.63,3.52,1.70,Wygrali goście
117,18 Lut 2022,18:00,21/22,Zagłębie Lubin,3,1,Wisła Płock,2.39,3.20,3.21,Wygrali gospodarze
118,14 Lut 2022,18:00,21/22,Górnik Zabrze,1,2,Jagiellonia Białystok,1.76,3.82,4.85,Wygrali goście
119,13 Lut 2022,17:30,21/22,Legia Warszawa,0,1,Warta Poznań,1.72,3.48,5.73,Wygrali goście
120,13 Lut 2022,15:00,21/22,Pogoń Szczecin,2,1,Zagłębie Lubin,1.50,4.26,7.14,Wygrali gospodarze
121,13 Lut 2022,12:30,21/22,Wisła Płock,0,2,Piast Gliwice,2.68,3.12,2.88,Wygrali goście
122,12 Lut 2022,20:00,21/22,Lech Poznań,5,0,Bruk-Bet T.,1.30,5.85,10.23,Wygrali gospodarze
123,12 Lut 2022,17:30,21/22,Radomiak Radom,0,1,Raków Częstochowa,3.53,3.17,2.26,Wygrali goście
124,12 Lut 2022,15:00,21/22,Wisła Kraków,0,1,Stal Mielec,1.95,3.57,4.00,Wygrali goście
125,11 Lut 2022,20:30,21/22,Cracovia,2,0,Lechia Gdańsk,2.81,3.11,2.73,Wygrali gospodarze
126,11 Lut 2022,18:00,21/22,Górnik Łęczna,1,1,Śląsk Wrocław,3.23,3.12,2.44,Remis
127,07 Lut 2022,18:00,21/22,Radomiak Radom,1,1,Wisła Płock,2.08,3.41,3.78,Remis
128,06 Lut 2022,17:30,21/22,Cracovia,3,3,Lech Poznań,4.45,3.48,1.87,Remis
129,06 Lut 2022,15:00,21/22,Raków Częstochowa,2,0,Wisła Kraków,1.58,4.16,5.97,Wygrali gospodarze
130,06 Lut 2022,12:30,21/22,Warta Poznań,1,1,Górnik Łęczna,2.13,3.16,3.90,Remis
131,05 Lut 2022,20:00,21/22,Lechia Gdańsk,2,0,Śląsk Wrocław,1.91,3.61,4.19,Wygrali gospodarze
132,05 Lut 2022,17:30,21/22,Piast Gliwice,0,2,Pogoń Szczecin,3.48,3.08,2.32,Wygrali goście
133,05 Lut 2022,15:00,21/22,Stal Mielec,1,2,Górnik Zabrze,3.39,3.30,2.26,Wygrali goście
134,04 Lut 2022,20:30,21/22,Zagłębie Lubin,1,3,Legia Warszawa,3.13,3.21,2.41,Wygrali goście
135,04 Lut 2022,18:00,21/22,Bruk-Bet T.,2,1,Jagiellonia Białystok,2.56,3.34,2.84,Wygrali gospodarze
136,19 Gru 2021,17:30,21/22,Legia Warszawa,0,3,Radomiak Radom,2.16,3.32,3.64,Wygrali goście
137,19 Gru 2021,15:00,21/22,Lech Poznań,2,1,Górnik Zabrze,1.52,4.36,6.68,Wygrali gospodarze
138,19 Gru 2021,12:30,21/22,Górnik Łęczna,2,1,Zagłębie Lubin,2.69,3.30,2.73,Wygrali gospodarze
139,18 Gru 2021,20:00,21/22,Raków Częstochowa,5,0,Jagiellonia Białystok,1.63,4.10,5.52,Wygrali gospodarze
140,18 Gru 2021,17:30,21/22,Śląsk Wrocław,0,2,Cracovia,2.22,3.34,3.47,Wygrali goście
141,18 Gru 2021,15:00,21/22,Pogoń Szczecin,1,1,Warta Poznań,1.47,4.37,7.68,Remis
142,18 Gru 2021,12:30,21/22,Piast Gliwice,1,1,Stal Mielec,1.82,3.70,4.67,Remis
143,17 Gru 2021,20:30,21/22,Wisła Płock,1,0,Lechia Gdańsk,2.99,3.38,2.43,Wygrali gospodarze
144,17 Gru 2021,18:00,21/22,Wisła Kraków,3,0,Bruk-Bet T.,1.93,3.63,4.06,Wygrali gospodarze
145,15 Gru 2021,20:30,21/22,Legia Warszawa,4,0,Zagłębie Lubin,1.79,3.86,4.48,Wygrali gospodarze
146,15 Gru 2021,18:00,21/22,Raków Częstochowa,1,2,Górnik Zabrze,1.88,3.64,4.31,Wygrali goście
147,14 Gru 2021,18:45,21/22,Radomiak Radom,2,2,Piast Gliwice,2.29,3.13,3.51,Remis
148,13 Gru 2021,18:00,21/22,Warta Poznań,2,1,Śląsk Wrocław,2.78,3.19,2.72,Wygrali gospodarze
149,12 Gru 2021,17:30,21/22,Górnik Zabrze,2,2,Pogoń Szczecin,3.20,3.28,2.36,Remis
150,12 Gru 2021,15:00,21/22,Wisła Płock,1,0,Legia Warszawa,3.00,3.24,2.49,Wygrali gospodarze
151,12 Gru 2021,12:30,21/22,Cracovia,0,2,Górnik Łęczna,1.70,3.77,5.39,Wygrali goście
152,11 Gru 2021,20:00,21/22,Lechia Gdańsk,1,2,Jagiellonia Białystok,2.10,3.51,3.57,Wygrali goście
153,11 Gru 2021,17:30,21/22,Zagłębie Lubin,2,1,Wisła Kraków,2.67,3.37,2.70,Wygrali gospodarze
154,11 Gru 2021,15:00,21/22,Radomiak Radom,2,1,Lech Poznań,4.31,3.61,1.88,Wygrali gospodarze
155,10 Gru 2021,20:30,21/22,Raków Częstochowa,1,0,Piast Gliwice,1.72,3.75,5.17,Wygrali gospodarze
156,10 Gru 2021,18:00,21/22,Stal Mielec,1,0,Bruk-Bet T.,2.50,3.31,2.96,Wygrali gospodarze
157,06 Gru 2021,18:00,21/22,Warta Poznań,1,1,Wisła Kraków,2.83,3.17,2.71,Remis
158,05 Gru 2021,20:00,21/22,Cracovia,1,0,Legia Warszawa,2.99,3.28,2.49,Wygrali gospodarze
159,05 Gru 2021,17:30,21/22,Zagłębie Lubin,2,3,Lech Poznań,6.81,4.56,1.48,Wygrali goście
160,04 Gru 2021,20:00,21/22,Lechia Gdańsk,3,1,Raków Częstochowa,3.14,3.28,2.39,Wygrali gospodarze
161,04 Gru 2021,17:30,21/22,Jagiellonia Białystok,1,2,Górnik Łęczna,1.57,4.12,6.13,Wygrali goście
162,04 Gru 2021,15:00,21/22,Bruk-Bet T.,1,3,Pogoń Szczecin,5.20,3.83,1.71,Wygrali goście
163,03 Gru 2021,20:30,21/22,Górnik Zabrze,3,1,Śląsk Wrocław,2.14,3.37,3.63,Wygrali gospodarze
164,03 Gru 2021,18:00,21/22,Stal Mielec,2,1,Wisła Płock,2.71,3.23,2.74,Wygrali gospodarze
165,28 Lis 2021,17:30,21/22,Legia Warszawa,1,0,Jagiellonia Białystok,1.88,3.64,4.22,Wygrali gospodarze
166,28 Lis 2021,15:00,21/22,Lech Poznań,2,0,Warta Poznań,1.32,5.32,10.66,Wygrali gospodarze
167,28 Lis 2021,12:30,21/22,Wisła Płock,2,1,Cracovia,2.48,3.12,3.12,Wygrali gospodarze
168,27 Lis 2021,20:00,21/22,Raków Częstochowa,4,0,Zagłębie Lubin,1.61,4.13,5.60,Wygrali gospodarze
169,27 Lis 2021,17:30,21/22,Pogoń Szczecin,5,1,Lechia Gdańsk,1.78,3.66,4.78,Wygrali gospodarze
170,27 Lis 2021,15:00,21/22,Śląsk Wrocław,2,1,Stal Mielec,1.71,3.86,5.13,Wygrali gospodarze
171,27 Lis 2021,12:30,21/22,Górnik Łęczna,1,2,Górnik Zabrze,4.35,3.64,1.85,Wygrali goście
172,26 Lis 2021,20:30,21/22,Wisła Kraków,0,1,Radomiak Radom,2.47,3.37,2.94,Wygrali goście
173,26 Lis 2021,18:00,21/22,Piast Gliwice,2,1,Bruk-Bet T.,1.97,3.56,3.90,Wygrali gospodarze
174,22 Lis 2021,20:30,21/22,Cracovia,1,0,Raków Częstochowa,3.25,3.31,2.32,Wygrali gospodarze
175,22 Lis 2021,18:00,21/22,Zagłębie Lubin,0,2,Radomiak Radom,2.73,3.24,2.74,Wygrali goście
176,21 Lis 2021,17:30,21/22,Górnik Zabrze,3,2,Legia Warszawa,2.92,3.36,2.51,Wygrali gospodarze
177,21 Lis 2021,15:00,21/22,Pogoń Szczecin,2,1,Śląsk Wrocław,1.75,3.70,5.08,Wygrali gospodarze
178,21 Lis 2021,12:30,21/22,Bruk-Bet T.,1,1,Górnik Łęczna,1.77,3.71,4.88,Remis
179,20 Lis 2021,20:00,21/22,Lech Poznań,1,0,Piast Gliwice,1.43,4.63,7.82,Wygrali gospodarze
180,20 Lis 2021,17:30,21/22,Stal Mielec,3,3,Lechia Gdańsk,3.32,3.44,2.22,Remis
181,20 Lis 2021,15:00,21/22,Jagiellonia Białystok,3,1,Wisła Kraków,2.51,3.37,2.87,Wygrali gospodarze
182,20 Lis 2021,12:30,21/22,Warta Poznań,1,2,Wisła Płock,2.67,3.10,2.91,Wygrali goście
183,07 Lis 2021,20:00,21/22,Wisła Kraków,1,0,Cracovia,2.72,3.18,2.81,Wygrali gospodarze
184,07 Lis 2021,17:30,21/22,Legia Warszawa,1,3,Stal Mielec,1.41,4.97,8.23,Wygrali goście
185,07 Lis 2021,15:00,21/22,Raków Częstochowa,0,0,Pogoń Szczecin,2.24,3.23,3.53,Remis
186,06 Lis 2021,20:00,21/22,Górnik Łęczna,1,1,Lech Poznań,10.21,5.33,1.33,Remis
187,06 Lis 2021,17:30,21/22,Lechia Gdańsk,2,1,Zagłębie Lubin,1.72,3.88,4.99,Wygrali gospodarze
188,06 Lis 2021,15:00,21/22,Radomiak Radom,1,0,Górnik Zabrze,2.39,3.28,3.19,Wygrali gospodarze
189,06 Lis 2021,12:30,21/22,Piast Gliwice,0,1,Warta Poznań,1.74,3.64,5.29,Wygrali goście
190,05 Lis 2021,20:30,21/22,Śląsk Wrocław,2,2,Jagiellonia Białystok,2.07,3.51,3.67,Remis
191,05 Lis 2021,18:00,21/22,Wisła Płock,1,1,Bruk-Bet T.,1.91,3.55,4.17,Remis
192,31 Paź 2021,17:30,21/22,Legia Warszawa,0,2,Pogoń Szczecin,2.39,3.23,3.20,Wygrali goście
193,31 Paź 2021,15:00,21/22,Górnik Łęczna,0,0,Raków Częstochowa,6.72,4.25,1.52,Remis
194,31 Paź 2021,12:30,21/22,Wisła Płock,2,0,Wisła Kraków,2.23,3.44,3.30,Wygrali gospodarze
195,30 Paź 2021,20:00,21/22,Jagiellonia Białystok,3,3,Piast Gliwice,2.49,3.22,3.03,Remis
196,30 Paź 2021,17:30,21/22,Górnik Zabrze,0,0,Zagłębie Lubin,1.90,3.62,4.18,Remis
197,30 Paź 2021,15:00,21/22,Warta Poznań,0,2,Lechia Gdańsk,3.51,3.39,2.15,Wygrali goście
198,30 Paź 2021,12:30,21/22,Bruk-Bet T.,4,3,Śląsk Wrocław,3.38,3.41,2.20,Wygrali gospodarze
199,29 Paź 2021,20:30,21/22,Stal Mielec,0,0,Lech Poznań,6.96,4.63,1.47,Remis
200,29 Paź 2021,18:00,21/22,Cracovia,1,2,Radomiak Radom,2.31,3.16,3.40,Wygrali goście
201,24 Paź 2021,20:00,21/22,Piast Gliwice,4,1,Legia Warszawa,3.21,3.24,2.36,Wygrali gospodarze
202,24 Paź 2021,17:30,21/22,Warta Poznań,0,0,Stal Mielec,2.30,3.27,3.32,Remis
203,24 Paź 2021,15:00,21/22,Zagłębie Lubin,1,1,Cracovia,2.67,3.12,2.90,Remis
204,23 Paź 2021,20:00,21/22,Wisła Kraków,0,5,Śląsk Wrocław,2.19,3.42,3.40,Wygrali goście
205,23 Paź 2021,17:30,21/22,Pogoń Szczecin,4,1,Jagiellonia Białystok,1.69,3.76,5.38,Wygrali gospodarze
206,23 Paź 2021,15:00,21/22,Lechia Gdańsk,1,1,Górnik Zabrze,2.15,3.44,3.51,Remis
207,23 Paź 2021,12:30,21/22,Raków Częstochowa,3,2,Bruk-Bet T.,1.46,4.50,7.43,Wygrali gospodarze
208,22 Paź 2021,20:30,21/22,Lech Poznań,4,1,Wisła Płock,1.37,4.99,8.84,Wygrali gospodarze
209,22 Paź 2021,18:00,21/22,Radomiak Radom,3,1,Górnik Łęczna,1.67,3.80,5.55,Wygrali gospodarze
210,18 Paź 2021,20:30,21/22,Jagiellonia Białystok,1,1,Radomiak Radom,2.24,3.35,3.36,Remis
211,18 Paź 2021,18:00,21/22,Stal Mielec,4,2,Zagłębie Lubin,2.84,3.25,2.60,Wygrali gospodarze
212,17 Paź 2021,17:30,21/22,Legia Warszawa,0,1,Lech Poznań,2.87,3.41,2.53,Wygrali goście
213,17 Paź 2021,15:00,21/22,Cracovia,2,0,Warta Poznań,1.96,3.28,4.41,Wygrali gospodarze
214,17 Paź 2021,12:30,21/22,Wisła Płock,1,0,Pogoń Szczecin,3.53,3.20,2.25,Wygrali gospodarze
215,16 Paź 2021,20:00,21/22,Śląsk Wrocław,1,2,Raków Częstochowa,3.30,3.38,2.26,Wygrali goście
216,16 Paź 2021,17:30,21/22,Górnik Zabrze,0,1,Wisła Kraków,1.96,3.56,4.06,Wygrali goście
217,16 Paź 2021,15:00,21/22,Bruk-Bet T.,0,2,Lechia Gdańsk,3.54,3.44,2.14,Wygrali goście
218,16 Paź 2021,12:30,21/22,Górnik Łęczna,1,1,Piast Gliwice,3.76,3.29,2.13,Remis
219,03 Paź 2021,17:30,21/22,Lechia Gdańsk,3,1,Legia Warszawa,2.83,3.29,2.60,Wygrali gospodarze
220,03 Paź 2021,15:00,21/22,Pogoń Szczecin,4,1,Górnik Łęczna,1.36,4.98,9.89,Wygrali gospodarze
221,03 Paź 2021,12:30,21/22,Raków Częstochowa,3,0,Warta Poznań,1.64,3.83,6.02,Wygrali gospodarze
222,02 Paź 2021,20:00,21/22,Górnik Zabrze,4,2,Wisła Płock,1.99,3.53,3.95,Wygrali gospodarze
223,02 Paź 2021,17:30,21/22,Lech Poznań,4,0,Śląsk Wrocław,1.53,4.43,6.18,Wygrali gospodarze
224,02 Paź 2021,15:00,21/22,Cracovia,3,3,Stal Mielec,1.91,3.50,4.40,Remis
225,02 Paź 2021,12:30,21/22,Radomiak Radom,1,1,Bruk-Bet T.,2.24,3.28,3.47,Remis
226,01 Paź 2021,20:30,21/22,Piast Gliwice,1,0,Wisła Kraków,2.60,3.41,2.77,Wygrali gospodarze
227,01 Paź 2021,18:00,21/22,Zagłębie Lubin,0,1,Jagiellonia Białystok,2.30,3.36,3.23,Wygrali goście
228,29 Wrz 2021,17:00,21/22,Raków Częstochowa,2,2,Radomiak Radom,1.82,3.55,4.76,Remis
229,27 Wrz 2021,18:00,21/22,Piast Gliwice,2,4,Cracovia,2.36,3.11,3.37,Wygrali goście
230,26 Wrz 2021,17:30,21/22,Wisła Kraków,0,1,Pogoń Szczecin,2.81,3.47,2.53,Wygrali goście
231,26 Wrz 2021,15:00,21/22,Śląsk Wrocław,3,1,Wisła Płock,2.09,3.49,3.69,Wygrali gospodarze
232,26 Wrz 2021,12:30,21/22,Bruk-Bet T.,3,1,Górnik Zabrze,3.05,3.17,2.51,Wygrali gospodarze
233,25 Wrz 2021,20:00,21/22,Legia Warszawa,2,3,Raków Częstochowa,2.21,3.30,3.48,Wygrali goście
234,25 Wrz 2021,17:30,21/22,Warta Poznań,0,2,Zagłębie Lubin,2.88,3.22,2.61,Wygrali goście
235,25 Wrz 2021,15:00,21/22,Stal Mielec,1,0,Radomiak Radom,3.20,3.26,2.38,Wygrali gospodarze
236,24 Wrz 2021,20:30,21/22,Jagiellonia Białystok,1,0,Lech Poznań,4.43,3.67,1.85,Wygrali gospodarze
237,24 Wrz 2021,18:00,21/22,Górnik Łęczna,0,4,Lechia Gdańsk,3.63,3.35,2.14,Wygrali goście
238,19 Wrz 2021,17:30,21/22,Legia Warszawa,3,1,Górnik Łęczna,1.34,5.28,9.33,Wygrali gospodarze
239,19 Wrz 2021,15:00,21/22,Górnik Zabrze,1,0,Warta Poznań,2.07,3.26,4.01,Wygrali gospodarze
240,19 Wrz 2021,12:30,21/22,Stal Mielec,0,3,Raków Częstochowa,4.60,3.42,1.89,Wygrali goście
241,18 Wrz 2021,20:00,21/22,Lechia Gdańsk,1,0,Piast Gliwice,2.27,3.42,3.29,Wygrali gospodarze
242,18 Wrz 2021,17:30,21/22,Radomiak Radom,1,1,Śląsk Wrocław,2.44,3.24,3.12,Remis
243,18 Wrz 2021,15:00,21/22,Pogoń Szczecin,1,1,Cracovia,1.87,3.33,4.90,Remis
244,18 Wrz 2021,12:30,21/22,Wisła Płock,3,0,Jagiellonia Białystok,2.47,3.26,3.06,Wygrali gospodarze
245,17 Wrz 2021,20:30,21/22,Lech Poznań,5,0,Wisła Kraków,1.58,4.27,5.99,Wygrali gospodarze
246,17 Wrz 2021,18:00,21/22,Zagłębie Lubin,2,1,Bruk-Bet T.,2.10,3.37,3.73,Wygrali gospodarze
247,13 Wrz 2021,20:30,21/22,Radomiak Radom,1,1,Pogoń Szczecin,3.18,3.11,2.47,Remis
248,13 Wrz 2021,18:00,21/22,Górnik Łęczna,3,2,Wisła Płock,3.34,3.34,2.26,Wygrali gospodarze
249,12 Wrz 2021,17:30,21/22,Raków Częstochowa,2,2,Lech Poznań,2.87,3.25,2.60,Remis
250,12 Wrz 2021,15:00,21/22,Wisła Kraków,2,2,Lechia Gdańsk,2.03,3.63,3.66,Remis
251,12 Wrz 2021,12:30,21/22,Piast Gliwice,0,1,Zagłębie Lubin,1.99,3.54,3.90,Wygrali goście
252,11 Wrz 2021,20:00,21/22,Śląsk Wrocław,1,0,Legia Warszawa,3.61,3.45,2.11,Wygrali gospodarze
253,11 Wrz 2021,17:30,21/22,Jagiellonia Białystok,1,1,Stal Mielec,1.68,3.91,5.27,Remis
254,11 Wrz 2021,15:00,21/22,Cracovia,2,2,Górnik Zabrze,2.40,3.15,3.25,Remis
255,11 Wrz 2021,12:30,21/22,Warta Poznań,0,0,Bruk-Bet T.,2.46,3.19,3.11,Remis
256,29 Sie 2021,17:30,21/22,Wisła Kraków,1,0,Legia Warszawa,3.12,3.38,2.35,Wygrali gospodarze
257,29 Sie 2021,15:00,21/22,Zagłębie Lubin,1,3,Śląsk Wrocław,2.32,3.40,3.17,Wygrali goście
258,29 Sie 2021,12:30,21/22,Wisła Płock,1,1,Raków Częstochowa,3.11,3.19,2.47,Remis
259,28 Sie 2021,20:00,21/22,Górnik Zabrze,0,1,Piast Gliwice,2.79,3.14,2.74,Wygrali goście
260,28 Sie 2021,17:30,21/22,Lech Poznań,1,1,Pogoń Szczecin,1.93,3.47,4.34,Remis
261,28 Sie 2021,15:00,21/22,Lechia Gdańsk,2,2,Radomiak Radom,2.41,3.22,3.17,Remis
262,28 Sie 2021,12:30,21/22,Bruk-Bet T.,1,2,Cracovia,2.62,3.08,3.03,Wygrali goście
263,27 Sie 2021,20:30,21/22,Warta Poznań,1,1,Jagiellonia Białystok,2.70,3.12,2.86,Remis
264,27 Sie 2021,18:00,21/22,Stal Mielec,2,0,Górnik Łęczna,2.02,3.38,4.00,Wygrali gospodarze
265,22 Sie 2021,17:30,21/22,Lech Poznań,2,0,Lechia Gdańsk,1.54,4.31,6.83,Wygrali gospodarze
266,22 Sie 2021,15:00,21/22,Piast Gliwice,1,1,Śląsk Wrocław,1.98,3.63,3.96,Remis
267,21 Sie 2021,20:00,21/22,Górnik Łęczna,1,3,Wisła Kraków,3.46,3.48,2.19,Wygrali goście
268,21 Sie 2021,17:30,21/22,Cracovia,2,1,Jagiellonia Białystok,2.25,3.33,3.46,Wygrali gospodarze
269,21 Sie 2021,15:00,21/22,Pogoń Szczecin,4,1,Stal Mielec,1.62,4.00,6.15,Wygrali gospodarze
270,20 Sie 2021,20:30,21/22,Radomiak Radom,1,0,Warta Poznań,2.17,3.29,3.68,Wygrali gospodarze
271,20 Sie 2021,18:00,21/22,Wisła Płock,4,0,Zagłębie Lubin,2.42,3.34,3.09,Wygrali gospodarze
272,16 Sie 2021,18:00,21/22,Jagiellonia Białystok,1,3,Górnik Zabrze,2.30,3.35,3.30,Wygrali goście
273,15 Sie 2021,20:00,21/22,Zagłębie Lubin,2,0,Pogoń Szczecin,3.26,3.16,2.41,Wygrali gospodarze
274,15 Sie 2021,17:30,21/22,Śląsk Wrocław,0,0,Górnik Łęczna,1.78,3.78,4.73,Remis
275,14 Sie 2021,20:00,21/22,Warta Poznań,0,2,Legia Warszawa,3.26,3.35,2.32,Wygrali goście
276,14 Sie 2021,17:30,21/22,Lechia Gdańsk,3,0,Cracovia,2.23,3.28,3.48,Wygrali gospodarze
277,14 Sie 2021,15:00,21/22,Piast Gliwice,4,3,Wisła Płock,2.08,3.29,3.96,Wygrali gospodarze
278,13 Sie 2021,20:30,21/22,Stal Mielec,2,1,Wisła Kraków,3.27,3.49,2.25,Wygrali gospodarze
279,13 Sie 2021,18:00,21/22,Bruk-Bet T.,1,3,Lech Poznań,4.98,3.55,1.81,Wygrali goście
280,09 Sie 2021,18:00,21/22,Wisła Płock,1,0,Radomiak Radom,2.71,3.06,2.93,Wygrali gospodarze
281,08 Sie 2021,20:00,21/22,Śląsk Wrocław,1,1,Lechia Gdańsk,2.62,3.36,2.80,Remis
282,08 Sie 2021,17:30,21/22,Wisła Kraków,1,2,Raków Częstochowa,2.63,3.35,2.78,Wygrali goście
283,08 Sie 2021,15:00,21/22,Pogoń Szczecin,1,0,Piast Gliwice,2.14,3.26,3.81,Wygrali gospodarze
284,07 Sie 2021,17:30,21/22,Górnik Zabrze,1,0,Stal Mielec,2.20,3.47,3.40,Wygrali gospodarze
285,07 Sie 2021,15:00,21/22,Jagiellonia Białystok,1,0,Bruk-Bet T.,2.32,3.38,3.20,Wygrali gospodarze
286,06 Sie 2021,20:30,21/22,Lech Poznań,2,0,Cracovia,1.68,3.84,5.52,Wygrali gospodarze
287,06 Sie 2021,18:00,21/22,Górnik Łęczna,0,4,Warta Poznań,2.92,3.09,2.71,Wygrali goście
288,02 Sie 2021,18:00,21/22,Lechia Gdańsk,1,0,Wisła Płock,2.38,3.41,3.10,Wygrali gospodarze
289,01 Sie 2021,20:00,21/22,Jagiellonia Białystok,3,0,Raków Częstochowa,2.65,3.38,2.80,Wygrali gospodarze
290,01 Sie 2021,17:30,21/22,Cracovia,1,2,Śląsk Wrocław,2.17,3.28,3.71,Wygrali goście
291,01 Sie 2021,15:00,21/22,Warta Poznań,1,1,Pogoń Szczecin,3.41,3.10,2.36,Remis
292,31 Lip 2021,20:00,21/22,Radomiak Radom,3,1,Legia Warszawa,3.33,3.28,2.34,Wygrali gospodarze
293,31 Lip 2021,17:30,21/22,Bruk-Bet T.,2,2,Wisła Kraków,2.70,3.34,2.73,Remis
294,31 Lip 2021,15:00,21/22,Stal Mielec,0,2,Piast Gliwice,3.35,3.26,2.32,Wygrali goście
295,30 Lip 2021,20:30,21/22,Górnik Zabrze,1,3,Lech Poznań,3.51,3.40,2.20,Wygrali goście
296,30 Lip 2021,18:00,21/22,Zagłębie Lubin,3,1,Górnik Łęczna,1.82,3.71,4.71,Wygrali gospodarze
297,26 Lip 2021,18:00,21/22,Wisła Kraków,3,0,Zagłębie Lubin,2.14,3.54,3.48,Wygrali gospodarze
298,25 Lip 2021,20:00,21/22,Pogoń Szczecin,2,0,Górnik Zabrze,1.99,3.39,4.20,Wygrali gospodarze
299,25 Lip 2021,17:30,21/22,Śląsk Wrocław,2,2,Warta Poznań,2.36,3.21,3.29,Remis
300,25 Lip 2021,15:00,21/22,Piast Gliwice,2,3,Raków Częstochowa,2.66,3.24,2.83,Wygrali goście
301,24 Lip 2021,20:00,21/22,Legia Warszawa,1,0,Wisła Płock,2.27,3.24,3.58,Wygrali gospodarze
302,24 Lip 2021,17:30,21/22,Jagiellonia Białystok,1,1,Lechia Gdańsk,2.68,3.34,2.76,Remis
303,24 Lip 2021,15:00,21/22,Górnik Łęczna,1,1,Cracovia,3.47,3.20,2.29,Remis
304,23 Lip 2021,20:30,21/22,Lech Poznań,0,0,Radomiak Radom,1.71,3.84,5.26,Remis
305,23 Lip 2021,18:00,21/22,Bruk-Bet T.,1,1,Stal Mielec,2.44,3.23,3.15,Remis
