﻿,Data,Godzina,Sezon,Gospodarze,Gole_gospodarze,Gole_goście,Goście,Oddsy_gospodarze,Oddsy_remis,Oddsy_goście,Kto_wygrał
0,07 Cze 2015 - Grupa mistrzowska,18:00,14/15,Jagiellonia Białystok,4,2,Lechia Gdańsk,2.30,3.15,2.89,Wygrali gospodarze
1,07 Cze 2015 - Grupa mistrzowska,18:00,14/15,Lech Poznań,0,0,Wisła Kraków,1.32,4.25,9.43,Remis
2,07 Cze 2015 - Grupa mistrzowska,18:00,14/15,Legia Warszawa,2,0,Górnik Zabrze,1.23,5.23,10.95,Wygrali gospodarze
3,07 Cze 2015 - Grupa mistrzowska,18:00,14/15,Śląsk Wrocław,2,1,Pogoń Szczecin,1.65,3.48,4.90,Wygrali gospodarze
4,05 Cze 2015,20:30,14/15,Górnik Łęczna,1,0,GKS Bełchatów,1.52,3.73,5.87,Wygrali gospodarze
5,05 Cze 2015,20:30,14/15,Korona Kielce,3,1,Podbeskidzie B-B,1.66,3.53,4.71,Wygrali gospodarze
6,05 Cze 2015,20:30,14/15,Piast Gliwice,0,3,Cracovia,2.43,3.18,2.72,Wygrali goście
7,05 Cze 2015,20:30,14/15,Ruch Chorzów,3,2,Zawisza Bydgoszcz,3.45,3.18,2.03,Wygrali gospodarze
8,03 Cze 2015,20:30,14/15,Górnik Zabrze,1,6,Lech Poznań,5.07,3.70,1.59,Wygrali goście
9,03 Cze 2015,20:30,14/15,Lechia Gdańsk,0,0,Legia Warszawa,2.98,3.10,2.28,Remis
10,03 Cze 2015,20:30,14/15,Pogoń Szczecin,1,3,Jagiellonia Białystok,2.94,3.10,2.30,Wygrali goście
11,03 Cze 2015,20:30,14/15,Wisła Kraków,0,1,Śląsk Wrocław,2.23,3.15,3.03,Wygrali goście
12,02 Cze 2015,20:30,14/15,Cracovia,1,0,Ruch Chorzów,2.15,3.18,3.16,Wygrali gospodarze
13,02 Cze 2015,20:30,14/15,GKS Bełchatów,2,2,Korona Kielce,2.64,3.10,2.53,Remis
14,02 Cze 2015,20:30,14/15,Podbeskidzie B-B,1,0,Górnik Łęczna,2.18,3.15,3.13,Wygrali gospodarze
15,02 Cze 2015,20:30,14/15,Zawisza Bydgoszcz,0,0,Piast Gliwice,1.88,3.28,3.92,Remis
16,31 Maj 2015,18:00,14/15,Lech Poznań,1,0,Pogoń Szczecin,1.32,4.60,8.68,Wygrali gospodarze
17,31 Maj 2015,15:30,14/15,Jagiellonia Białystok,3,2,Górnik Zabrze,1.83,3.25,4.12,Wygrali gospodarze
18,31 Maj 2015,15:30,14/15,Legia Warszawa,1,0,Wisła Kraków,1.48,3.95,5.81,Wygrali gospodarze
19,30 Maj 2015,20:30,14/15,Śląsk Wrocław,1,0,Lechia Gdańsk,2.50,3.10,2.66,Wygrali gospodarze
20,30 Maj 2015,18:00,14/15,GKS Bełchatów,1,4,Zawisza Bydgoszcz,2.60,3.03,2.61,Wygrali goście
21,30 Maj 2015,15:30,14/15,Górnik Łęczna,0,1,Ruch Chorzów,2.15,3.13,3.20,Wygrali goście
22,29 Maj 2015,20:30,14/15,Korona Kielce,2,1,Piast Gliwice,2.05,3.20,3.35,Wygrali gospodarze
23,29 Maj 2015,18:00,14/15,Podbeskidzie B-B,0,3,Cracovia,2.48,3.10,2.69,Wygrali goście
24,25 Maj 2015,18:00,14/15,Ruch Chorzów,2,4,GKS Bełchatów,1.90,3.25,3.95,Wygrali goście
25,24 Maj 2015,18:00,14/15,Lechia Gdańsk,1,2,Lech Poznań,2.75,3.10,2.50,Wygrali goście
26,24 Maj 2015,15:30,14/15,Piast Gliwice,2,1,Podbeskidzie B-B,2.18,3.13,3.15,Wygrali gospodarze
27,23 Maj 2015,20:30,14/15,Jagiellonia Białystok,2,1,Wisła Kraków,2.40,3.15,2.75,Wygrali gospodarze
28,23 Maj 2015,18:00,14/15,Pogoń Szczecin,0,1,Legia Warszawa,4.90,3.48,1.65,Wygrali goście
29,23 Maj 2015,15:30,14/15,Śląsk Wrocław,1,1,Górnik Zabrze,1.75,3.35,4.43,Remis
30,22 Maj 2015,20:30,14/15,Cracovia,1,1,Korona Kielce,1.93,3.18,3.79,Remis
31,22 Maj 2015,18:00,14/15,Zawisza Bydgoszcz,1,1,Górnik Łęczna,2.15,3.13,3.20,Remis
32,20 Maj 2015,20:30,14/15,Legia Warszawa,1,0,Jagiellonia Białystok,1.49,3.85,5.87,Wygrali gospodarze
33,20 Maj 2015,20:30,14/15,Wisła Kraków,2,2,Pogoń Szczecin,1.78,3.35,4.23,Remis
34,20 Maj 2015,18:00,14/15,Górnik Zabrze,0,1,Lechia Gdańsk,2.67,3.08,2.53,Wygrali goście
35,20 Maj 2015,18:00,14/15,Lech Poznań,3,0,Śląsk Wrocław,1.69,3.48,4.48,Wygrali gospodarze
36,19 Maj 2015,20:30,14/15,Cracovia,3,1,Zawisza Bydgoszcz,2.15,3.15,3.18,Wygrali gospodarze
37,19 Maj 2015,20:30,14/15,Piast Gliwice,6,3,GKS Bełchatów,1.83,3.30,4.09,Wygrali gospodarze
38,19 Maj 2015,18:00,14/15,Korona Kielce,1,3,Górnik Łęczna,2.33,3.08,2.92,Wygrali goście
39,19 Maj 2015,18:00,14/15,Podbeskidzie B-B,0,2,Ruch Chorzów,2.30,3.10,2.95,Wygrali goście
40,17 Maj 2015,18:00,14/15,Śląsk Wrocław,1,1,Legia Warszawa,3.43,3.13,2.05,Remis
41,17 Maj 2015,15:30,14/15,Górnik Zabrze,2,0,Pogoń Szczecin,2.34,3.05,2.93,Wygrali gospodarze
42,17 Maj 2015,15:30,14/15,Lech Poznań,1,3,Jagiellonia Białystok,1.48,3.93,6.27,Wygrali goście
43,16 Maj 2015,20:30,14/15,Ruch Chorzów,1,1,Piast Gliwice,2.10,3.08,3.37,Remis
44,16 Maj 2015,18:00,14/15,GKS Bełchatów,0,2,Podbeskidzie B-B,2.55,3.00,2.69,Wygrali goście
45,16 Maj 2015,15:30,14/15,Górnik Łęczna,0,3,Cracovia,2.40,2.97,2.91,Wygrali goście
46,15 Maj 2015,20:30,14/15,Lechia Gdańsk,2,2,Wisła Kraków,2.10,3.08,3.37,Remis
47,15 Maj 2015,18:00,14/15,Zawisza Bydgoszcz,3,1,Korona Kielce,2.55,3.05,2.65,Wygrali gospodarze
48,11 Maj 2015,18:00,14/15,Piast Gliwice,2,3,Górnik Łęczna,2.10,3.10,3.45,Wygrali goście
49,10 Maj 2015,18:00,14/15,Cracovia,1,1,GKS Bełchatów,1.83,3.28,4.08,Remis
50,10 Maj 2015 - Grupa spadkowa,15:30,14/15,Podbeskidzie B-B,2,2,Zawisza Bydgoszcz,2.30,3.13,2.92,Remis
51,09 Maj 2015,20:30,14/15,Wisła Kraków,4,1,Górnik Zabrze,2.00,3.20,3.57,Wygrali gospodarze
52,09 Maj 2015,18:00,14/15,Pogoń Szczecin,1,3,Lechia Gdańsk,2.50,3.08,2.69,Wygrali goście
53,09 Maj 2015,15:30,14/15,Legia Warszawa,1,2,Lech Poznań,2.10,3.18,3.34,Wygrali goście
54,08 Maj 2015,20:30,14/15,Jagiellonia Białystok,1,1,Śląsk Wrocław,2.47,3.03,2.76,Remis
55,08 Maj 2015,18:00,14/15,Korona Kielce,0,2,Ruch Chorzów,2.13,3.13,3.26,Wygrali goście
56,29 Kwi 2015,20:30,14/15,Cracovia,3,1,GKS Bełchatów,2.08,3.10,3.41,Wygrali gospodarze
57,29 Kwi 2015,20:30,14/15,Górnik Łęczna,1,2,Piast Gliwice,2.24,3.03,3.12,Wygrali goście
58,29 Kwi 2015,20:30,14/15,Górnik Zabrze,2,1,Zawisza Bydgoszcz,2.10,3.10,3.34,Wygrali gospodarze
59,29 Kwi 2015,20:30,14/15,Jagiellonia Białystok,2,0,Ruch Chorzów,2.30,3.10,2.94,Wygrali gospodarze
60,29 Kwi 2015,20:30,14/15,Korona Kielce,3,2,Lechia Gdańsk,3.00,3.00,2.33,Wygrali gospodarze
61,29 Kwi 2015,20:30,14/15,Legia Warszawa,2,1,Pogoń Szczecin,1.50,3.70,6.19,Wygrali gospodarze
62,29 Kwi 2015,20:30,14/15,Podbeskidzie B-B,0,2,Lech Poznań,3.80,3.25,1.90,Wygrali goście
63,29 Kwi 2015,20:30,14/15,Śląsk Wrocław,1,0,Wisła Kraków,2.35,3.03,2.93,Wygrali gospodarze
64,26 Kwi 2015,18:00,14/15,Wisła Kraków,2,0,Korona Kielce,2.05,3.15,3.40,Wygrali gospodarze
65,26 Kwi 2015,15:30,14/15,Lechia Gdańsk,2,0,Górnik Łęczna,1.78,3.35,4.23,Wygrali gospodarze
66,26 Kwi 2015,13:00,14/15,Piast Gliwice,3,0,Podbeskidzie B-B,2.40,3.08,2.80,Wygrali gospodarze
67,25 Kwi 2015,20:30,14/15,Lech Poznań,2,0,Śląsk Wrocław,1.77,3.35,4.25,Wygrali gospodarze
68,25 Kwi 2015,18:00,14/15,GKS Bełchatów,0,0,Jagiellonia Białystok,2.58,3.08,2.61,Remis
69,25 Kwi 2015,15:30,14/15,Pogoń Szczecin,3,1,Górnik Zabrze,2.18,3.10,3.18,Wygrali gospodarze
70,24 Kwi 2015,20:30,14/15,Ruch Chorzów,0,0,Legia Warszawa,4.01,3.30,1.84,Remis
71,24 Kwi 2015,18:00,14/15,Zawisza Bydgoszcz,0,3,Cracovia,2.18,3.10,3.17,Wygrali goście
72,20 Kwi 2015,18:00,14/15,Górnik Zabrze,2,0,GKS Bełchatów,2.05,3.10,3.60,Wygrali gospodarze
73,19 Kwi 2015,18:00,14/15,Legia Warszawa,2,0,Zawisza Bydgoszcz,1.52,3.75,5.95,Wygrali gospodarze
74,19 Kwi 2015,15:30,14/15,Górnik Łęczna,1,1,Lech Poznań,3.65,3.22,1.95,Remis
75,18 Kwi 2015,20:30,14/15,Cracovia,0,1,Pogoń Szczecin,2.31,3.03,3.00,Wygrali goście
76,18 Kwi 2015,18:00,14/15,Jagiellonia Białystok,2,1,Piast Gliwice,2.00,3.20,3.50,Wygrali gospodarze
77,18 Kwi 2015,15:30,14/15,Śląsk Wrocław,3,0,Lechia Gdańsk,2.47,3.03,2.75,Wygrali gospodarze
78,17 Kwi 2015,20:30,14/15,Podbeskidzie B-B,2,2,Wisła Kraków,2.67,3.08,2.53,Remis
79,17 Kwi 2015,18:00,14/15,Korona Kielce,0,0,Ruch Chorzów,2.28,3.10,2.97,Remis
80,13 Kwi 2015,18:00,14/15,Górnik Łęczna,0,0,Podbeskidzie B-B,2.30,3.10,3.05,Remis
81,12 Kwi 2015,18:00,14/15,Lech Poznań,1,1,Korona Kielce,1.50,3.90,6.10,Remis
82,12 Kwi 2015,15:30,14/15,GKS Bełchatów,1,4,Zawisza Bydgoszcz,2.60,3.10,2.65,Wygrali goście
83,11 Kwi 2015,20:30,14/15,Pogoń Szczecin,2,0,Jagiellonia Białystok,2.47,3.10,2.70,Wygrali gospodarze
84,11 Kwi 2015,18:00,14/15,Piast Gliwice,2,0,Śląsk Wrocław,2.82,3.10,2.38,Wygrali gospodarze
85,11 Kwi 2015,15:30,14/15,Lechia Gdańsk,1,0,Legia Warszawa,2.88,3.13,2.33,Wygrali gospodarze
86,10 Kwi 2015,20:30,14/15,Wisła Kraków,1,1,Górnik Zabrze,2.03,3.15,3.48,Remis
87,10 Kwi 2015,18:00,14/15,Ruch Chorzów,3,0,Cracovia,2.33,3.10,2.91,Wygrali gospodarze
88,07 Kwi 2015,20:30,14/15,Zawisza Bydgoszcz,2,1,Pogoń Szczecin,2.30,3.08,3.02,Wygrali gospodarze
89,06 Kwi 2015,18:00,14/15,Jagiellonia Białystok,2,2,Wisła Kraków,2.45,3.08,2.80,Remis
90,06 Kwi 2015,15:30,14/15,Górnik Zabrze,2,2,Ruch Chorzów,2.23,3.10,3.13,Remis
91,06 Kwi 2015,13:00,14/15,Korona Kielce,2,0,Górnik Łęczna,2.30,3.13,2.93,Wygrali gospodarze
92,04 Kwi 2015,20:30,14/15,Legia Warszawa,2,0,Piast Gliwice,1.32,4.70,8.41,Wygrali gospodarze
93,04 Kwi 2015,18:00,14/15,GKS Bełchatów,1,2,Lech Poznań,3.53,3.18,2.00,Wygrali goście
94,04 Kwi 2015,15:30,14/15,Śląsk Wrocław,0,0,Podbeskidzie B-B,1.95,3.23,3.62,Remis
95,04 Kwi 2015,13:00,14/15,Cracovia,3,2,Lechia Gdańsk,2.93,3.05,2.35,Wygrali gospodarze
96,22 Mar 2015,18:00,14/15,Lech Poznań,2,1,Legia Warszawa,2.53,3.10,2.70,Wygrali gospodarze
97,22 Mar 2015,15:30,14/15,Piast Gliwice,1,2,Korona Kielce,2.38,3.10,2.83,Wygrali goście
98,22 Mar 2015,15:30,14/15,Podbeskidzie B-B,1,0,Jagiellonia Białystok,2.53,3.10,2.67,Wygrali gospodarze
99,21 Mar 2015,20:30,14/15,Lechia Gdańsk,1,0,Górnik Zabrze,1.84,3.30,4.02,Wygrali gospodarze
100,21 Mar 2015,18:00,14/15,Wisła Kraków,2,1,Cracovia,1.93,3.15,3.84,Wygrali gospodarze
101,21 Mar 2015,15:30,14/15,Ruch Chorzów,1,2,Zawisza Bydgoszcz,2.25,3.10,3.02,Wygrali goście
102,20 Mar 2015,20:30,14/15,Górnik Łęczna,1,1,Śląsk Wrocław,2.69,3.05,2.58,Remis
103,20 Mar 2015,18:00,14/15,Pogoń Szczecin,3,0,GKS Bełchatów,2.18,3.08,3.21,Wygrali gospodarze
104,16 Mar 2015,18:00,14/15,GKS Bełchatów,0,1,Ruch Chorzów,2.25,3.10,3.15,Wygrali goście
105,15 Mar 2015,18:00,14/15,Legia Warszawa,2,2,Wisła Kraków,1.54,3.60,6.25,Remis
106,15 Mar 2015,15:30,14/15,Korona Kielce,2,2,Śląsk Wrocław,2.80,3.05,2.43,Remis
107,14 Mar 2015,18:00,14/15,Zawisza Bydgoszcz,1,0,Lech Poznań,3.72,3.22,1.93,Wygrali gospodarze
108,14 Mar 2015,15:30,14/15,Górnik Zabrze,3,3,Podbeskidzie B-B,2.18,3.10,3.17,Remis
109,14 Mar 2015,15:30,14/15,Jagiellonia Białystok,2,1,Górnik Łęczna,2.35,3.05,2.90,Wygrali gospodarze
110,13 Mar 2015,20:30,14/15,Pogoń Szczecin,0,1,Lechia Gdańsk,2.74,2.93,2.60,Wygrali goście
111,13 Mar 2015,18:00,14/15,Cracovia,3,1,Piast Gliwice,2.03,3.15,3.56,Wygrali gospodarze
112,09 Mar 2015,18:00,14/15,Górnik Łęczna,2,1,Cracovia,2.41,3.03,2.84,Wygrali gospodarze
113,08 Mar 2015,18:00,14/15,Śląsk Wrocław,1,3,Legia Warszawa,2.85,3.10,2.38,Wygrali goście
114,08 Mar 2015,15:30,14/15,Podbeskidzie B-B,2,2,Korona Kielce,2.38,3.08,2.85,Remis
115,07 Mar 2015,18:00,14/15,Lechia Gdańsk,1,0,GKS Bełchatów,1.79,3.33,4.28,Wygrali gospodarze
116,07 Mar 2015,15:30,14/15,Piast Gliwice,2,2,Górnik Zabrze,2.47,3.10,2.70,Remis
117,07 Mar 2015,15:30,14/15,Wisła Kraków,0,1,Zawisza Bydgoszcz,1.71,3.45,4.58,Wygrali goście
118,06 Mar 2015,20:30,14/15,Lech Poznań,2,0,Jagiellonia Białystok,1.63,3.55,5.01,Wygrali gospodarze
119,06 Mar 2015,18:00,14/15,Ruch Chorzów,2,1,Pogoń Szczecin,2.43,3.05,2.81,Wygrali gospodarze
120,02 Mar 2015,18:00,14/15,Pogoń Szczecin,0,1,Górnik Łęczna,2.00,3.10,3.63,Wygrali goście
121,01 Mar 2015,18:00,14/15,Legia Warszawa,3,0,Podbeskidzie B-B,1.44,4.15,6.55,Wygrali gospodarze
122,01 Mar 2015,15:30,14/15,Jagiellonia Białystok,1,2,Korona Kielce,1.85,3.25,4.09,Wygrali goście
123,28 Lut 2015,18:00,14/15,Górnik Zabrze,3,3,Śląsk Wrocław,2.73,3.00,2.60,Remis
124,28 Lut 2015,15:30,14/15,GKS Bełchatów,3,1,Wisła Kraków,2.79,2.90,2.63,Wygrali gospodarze
125,28 Lut 2015,15:30,14/15,Zawisza Bydgoszcz,2,0,Piast Gliwice,2.60,2.98,2.70,Wygrali gospodarze
126,27 Lut 2015,20:30,14/15,Cracovia,0,0,Lech Poznań,3.55,3.13,2.03,Remis
127,27 Lut 2015,18:00,14/15,Ruch Chorzów,1,1,Lechia Gdańsk,2.79,2.90,2.60,Remis
128,23 Lut 2015,18:00,14/15,Piast Gliwice,3,1,GKS Bełchatów,2.30,3.00,3.03,Wygrali gospodarze
129,22 Lut 2015,18:00,14/15,Korona Kielce,0,0,Legia Warszawa,3.83,3.25,1.91,Remis
130,22 Lut 2015,15:30,14/15,Lech Poznań,2,1,Ruch Chorzów,1.52,3.73,5.93,Wygrali gospodarze
131,21 Lut 2015,18:00,14/15,Śląsk Wrocław,0,1,Jagiellonia Białystok,2.05,3.15,3.43,Wygrali goście
132,21 Lut 2015,15:30,14/15,Górnik Łęczna,0,1,Górnik Zabrze,1.98,3.15,3.66,Wygrali goście
133,21 Lut 2015,15:30,14/15,Lechia Gdańsk,0,0,Zawisza Bydgoszcz,1.53,3.70,6.20,Remis
134,20 Lut 2015,20:30,14/15,Wisła Kraków,1,1,Pogoń Szczecin,2.10,3.13,3.31,Remis
135,20 Lut 2015,18:00,14/15,Podbeskidzie B-B,1,1,Cracovia,2.45,3.10,2.72,Remis
136,16 Lut 2015,18:00,14/15,Górnik Zabrze,1,1,Korona Kielce,2.05,3.18,3.40,Remis
137,15 Lut 2015,18:00,14/15,Legia Warszawa,1,3,Jagiellonia Białystok,1.57,3.75,6.60,Wygrali goście
138,15 Lut 2015,15:30,14/15,Cracovia,1,1,Śląsk Wrocław,2.73,3.05,2.48,Remis
139,14 Lut 2015,18:00,14/15,Pogoń Szczecin,1,1,Lech Poznań,3.21,3.13,2.15,Remis
140,14 Lut 2015,15:30,14/15,GKS Bełchatów,1,2,Podbeskidzie B-B,2.30,3.05,3.00,Wygrali goście
141,14 Lut 2015,15:30,14/15,Ruch Chorzów,2,0,Piast Gliwice,2.30,3.05,3.03,Wygrali gospodarze
142,13 Lut 2015,20:30,14/15,Lechia Gdańsk,1,0,Wisła Kraków,2.40,3.05,2.85,Wygrali gospodarze
143,13 Lut 2015,18:00,14/15,Zawisza Bydgoszcz,0,0,Górnik Łęczna,2.60,3.08,2.64,Remis
144,15 Gru 2014,18:00,14/15,Piast Gliwice,1,0,Pogoń Szczecin,2.48,3.10,2.69,Wygrali gospodarze
145,14 Gru 2014,18:00,14/15,Górnik Łęczna,3,1,Legia Warszawa,4.18,3.33,1.79,Wygrali gospodarze
146,14 Gru 2014,15:30,14/15,Podbeskidzie B-B,2,1,Zawisza Bydgoszcz,2.05,3.15,3.40,Wygrali gospodarze
147,13 Gru 2014,18:00,14/15,Lech Poznań,1,0,Lechia Gdańsk,1.66,3.45,4.86,Wygrali gospodarze
148,13 Gru 2014,15:30,14/15,Jagiellonia Białystok,1,0,Górnik Zabrze,2.28,3.10,2.97,Wygrali gospodarze
149,13 Gru 2014,15:30,14/15,Ruch Chorzów,1,2,Wisła Kraków,2.66,3.08,2.53,Wygrali goście
150,12 Gru 2014,20:30,14/15,Śląsk Wrocław,2,1,GKS Bełchatów,1.67,3.40,4.82,Wygrali gospodarze
151,12 Gru 2014,18:00,14/15,Korona Kielce,1,2,Cracovia,2.38,3.10,2.83,Wygrali goście
152,08 Gru 2014,18:00,14/15,Ruch Chorzów,2,0,Podbeskidzie B-B,2.45,3.10,2.72,Wygrali gospodarze
153,07 Gru 2014,18:00,14/15,Wisła Kraków,1,2,Lech Poznań,2.71,3.03,2.65,Wygrali goście
154,07 Gru 2014,15:30,14/15,Lechia Gdańsk,3,1,Piast Gliwice,1.85,3.30,3.94,Wygrali gospodarze
155,06 Gru 2014,18:00,14/15,Cracovia,1,1,Jagiellonia Białystok,2.25,3.15,3.00,Remis
156,06 Gru 2014,15:30,14/15,GKS Bełchatów,1,1,Górnik Łęczna,2.38,3.05,2.86,Remis
157,06 Gru 2014,15:30,14/15,Pogoń Szczecin,2,0,Korona Kielce,2.13,3.13,3.28,Wygrali gospodarze
158,05 Gru 2014,20:30,14/15,Górnik Zabrze,0,4,Legia Warszawa,3.94,3.30,1.86,Wygrali goście
159,05 Gru 2014,18:00,14/15,Zawisza Bydgoszcz,0,1,Śląsk Wrocław,2.87,3.10,2.35,Wygrali goście
160,01 Gru 2014,18:00,14/15,Legia Warszawa,2,0,Cracovia,1.40,4.08,7.72,Wygrali gospodarze
161,30 Lis 2014,18:00,14/15,Śląsk Wrocław,1,1,Pogoń Szczecin,1.82,3.30,4.08,Remis
162,30 Lis 2014,15:30,14/15,Lech Poznań,3,0,Górnik Zabrze,1.60,3.58,5.15,Wygrali gospodarze
163,29 Lis 2014,18:00,14/15,Korona Kielce,2,0,GKS Bełchatów,2.38,3.08,2.85,Wygrali gospodarze
164,29 Lis 2014,15:30,14/15,Jagiellonia Białystok,0,0,Zawisza Bydgoszcz,1.90,3.25,3.80,Remis
165,29 Lis 2014,15:30,14/15,Podbeskidzie B-B,1,0,Lechia Gdańsk,2.63,3.00,2.64,Wygrali gospodarze
166,28 Lis 2014,20:30,14/15,Piast Gliwice,0,0,Wisła Kraków,2.80,3.13,2.38,Remis
167,28 Lis 2014,18:00,14/15,Górnik Łęczna,3,0,Ruch Chorzów,2.28,3.13,2.97,Wygrali gospodarze
168,24 Lis 2014,18:00,14/15,Cracovia,1,2,Górnik Zabrze,2.43,3.13,2.75,Wygrali goście
169,23 Lis 2014,18:00,14/15,Piast Gliwice,3,2,Lech Poznań,3.82,3.18,1.92,Wygrali gospodarze
170,23 Lis 2014,15:30,14/15,Lechia Gdańsk,1,1,Jagiellonia Białystok,2.08,3.18,3.38,Remis
171,22 Lis 2014,18:00,14/15,Korona Kielce,2,2,Zawisza Bydgoszcz,2.08,3.18,3.33,Remis
172,22 Lis 2014,15:30,14/15,Pogoń Szczecin,1,2,Podbeskidzie B-B,2.03,3.18,3.45,Wygrali goście
173,22 Lis 2014,15:30,14/15,Wisła Kraków,2,0,Górnik Łęczna,1.83,3.35,3.97,Wygrali gospodarze
174,21 Lis 2014,20:30,14/15,GKS Bełchatów,0,3,Legia Warszawa,3.77,3.25,1.90,Wygrali goście
175,21 Lis 2014,18:00,14/15,Ruch Chorzów,1,0,Śląsk Wrocław,2.68,3.03,2.55,Wygrali gospodarze
176,09 Lis 2014,18:00,14/15,Pogoń Szczecin,2,1,Legia Warszawa,3.67,3.25,1.94,Wygrali gospodarze
177,09 Lis 2014,15:30,14/15,Ruch Chorzów,5,2,Jagiellonia Białystok,2.65,2.97,2.64,Wygrali gospodarze
178,09 Lis 2014,15:30,14/15,Zawisza Bydgoszcz,1,2,Górnik Zabrze,2.60,3.03,2.65,Wygrali goście
179,08 Lis 2014,20:30,14/15,Wisła Kraków,1,1,Śląsk Wrocław,2.40,3.10,2.78,Remis
180,08 Lis 2014,18:00,14/15,GKS Bełchatów,1,1,Cracovia,2.13,3.15,3.25,Remis
181,08 Lis 2014,15:30,14/15,Lechia Gdańsk,1,2,Korona Kielce,1.80,3.30,4.21,Wygrali goście
182,07 Lis 2014,20:30,14/15,Lech Poznań,1,1,Podbeskidzie B-B,1.54,3.60,6.03,Remis
183,07 Lis 2014,18:00,14/15,Piast Gliwice,0,0,Górnik Łęczna,2.36,3.10,2.84,Remis
184,03 Lis 2014,20:30,14/15,Jagiellonia Białystok,0,1,GKS Bełchatów,1.92,3.23,3.73,Wygrali goście
185,03 Lis 2014,18:00,14/15,Podbeskidzie B-B,2,4,Piast Gliwice,2.13,3.18,3.22,Wygrali goście
186,02 Lis 2014,18:00,14/15,Legia Warszawa,2,1,Ruch Chorzów,1.36,4.40,7.91,Wygrali gospodarze
187,02 Lis 2014,15:30,14/15,Cracovia,1,0,Zawisza Bydgoszcz,2.05,3.13,3.44,Wygrali gospodarze
188,02 Lis 2014,15:30,14/15,Śląsk Wrocław,1,1,Lech Poznań,2.55,3.03,2.68,Remis
189,02 Lis 2014,13:00,14/15,Górnik Zabrze,1,1,Pogoń Szczecin,2.29,3.10,2.96,Remis
190,31 Paź 2014,20:30,14/15,Korona Kielce,3,2,Wisła Kraków,3.39,3.13,2.08,Wygrali gospodarze
191,31 Paź 2014,18:00,14/15,Górnik Łęczna,1,1,Lechia Gdańsk,2.71,2.93,2.70,Remis
192,27 Paź 2014,18:00,14/15,Ruch Chorzów,0,1,Korona Kielce,1.98,3.18,3.65,Wygrali goście
193,26 Paź 2014,18:00,14/15,Zawisza Bydgoszcz,1,2,Legia Warszawa,4.56,3.40,1.73,Wygrali goście
194,26 Paź 2014,15:30,14/15,Lech Poznań,1,0,Górnik Łęczna,1.50,3.68,6.62,Wygrali gospodarze
195,25 Paź 2014,18:00,14/15,Pogoń Szczecin,2,1,Cracovia,2.08,3.18,3.33,Wygrali gospodarze
196,25 Paź 2014,15:30,14/15,Lechia Gdańsk,1,4,Śląsk Wrocław,2.40,3.13,2.78,Wygrali goście
197,25 Paź 2014,15:30,14/15,Piast Gliwice,0,2,Jagiellonia Białystok,2.78,3.13,2.40,Wygrali goście
198,24 Paź 2014,20:30,14/15,Wisła Kraków,3,2,Podbeskidzie B-B,1.72,3.43,4.50,Wygrali gospodarze
199,24 Paź 2014,18:00,14/15,GKS Bełchatów,1,0,Górnik Zabrze,2.40,3.13,2.77,Wygrali gospodarze
200,20 Paź 2014,18:00,14/15,Zawisza Bydgoszcz,2,1,GKS Bełchatów,2.55,3.05,2.75,Wygrali gospodarze
201,19 Paź 2014,18:00,14/15,Górnik Zabrze,0,5,Wisła Kraków,2.38,3.10,2.82,Wygrali goście
202,19 Paź 2014,15:30,14/15,Korona Kielce,2,2,Lech Poznań,4.04,3.30,1.84,Remis
203,18 Paź 2014,18:00,14/15,Jagiellonia Białystok,5,0,Pogoń Szczecin,2.38,3.10,2.84,Wygrali gospodarze
204,18 Paź 2014,15:30,14/15,Podbeskidzie B-B,1,0,Górnik Łęczna,2.20,3.10,3.12,Wygrali gospodarze
205,18 Paź 2014,15:30,14/15,Śląsk Wrocław,3,0,Piast Gliwice,1.82,3.30,4.06,Wygrali gospodarze
206,17 Paź 2014,20:30,14/15,Legia Warszawa,1,0,Lechia Gdańsk,1.65,3.50,4.98,Wygrali gospodarze
207,17 Paź 2014,18:00,14/15,Cracovia,1,0,Ruch Chorzów,2.30,3.15,2.91,Wygrali gospodarze
208,05 Paź 2014,18:00,14/15,Lech Poznań,5,0,GKS Bełchatów,1.75,3.40,4.36,Wygrali gospodarze
209,05 Paź 2014,15:30,14/15,Piast Gliwice,3,1,Legia Warszawa,4.87,3.45,1.67,Wygrali gospodarze
210,05 Paź 2014,15:30,14/15,Pogoń Szczecin,3,0,Zawisza Bydgoszcz,1.89,3.28,3.86,Wygrali gospodarze
211,04 Paź 2014,20:30,14/15,Ruch Chorzów,1,2,Górnik Zabrze,2.65,2.93,2.74,Wygrali goście
212,04 Paź 2014,18:00,14/15,Lechia Gdańsk,1,0,Cracovia,1.81,3.30,4.16,Wygrali gospodarze
213,04 Paź 2014,15:30,14/15,Górnik Łęczna,1,0,Korona Kielce,2.25,3.15,3.00,Wygrali gospodarze
214,03 Paź 2014,20:30,14/15,Wisła Kraków,0,2,Jagiellonia Białystok,1.85,3.30,3.94,Wygrali goście
215,03 Paź 2014,18:00,14/15,Podbeskidzie B-B,2,2,Śląsk Wrocław,2.69,2.95,2.68,Remis
216,29 Wrz 2014,18:00,14/15,Jagiellonia Białystok,4,2,Podbeskidzie B-B,2.35,3.05,2.91,Wygrali gospodarze
217,28 Wrz 2014,18:00,14/15,Cracovia,1,0,Wisła Kraków,2.95,3.10,2.30,Wygrali gospodarze
218,28 Wrz 2014,15:30,14/15,Górnik Zabrze,2,2,Lechia Gdańsk,2.35,3.10,2.88,Remis
219,27 Wrz 2014,20:30,14/15,Legia Warszawa,2,2,Lech Poznań,1.72,3.45,4.47,Remis
220,27 Wrz 2014,18:00,14/15,GKS Bełchatów,1,0,Pogoń Szczecin,2.45,3.10,2.72,Wygrali gospodarze
221,27 Wrz 2014,15:30,14/15,Zawisza Bydgoszcz,1,1,Ruch Chorzów,2.60,3.00,2.68,Remis
222,26 Wrz 2014,20:30,14/15,Śląsk Wrocław,2,1,Górnik Łęczna,1.92,3.23,3.73,Wygrali gospodarze
223,26 Wrz 2014,18:00,14/15,Korona Kielce,1,0,Piast Gliwice,2.48,3.08,2.75,Wygrali gospodarze
224,22 Wrz 2014,18:00,14/15,Górnik Łęczna,0,0,Jagiellonia Białystok,2.32,3.13,2.92,Remis
225,21 Wrz 2014,18:00,14/15,Wisła Kraków,0,3,Legia Warszawa,2.74,3.15,2.43,Wygrali goście
226,21 Wrz 2014,15:30,14/15,Ruch Chorzów,0,1,GKS Bełchatów,2.38,3.13,2.80,Wygrali goście
227,20 Wrz 2014,20:30,14/15,Lech Poznań,6,2,Zawisza Bydgoszcz,1.54,3.63,5.90,Wygrali gospodarze
228,20 Wrz 2014,18:00,14/15,Podbeskidzie B-B,0,3,Górnik Zabrze,2.40,3.10,2.78,Wygrali goście
229,20 Wrz 2014,15:30,14/15,Piast Gliwice,4,2,Cracovia,2.28,3.15,2.95,Wygrali gospodarze
230,19 Wrz 2014,20:30,14/15,Lechia Gdańsk,0,1,Pogoń Szczecin,1.98,3.20,3.60,Wygrali goście
231,19 Wrz 2014,18:00,14/15,Śląsk Wrocław,1,0,Korona Kielce,1.71,3.40,4.58,Wygrali gospodarze
232,15 Wrz 2014,18:00,14/15,Korona Kielce,2,1,Podbeskidzie B-B,2.64,3.10,2.53,Wygrali gospodarze
233,14 Wrz 2014,18:00,14/15,GKS Bełchatów,1,1,Lechia Gdańsk,2.74,3.03,2.53,Remis
234,14 Wrz 2014,15:30,14/15,Górnik Zabrze,1,2,Piast Gliwice,1.82,3.33,4.14,Wygrali goście
235,13 Wrz 2014,20:30,14/15,Legia Warszawa,4,3,Śląsk Wrocław,1.64,3.50,5.07,Wygrali gospodarze
236,13 Wrz 2014,18:00,14/15,Jagiellonia Białystok,1,0,Lech Poznań,3.02,3.10,2.26,Wygrali gospodarze
237,13 Wrz 2014,15:30,14/15,Cracovia,2,1,Górnik Łęczna,2.30,3.15,2.89,Wygrali gospodarze
238,12 Wrz 2014,20:30,14/15,Pogoń Szczecin,1,1,Ruch Chorzów,2.22,3.15,3.03,Remis
239,12 Wrz 2014,18:00,14/15,Zawisza Bydgoszcz,2,4,Wisła Kraków,2.89,3.10,2.33,Wygrali goście
240,31 Sie 2014,18:00,14/15,Lech Poznań,1,1,Cracovia,1.50,3.73,6.22,Remis
241,31 Sie 2014,15:30,14/15,Lechia Gdańsk,3,3,Ruch Chorzów,1.66,3.40,5.03,Remis
242,31 Sie 2014,15:30,14/15,Podbeskidzie B-B,2,1,Legia Warszawa,4.97,3.48,1.65,Wygrali gospodarze
243,30 Sie 2014,20:30,14/15,Korona Kielce,0,3,Jagiellonia Białystok,2.53,3.08,2.67,Wygrali goście
244,30 Sie 2014,18:00,14/15,Śląsk Wrocław,2,0,Górnik Zabrze,2.30,3.15,2.91,Wygrali gospodarze
245,30 Sie 2014,15:30,14/15,Górnik Łęczna,4,2,Pogoń Szczecin,2.58,3.08,2.61,Wygrali gospodarze
246,29 Sie 2014,20:30,14/15,Wisła Kraków,1,0,GKS Bełchatów,1.84,3.28,4.01,Wygrali gospodarze
247,29 Sie 2014,18:00,14/15,Piast Gliwice,3,0,Zawisza Bydgoszcz,2.63,2.97,2.64,Wygrali gospodarze
248,25 Sie 2014,18:00,14/15,GKS Bełchatów,0,0,Piast Gliwice,1.95,3.20,3.68,Remis
249,24 Sie 2014,18:00,14/15,Ruch Chorzów,0,0,Lech Poznań,3.33,3.18,2.10,Remis
250,24 Sie 2014,15:30,14/15,Legia Warszawa,2,0,Korona Kielce,1.29,4.65,9.54,Wygrali gospodarze
251,23 Sie 2014,20:30,14/15,Jagiellonia Białystok,1,3,Śląsk Wrocław,2.53,3.10,2.64,Wygrali goście
252,23 Sie 2014,18:00,14/15,Górnik Zabrze,2,0,Górnik Łęczna,1.83,3.30,4.06,Wygrali gospodarze
253,23 Sie 2014,15:30,14/15,Cracovia,1,3,Podbeskidzie B-B,2.30,3.13,2.93,Wygrali goście
254,22 Sie 2014,20:30,14/15,Pogoń Szczecin,0,3,Wisła Kraków,2.30,3.13,2.92,Wygrali goście
255,22 Sie 2014,18:00,14/15,Zawisza Bydgoszcz,0,2,Lechia Gdańsk,2.91,3.05,2.35,Wygrali goście
256,18 Sie 2014,18:00,14/15,Podbeskidzie B-B,1,1,GKS Bełchatów,2.43,3.10,2.75,Remis
257,17 Sie 2014,18:00,14/15,Wisła Kraków,3,1,Lechia Gdańsk,2.58,3.03,2.65,Wygrali gospodarze
258,17 Sie 2014,15:30,14/15,Śląsk Wrocław,0,0,Cracovia,1.95,3.20,3.66,Remis
259,16 Sie 2014,20:30,14/15,Lech Poznań,1,1,Pogoń Szczecin,1.88,3.25,3.91,Remis
260,16 Sie 2014,18:00,14/15,Piast Gliwice,0,1,Ruch Chorzów,2.58,3.08,2.60,Wygrali goście
261,16 Sie 2014,15:30,14/15,Górnik Łęczna,5,2,Zawisza Bydgoszcz,2.49,3.10,2.67,Wygrali gospodarze
262,15 Sie 2014,20:30,14/15,Jagiellonia Białystok,0,3,Legia Warszawa,3.57,3.22,1.99,Wygrali goście
263,15 Sie 2014,18:00,14/15,Korona Kielce,0,3,Górnik Zabrze,2.61,3.10,2.58,Wygrali goście
264,11 Sie 2014,18:00,14/15,Pogoń Szczecin,0,0,Piast Gliwice,1.74,3.40,4.40,Remis
265,10 Sie 2014,18:00,14/15,Wisła Kraków,2,2,Ruch Chorzów,1.78,3.35,4.31,Remis
266,10 Sie 2014,15:30,14/15,Lechia Gdańsk,1,2,Lech Poznań,2.40,3.10,2.79,Wygrali goście
267,10 Sie 2014,15:30,14/15,Zawisza Bydgoszcz,1,2,Podbeskidzie B-B,2.23,3.15,3.03,Wygrali goście
268,09 Sie 2014,20:30,14/15,Legia Warszawa,5,0,Górnik Łęczna,1.45,3.85,6.71,Wygrali gospodarze
269,09 Sie 2014,18:00,14/15,GKS Bełchatów,2,0,Śląsk Wrocław,2.42,3.10,2.80,Wygrali gospodarze
270,08 Sie 2014,20:30,14/15,Górnik Zabrze,3,0,Jagiellonia Białystok,2.30,3.10,2.95,Wygrali gospodarze
271,08 Sie 2014,18:00,14/15,Cracovia,2,1,Korona Kielce,2.20,3.15,3.08,Wygrali gospodarze
272,04 Sie 2014,18:00,14/15,Górnik Łęczna,1,1,GKS Bełchatów,2.63,2.95,2.63,Remis
273,03 Sie 2014,18:00,14/15,Lech Poznań,2,3,Wisła Kraków,1.80,3.35,4.11,Wygrali goście
274,03 Sie 2014,15:30,14/15,Podbeskidzie B-B,3,0,Ruch Chorzów,2.28,3.13,2.97,Wygrali gospodarze
275,03 Sie 2014,15:30,14/15,Śląsk Wrocław,2,1,Zawisza Bydgoszcz,2.22,3.10,3.07,Wygrali gospodarze
276,02 Sie 2014,20:30,14/15,Legia Warszawa,1,1,Górnik Zabrze,1.66,3.50,4.76,Remis
277,02 Sie 2014,18:00,14/15,Korona Kielce,2,2,Pogoń Szczecin,2.67,3.08,2.53,Remis
278,01 Sie 2014,20:30,14/15,Piast Gliwice,1,3,Lechia Gdańsk,2.93,3.13,2.30,Wygrali goście
279,01 Sie 2014,18:00,14/15,Jagiellonia Białystok,2,1,Cracovia,2.15,3.15,3.18,Wygrali gospodarze
280,28 Lip 2014,18:00,14/15,Wisła Kraków,1,1,Piast Gliwice,1.75,3.35,4.41,Remis
281,27 Lip 2014,18:00,14/15,Górnik Zabrze,1,1,Lech Poznań,3.50,3.15,2.03,Remis
282,27 Lip 2014,15:30,14/15,Ruch Chorzów,1,2,Górnik Łęczna,2.25,3.13,3.00,Wygrali goście
283,27 Lip 2014,15:30,14/15,Zawisza Bydgoszcz,1,3,Jagiellonia Białystok,2.15,3.10,3.23,Wygrali goście
284,26 Lip 2014,20:30,14/15,Cracovia,1,3,Legia Warszawa,3.17,3.15,2.15,Wygrali goście
285,26 Lip 2014,18:00,14/15,Pogoń Szczecin,4,1,Śląsk Wrocław,2.55,3.03,2.71,Wygrali gospodarze
286,25 Lip 2014,20:30,14/15,Lechia Gdańsk,1,0,Podbeskidzie B-B,1.76,3.35,4.32,Wygrali gospodarze
287,25 Lip 2014,18:00,14/15,GKS Bełchatów,2,0,Korona Kielce,2.11,3.18,3.27,Wygrali gospodarze
288,21 Lip 2014,18:00,14/15,Górnik Zabrze,2,0,Cracovia,2.10,3.15,3.29,Wygrali gospodarze
289,20 Lip 2014,18:00,14/15,Śląsk Wrocław,2,0,Ruch Chorzów,2.06,3.18,3.35,Wygrali gospodarze
290,20 Lip 2014,15:30,14/15,Lech Poznań,4,0,Piast Gliwice,1.46,3.90,6.65,Wygrali gospodarze
291,20 Lip 2014,15:30,14/15,Zawisza Bydgoszcz,2,0,Korona Kielce,2.13,3.13,3.25,Wygrali gospodarze
292,19 Lip 2014,20:30,14/15,Legia Warszawa,0,1,GKS Bełchatów,1.48,4.13,6.06,Wygrali goście
293,19 Lip 2014,18:00,14/15,Jagiellonia Białystok,2,2,Lechia Gdańsk,2.75,3.10,2.43,Remis
294,18 Lip 2014,20:30,14/15,Górnik Łęczna,1,1,Wisła Kraków,2.85,3.13,2.35,Remis
295,18 Lip 2014,18:00,14/15,Podbeskidzie B-B,2,3,Pogoń Szczecin,2.38,3.08,2.86,Wygrali goście
