﻿,Data,Godzina,Sezon,Gospodarze,Gole_gospodarze,Gole_goście,Goście,Oddsy_gospodarze,Oddsy_remis,Oddsy_goście,Kto_wygrał
0,02 Cze 2013,16:00,12/13,Jagiellonia Białystok,1,0,Ruch Chorzów,2.50,3.10,2.57,Wygrali gospodarze
1,02 Cze 2013,16:00,12/13,Lech Poznań,2,0,Korona Kielce,1.60,3.50,4.99,Wygrali gospodarze
2,02 Cze 2013,16:00,12/13,Lechia Gdańsk,0,2,Górnik Zabrze,2.04,3.20,3.22,Wygrali goście
3,02 Cze 2013,16:00,12/13,Legia Warszawa,5,0,Śląsk Wrocław,1.85,3.30,3.74,Wygrali gospodarze
4,02 Cze 2013,16:00,12/13,Piast Gliwice,2,3,GKS Bełchatów,2.29,3.20,2.75,Wygrali goście
5,02 Cze 2013,16:00,12/13,Pogoń Szczecin,3,1,Polonia Warszawa,1.60,3.75,4.55,Wygrali gospodarze
6,02 Cze 2013,16:00,12/13,Widzew Łódź,1,2,Podbeskidzie B-B,4.37,3.40,1.70,Wygrali goście
7,02 Cze 2013,16:00,12/13,Wisła Kraków,0,1,Zagłębie Lubin,1.85,3.25,3.80,Wygrali goście
8,30 Maj 2013,18:45,12/13,GKS Bełchatów,1,1,Jagiellonia Białystok,1.62,3.50,4.80,Remis
9,30 Maj 2013,18:45,12/13,Korona Kielce,0,0,Widzew Łódź,2.10,3.15,3.15,Remis
10,30 Maj 2013,18:00,12/13,Górnik Zabrze,0,1,Wisła Kraków,2.15,3.05,3.14,Wygrali goście
11,30 Maj 2013,18:00,12/13,Podbeskidzie B-B,2,1,Pogoń Szczecin,1.90,3.20,3.67,Wygrali gospodarze
12,30 Maj 2013,18:00,12/13,Polonia Warszawa,1,1,Piast Gliwice,2.69,3.10,2.40,Remis
13,30 Maj 2013,18:00,12/13,Ruch Chorzów,0,0,Legia Warszawa,2.82,3.20,2.25,Remis
14,30 Maj 2013,18:00,12/13,Śląsk Wrocław,1,1,Lech Poznań,2.15,3.10,3.10,Remis
15,30 Maj 2013,18:00,12/13,Zagłębie Lubin,0,3,Lechia Gdańsk,2.00,3.20,3.35,Wygrali goście
16,27 Maj 2013,18:30,12/13,Zagłębie Lubin,0,0,Polonia Warszawa,2.00,3.25,3.30,Remis
17,26 Maj 2013,17:00,12/13,Jagiellonia Białystok,0,3,Śląsk Wrocław,2.99,3.10,2.20,Wygrali goście
18,26 Maj 2013,14:30,12/13,Pogoń Szczecin,1,0,Górnik Zabrze,2.25,3.15,2.90,Wygrali gospodarze
19,25 Maj 2013,15:45,12/13,Lech Poznań,0,2,Podbeskidzie B-B,1.40,3.80,7.48,Wygrali goście
20,25 Maj 2013,13:30,12/13,Lechia Gdańsk,1,1,GKS Bełchatów,2.54,3.10,2.52,Remis
21,24 Maj 2013,20:45,12/13,Widzew Łódź,1,1,Legia Warszawa,5.09,3.60,1.57,Remis
22,24 Maj 2013,18:00,12/13,Wisła Kraków,1,1,Ruch Chorzów,2.20,3.15,2.95,Remis
23,23 Maj 2013,20:45,12/13,Piast Gliwice,1,1,Korona Kielce,1.75,3.40,4.07,Remis
24,20 Maj 2013,18:30,12/13,Widzew Łódź,1,2,Lechia Gdańsk,2.25,3.15,2.85,Wygrali goście
25,19 Maj 2013,17:00,12/13,Korona Kielce,5,0,Jagiellonia Białystok,1.95,3.15,3.56,Wygrali gospodarze
26,19 Maj 2013,14:30,12/13,GKS Bełchatów,3,2,Zagłębie Lubin,2.40,3.10,2.70,Wygrali gospodarze
27,18 Maj 2013,18:00,12/13,Górnik Zabrze,0,4,Polonia Warszawa,1.70,3.40,4.37,Wygrali goście
28,18 Maj 2013,15:45,12/13,Podbeskidzie B-B,1,2,Piast Gliwice,2.50,3.10,2.57,Wygrali goście
29,18 Maj 2013,13:30,12/13,Legia Warszawa,1,0,Lech Poznań,2.25,3.10,2.91,Wygrali gospodarze
30,17 Maj 2013,20:45,12/13,Śląsk Wrocław,3,0,Wisła Kraków,2.10,3.20,3.10,Wygrali gospodarze
31,17 Maj 2013,18:00,12/13,Ruch Chorzów,2,3,Pogoń Szczecin,1.90,3.25,3.61,Wygrali goście
32,13 Maj 2013,18:30,12/13,Zagłębie Lubin,1,2,Górnik Zabrze,2.00,3.15,3.41,Wygrali goście
33,12 Maj 2013,17:00,12/13,Lechia Gdańsk,4,4,Ruch Chorzów,2.25,3.10,2.91,Remis
34,12 Maj 2013,14:30,12/13,Piast Gliwice,3,2,Śląsk Wrocław,2.40,3.10,2.69,Wygrali gospodarze
35,11 Maj 2013,18:00,12/13,Jagiellonia Białystok,0,3,Legia Warszawa,3.87,3.30,1.82,Wygrali goście
36,11 Maj 2013,15:45,12/13,Wisła Kraków,3,0,Korona Kielce,1.95,3.25,3.44,Wygrali gospodarze
37,11 Maj 2013,13:30,12/13,Pogoń Szczecin,0,1,GKS Bełchatów,2.15,3.10,3.09,Wygrali goście
38,10 Maj 2013,20:45,12/13,Lech Poznań,4,0,Widzew Łódź,1.40,4.15,6.42,Wygrali gospodarze
39,10 Maj 2013,18:00,12/13,Polonia Warszawa,2,1,Podbeskidzie B-B,2.63,3.10,2.45,Wygrali gospodarze
40,06 Maj 2013,18:30,12/13,Ruch Chorzów,1,2,Piast Gliwice,2.10,3.10,3.20,Wygrali goście
41,05 Maj 2013,17:00,12/13,Śląsk Wrocław,1,0,Pogoń Szczecin,1.75,3.40,4.07,Wygrali gospodarze
42,05 Maj 2013,14:30,12/13,Legia Warszawa,1,0,Lechia Gdańsk,1.37,4.00,7.62,Wygrali gospodarze
43,04 Maj 2013,18:00,12/13,Lech Poznań,1,0,Wisła Kraków,1.50,3.60,6.00,Wygrali gospodarze
44,04 Maj 2013,15:45,12/13,GKS Bełchatów,2,0,Górnik Zabrze,2.91,3.10,2.25,Wygrali gospodarze
45,04 Maj 2013,13:30,12/13,Widzew Łódź,3,0,Jagiellonia Białystok,2.50,3.10,2.57,Wygrali gospodarze
46,03 Maj 2013,20:45,12/13,Korona Kielce,1,1,Polonia Warszawa,1.80,3.25,4.03,Remis
47,03 Maj 2013,18:00,12/13,Podbeskidzie B-B,1,1,Zagłębie Lubin,2.40,3.05,2.70,Remis
48,29 Kwi 2013,18:30,12/13,Jagiellonia Białystok,0,1,Lech Poznań,3.67,3.20,1.90,Wygrali goście
49,28 Kwi 2013,17:00,12/13,Górnik Zabrze,2,0,Ruch Chorzów,2.04,3.10,3.33,Wygrali gospodarze
50,28 Kwi 2013,14:30,12/13,Zagłębie Lubin,4,0,Śląsk Wrocław,2.50,3.15,2.54,Wygrali gospodarze
51,27 Kwi 2013,18:00,12/13,Piast Gliwice,0,0,Legia Warszawa,3.83,3.40,1.80,Remis
52,27 Kwi 2013,15:45,12/13,Lechia Gdańsk,1,2,Podbeskidzie B-B,2.15,3.15,3.04,Wygrali goście
53,27 Kwi 2013,13:30,12/13,Polonia Warszawa,0,1,GKS Bełchatów,1.85,3.40,3.62,Wygrali goście
54,26 Kwi 2013,20:45,12/13,Wisła Kraków,1,0,Widzew Łódź,2.00,3.10,3.47,Wygrali gospodarze
55,26 Kwi 2013,18:00,12/13,Pogoń Szczecin,2,1,Korona Kielce,2.35,3.10,2.75,Wygrali gospodarze
56,22 Kwi 2013,18:30,12/13,Ruch Chorzów,2,1,Polonia Warszawa,2.40,3.08,2.82,Wygrali gospodarze
57,21 Kwi 2013,17:00,12/13,Lech Poznań,3,1,Zagłębie Lubin,1.60,3.50,5.55,Wygrali gospodarze
58,21 Kwi 2013,14:30,12/13,Śląsk Wrocław,1,1,Lechia Gdańsk,1.87,3.30,3.87,Remis
59,20 Kwi 2013,18:15,12/13,Legia Warszawa,3,1,Pogoń Szczecin,1.33,4.50,8.90,Wygrali gospodarze
60,20 Kwi 2013,15:45,12/13,Jagiellonia Białystok,2,2,Wisła Kraków,2.42,3.10,2.77,Remis
61,20 Kwi 2013,13:30,12/13,Podbeskidzie B-B,1,1,GKS Bełchatów,1.83,3.30,4.16,Remis
62,19 Kwi 2013,20:45,12/13,Korona Kielce,1,0,Górnik Zabrze,2.40,3.05,2.80,Wygrali gospodarze
63,19 Kwi 2013,18:00,12/13,Widzew Łódź,1,1,Piast Gliwice,2.48,3.10,2.75,Remis
64,15 Kwi 2013,18:30,12/13,Piast Gliwice,0,3,Lech Poznań,3.13,3.10,2.20,Wygrali goście
65,14 Kwi 2013,17:00,12/13,Lechia Gdańsk,2,3,Jagiellonia Białystok,2.20,3.13,3.10,Wygrali goście
66,14 Kwi 2013,14:30,12/13,Górnik Zabrze,0,1,Podbeskidzie B-B,1.87,3.28,3.95,Wygrali goście
67,13 Kwi 2013,18:00,12/13,Wisła Kraków,1,2,Legia Warszawa,2.98,3.15,2.26,Wygrali goście
68,13 Kwi 2013,15:45,12/13,Polonia Warszawa,2,2,Śląsk Wrocław,2.63,3.03,2.70,Remis
69,13 Kwi 2013,13:30,12/13,GKS Bełchatów,0,3,Ruch Chorzów,2.63,3.00,2.72,Wygrali goście
70,12 Kwi 2013,20:45,12/13,Zagłębie Lubin,2,1,Korona Kielce,2.23,3.10,3.08,Wygrali gospodarze
71,12 Kwi 2013,18:00,12/13,Pogoń Szczecin,1,1,Widzew Łódź,2.50,3.10,2.67,Remis
72,08 Kwi 2013,18:30,12/13,Widzew Łódź,3,2,Polonia Warszawa,2.69,3.00,2.64,Wygrali gospodarze
73,07 Kwi 2013,17:15,12/13,Wisła Kraków,1,2,Piast Gliwice,1.97,3.18,3.61,Wygrali goście
74,07 Kwi 2013,14:30,12/13,Korona Kielce,1,0,GKS Bełchatów,1.96,3.20,3.63,Wygrali gospodarze
75,06 Kwi 2013,18:00,12/13,Legia Warszawa,2,0,Zagłębie Lubin,1.54,3.60,5.90,Wygrali gospodarze
76,06 Kwi 2013,15:45,12/13,Śląsk Wrocław,2,1,Górnik Zabrze,2.40,3.08,2.81,Wygrali gospodarze
77,06 Kwi 2013,13:30,12/13,Jagiellonia Białystok,1,0,Pogoń Szczecin,2.06,3.15,3.40,Wygrali gospodarze
78,05 Kwi 2013,20:45,12/13,Lech Poznań,4,2,Lechia Gdańsk,1.75,3.35,4.39,Wygrali gospodarze
79,05 Kwi 2013,18:00,12/13,Ruch Chorzów,1,3,Podbeskidzie B-B,2.03,3.15,3.51,Wygrali goście
80,01 Kwi 2013,18:30,12/13,Pogoń Szczecin,0,2,Lech Poznań,3.15,3.10,2.20,Wygrali goście
81,01 Kwi 2013,16:00,12/13,Lechia Gdańsk,0,0,Wisła Kraków,2.74,2.93,2.63,Remis
82,01 Kwi 2013,13:30,12/13,Zagłębie Lubin,2,3,Ruch Chorzów,1.93,3.23,3.71,Wygrali goście
83,30 Mar 2013,18:00,12/13,Polonia Warszawa,1,2,Legia Warszawa,3.30,3.15,2.13,Wygrali goście
84,30 Mar 2013,15:45,12/13,GKS Bełchatów,1,0,Śląsk Wrocław,3.08,3.08,2.25,Wygrali gospodarze
85,30 Mar 2013,13:30,12/13,Piast Gliwice,1,1,Jagiellonia Białystok,2.39,3.03,2.88,Remis
86,28 Mar 2013,20:30,12/13,Górnik Zabrze,3,1,Widzew Łódź,1.88,3.23,3.93,Wygrali gospodarze
87,28 Mar 2013,18:00,12/13,Podbeskidzie B-B,1,1,Korona Kielce,2.66,2.95,2.74,Remis
88,18 Mar 2013,18:30,12/13,Piast Gliwice,2,0,Lechia Gdańsk,2.38,3.08,2.88,Wygrali gospodarze
89,17 Mar 2013,17:00,12/13,Wisła Kraków,2,0,Pogoń Szczecin,1.88,3.18,4.10,Wygrali gospodarze
90,17 Mar 2013,14:30,12/13,Śląsk Wrocław,1,1,Podbeskidzie B-B,1.70,3.40,4.79,Remis
91,16 Mar 2013,18:00,12/13,Lech Poznań,0,0,GKS Bełchatów,1.38,4.45,7.13,Remis
92,16 Mar 2013,15:45,12/13,Widzew Łódź,0,0,Zagłębie Lubin,2.66,3.00,2.68,Remis
93,16 Mar 2013,13:30,12/13,Korona Kielce,2,1,Ruch Chorzów,2.21,3.05,3.21,Wygrali gospodarze
94,15 Mar 2013,20:45,12/13,Legia Warszawa,3,0,Górnik Zabrze,1.65,3.55,4.90,Wygrali gospodarze
95,15 Mar 2013,18:00,12/13,Jagiellonia Białystok,2,0,Polonia Warszawa,2.54,3.00,2.75,Wygrali gospodarze
96,11 Mar 2013,18:30,12/13,Lechia Gdańsk,3,2,Korona Kielce,2.29,3.05,3.02,Wygrali gospodarze
97,10 Mar 2013,17:00,12/13,Górnik Zabrze,0,1,Lech Poznań,2.67,3.05,2.64,Wygrali goście
98,10 Mar 2013,14:30,12/13,Pogoń Szczecin,0,2,Piast Gliwice,2.23,3.10,3.08,Wygrali goście
99,09 Mar 2013,18:00,12/13,Polonia Warszawa,1,2,Wisła Kraków,2.31,3.15,2.96,Wygrali goście
100,09 Mar 2013,15:45,12/13,Ruch Chorzów,1,1,Śląsk Wrocław,2.70,3.05,2.61,Remis
101,09 Mar 2013,13:30,12/13,GKS Bełchatów,0,0,Widzew Łódź,2.68,3.03,2.66,Remis
102,08 Mar 2013,20:45,12/13,Podbeskidzie B-B,1,2,Legia Warszawa,3.60,3.22,1.98,Wygrali goście
103,08 Mar 2013,18:00,12/13,Zagłębie Lubin,2,1,Jagiellonia Białystok,1.95,3.23,3.63,Wygrali gospodarze
104,04 Mar 2013,18:30,12/13,Wisła Kraków,0,0,Podbeskidzie B-B,1.96,3.20,3.80,Remis
105,03 Mar 2013,17:00,12/13,Górnik Zabrze,1,2,Jagiellonia Białystok,1.80,3.28,4.43,Wygrali goście
106,03 Mar 2013,14:30,12/13,Korona Kielce,1,1,Śląsk Wrocław,2.66,2.93,2.77,Remis
107,02 Mar 2013,18:30,12/13,Legia Warszawa,0,0,GKS Bełchatów,1.30,5.10,8.26,Remis
108,02 Mar 2013,15:45,12/13,Piast Gliwice,1,1,Zagłębie Lubin,2.80,2.93,2.63,Remis
109,02 Mar 2013,13:30,12/13,Ruch Chorzów,3,0,Widzew Łódź,2.65,2.93,2.77,Wygrali gospodarze
110,01 Mar 2013,20:45,12/13,Lech Poznań,0,1,Polonia Warszawa,1.65,3.40,5.21,Wygrali goście
111,01 Mar 2013,18:00,12/13,Lechia Gdańsk,1,1,Pogoń Szczecin,2.24,3.05,3.18,Remis
112,25 Lut 2013,18:30,12/13,Górnik Zabrze,1,0,Piast Gliwice,1.76,3.40,4.25,Wygrali gospodarze
113,24 Lut 2013,17:00,12/13,Ruch Chorzów,0,4,Lech Poznań,2.78,3.05,2.48,Wygrali goście
114,24 Lut 2013,14:30,12/13,GKS Bełchatów,0,0,Wisła Kraków,3.53,3.23,1.96,Remis
115,23 Lut 2013,18:00,12/13,Korona Kielce,3,2,Legia Warszawa,3.60,3.22,1.95,Wygrali gospodarze
116,23 Lut 2013,15:45,12/13,Śląsk Wrocław,2,1,Widzew Łódź,1.78,3.35,4.26,Wygrali gospodarze
117,23 Lut 2013,13:30,12/13,Podbeskidzie B-B,4,0,Jagiellonia Białystok,3.05,3.10,2.21,Wygrali gospodarze
118,22 Lut 2013,20:45,12/13,Polonia Warszawa,1,1,Lechia Gdańsk,2.51,3.10,2.65,Remis
119,22 Lut 2013,18:00,12/13,Zagłębie Lubin,3,0,Pogoń Szczecin,2.03,3.18,3.40,Wygrali gospodarze
120,10 Gru 2012,18:30,12/13,Polonia Warszawa,2,0,Pogoń Szczecin,1.72,3.28,4.48,Wygrali gospodarze
121,09 Gru 2012,17:00,12/13,Korona Kielce,0,1,Lech Poznań,2.75,3.10,2.37,Wygrali goście
122,09 Gru 2012,14:30,12/13,Podbeskidzie B-B,2,2,Widzew Łódź,2.59,3.08,2.50,Remis
123,08 Gru 2012,18:00,12/13,Górnik Zabrze,2,0,Lechia Gdańsk,1.90,3.15,3.80,Wygrali gospodarze
124,08 Gru 2012,15:45,12/13,Zagłębie Lubin,4,1,Wisła Kraków,2.43,3.10,2.68,Wygrali gospodarze
125,08 Gru 2012,13:30,12/13,GKS Bełchatów,1,3,Piast Gliwice,2.30,3.10,2.83,Wygrali goście
126,07 Gru 2012,20:45,12/13,Śląsk Wrocław,1,0,Legia Warszawa,2.95,3.10,2.23,Wygrali gospodarze
127,07 Gru 2012,18:00,12/13,Ruch Chorzów,1,1,Jagiellonia Białystok,2.30,3.10,2.83,Remis
128,03 Gru 2012,18:30,12/13,Piast Gliwice,1,1,Polonia Warszawa,3.10,3.10,2.15,Remis
129,02 Gru 2012,17:00,12/13,Legia Warszawa,3,0,Ruch Chorzów,1.44,3.88,6.78,Wygrali gospodarze
130,02 Gru 2012,14:30,12/13,Lechia Gdańsk,2,2,Zagłębie Lubin,2.15,3.13,3.08,Remis
131,01 Gru 2012,18:00,12/13,Wisła Kraków,1,3,Górnik Zabrze,2.20,3.10,3.00,Wygrali goście
132,01 Gru 2012,15:45,12/13,Widzew Łódź,1,0,Korona Kielce,2.30,3.10,2.85,Wygrali gospodarze
133,01 Gru 2012,13:30,12/13,Pogoń Szczecin,2,0,Podbeskidzie B-B,1.78,3.33,4.07,Wygrali gospodarze
134,30 Lis 2012,20:45,12/13,Lech Poznań,0,3,Śląsk Wrocław,1.94,3.18,3.60,Wygrali goście
135,30 Lis 2012,18:00,12/13,Jagiellonia Białystok,2,2,GKS Bełchatów,1.65,3.45,4.67,Remis
136,26 Lis 2012,18:30,12/13,Podbeskidzie B-B,2,3,Lech Poznań,3.73,3.20,1.90,Wygrali goście
137,25 Lis 2012,17:00,12/13,Ruch Chorzów,1,2,Wisła Kraków,2.48,3.10,2.63,Wygrali goście
138,25 Lis 2012,14:30,12/13,Śląsk Wrocław,3,3,Jagiellonia Białystok,1.83,3.28,3.92,Remis
139,24 Lis 2012,18:00,12/13,Górnik Zabrze,0,0,Pogoń Szczecin,1.59,3.50,5.30,Remis
140,24 Lis 2012,15:45,12/13,Polonia Warszawa,0,1,Zagłębie Lubin,1.71,3.40,4.35,Wygrali goście
141,24 Lis 2012,13:30,12/13,GKS Bełchatów,1,1,Lechia Gdańsk,3.20,3.15,2.10,Remis
142,23 Lis 2012,20:45,12/13,Legia Warszawa,1,0,Widzew Łódź,1.40,4.20,7.20,Wygrali gospodarze
143,23 Lis 2012,18:00,12/13,Korona Kielce,4,0,Piast Gliwice,2.05,3.18,3.35,Wygrali gospodarze
144,19 Lis 2012,18:30,12/13,Pogoń Szczecin,1,0,Ruch Chorzów,2.49,3.08,2.63,Wygrali gospodarze
145,18 Lis 2012,17:00,12/13,Wisła Kraków,1,0,Śląsk Wrocław,2.25,3.10,2.93,Wygrali gospodarze
146,18 Lis 2012,14:30,12/13,Lech Poznań,1,3,Legia Warszawa,2.45,3.13,2.62,Wygrali goście
147,17 Lis 2012,19:30,12/13,Polonia Warszawa,1,1,Górnik Zabrze,2.20,3.13,2.97,Remis
148,17 Lis 2012,15:45,12/13,Jagiellonia Białystok,0,0,Korona Kielce,1.98,3.20,3.45,Remis
149,17 Lis 2012,13:30,12/13,Piast Gliwice,1,0,Podbeskidzie B-B,1.80,3.23,4.16,Wygrali gospodarze
150,16 Lis 2012,20:45,12/13,Lechia Gdańsk,2,0,Widzew Łódź,2.02,3.13,3.53,Wygrali gospodarze
151,16 Lis 2012,18:00,12/13,Zagłębie Lubin,1,0,GKS Bełchatów,1.58,3.55,5.55,Wygrali gospodarze
152,12 Lis 2012,18:30,12/13,GKS Bełchatów,0,1,Pogoń Szczecin,2.69,3.05,2.45,Wygrali goście
153,11 Lis 2012,17:00,12/13,Korona Kielce,1,1,Wisła Kraków,2.48,3.13,2.59,Remis
154,11 Lis 2012,14:30,12/13,Górnik Zabrze,0,2,Zagłębie Lubin,1.50,3.70,6.30,Wygrali goście
155,10 Lis 2012,18:00,12/13,Legia Warszawa,1,2,Jagiellonia Białystok,1.42,3.80,7.68,Wygrali goście
156,10 Lis 2012,15:45,12/13,Śląsk Wrocław,1,3,Piast Gliwice,1.61,3.43,5.28,Wygrali goście
157,10 Lis 2012,13:30,12/13,Podbeskidzie B-B,0,1,Polonia Warszawa,3.63,3.20,1.92,Wygrali goście
158,09 Lis 2012,20:45,12/13,Widzew Łódź,0,1,Lech Poznań,2.97,3.05,2.27,Wygrali goście
159,09 Lis 2012,18:00,12/13,Ruch Chorzów,0,1,Lechia Gdańsk,2.11,3.05,3.37,Wygrali goście
160,05 Lis 2012,18:30,12/13,Pogoń Szczecin,0,3,Śląsk Wrocław,2.68,3.05,2.48,Wygrali goście
161,04 Lis 2012,17:00,12/13,Polonia Warszawa,2,0,Korona Kielce,1.72,3.35,4.37,Wygrali gospodarze
162,04 Lis 2012,14:30,12/13,Lechia Gdańsk,1,2,Legia Warszawa,3.35,3.05,2.05,Wygrali goście
163,03 Lis 2012,18:00,12/13,Jagiellonia Białystok,2,2,Widzew Łódź,2.00,3.18,3.45,Remis
164,03 Lis 2012,15:45,12/13,Zagłębie Lubin,1,2,Podbeskidzie B-B,1.67,3.40,4.57,Wygrali goście
165,03 Lis 2012,13:30,12/13,Piast Gliwice,1,3,Ruch Chorzów,2.50,3.05,2.63,Wygrali goście
166,02 Lis 2012,20:45,12/13,Wisła Kraków,0,1,Lech Poznań,2.30,3.13,2.80,Wygrali goście
167,02 Lis 2012,18:00,12/13,Górnik Zabrze,2,0,GKS Bełchatów,1.40,4.10,7.43,Wygrali gospodarze
168,29 Paź 2012,18:30,12/13,Ruch Chorzów,0,0,Górnik Zabrze,2.80,2.95,2.43,Remis
169,28 Paź 2012,17:00,12/13,Legia Warszawa,3,2,Piast Gliwice,1.41,4.10,7.25,Wygrali gospodarze
170,28 Paź 2012,14:30,12/13,Śląsk Wrocław,0,2,Zagłębie Lubin,1.69,3.35,4.50,Wygrali goście
171,27 Paź 2012,18:00,12/13,Lech Poznań,0,2,Jagiellonia Białystok,1.50,3.50,6.48,Wygrali goście
172,27 Paź 2012,15:45,12/13,GKS Bełchatów,0,5,Polonia Warszawa,2.88,3.10,2.29,Wygrali goście
173,27 Paź 2012,13:30,12/13,Korona Kielce,2,1,Pogoń Szczecin,2.08,3.13,3.23,Wygrali gospodarze
174,26 Paź 2012,20:45,12/13,Widzew Łódź,1,2,Wisła Kraków,2.57,3.08,2.52,Wygrali goście
175,26 Paź 2012,18:00,12/13,Podbeskidzie B-B,2,3,Lechia Gdańsk,2.70,3.05,2.45,Wygrali goście
176,22 Paź 2012,18:30,12/13,Pogoń Szczecin,0,3,Legia Warszawa,3.30,3.15,2.05,Wygrali goście
177,21 Paź 2012,17:00,12/13,Polonia Warszawa,2,1,Ruch Chorzów,2.03,3.15,3.35,Wygrali gospodarze
178,21 Paź 2012,14:30,12/13,Lechia Gdańsk,2,3,Śląsk Wrocław,2.57,2.97,2.59,Wygrali goście
179,20 Paź 2012,18:00,12/13,Wisła Kraków,0,0,Jagiellonia Białystok,1.76,3.25,4.43,Remis
180,20 Paź 2012,15:45,12/13,Piast Gliwice,1,2,Widzew Łódź,2.11,3.10,3.23,Wygrali goście
181,20 Paź 2012,13:30,12/13,GKS Bełchatów,2,1,Podbeskidzie B-B,2.02,3.15,3.38,Wygrali gospodarze
182,19 Paź 2012,20:45,12/13,Zagłębie Lubin,0,1,Lech Poznań,3.10,3.15,2.20,Wygrali goście
183,19 Paź 2012,18:00,12/13,Górnik Zabrze,2,0,Korona Kielce,1.76,3.30,4.50,Wygrali gospodarze
184,08 Paź 2012,18:30,12/13,Jagiellonia Białystok,0,2,Lechia Gdańsk,2.15,3.10,3.13,Wygrali goście
185,07 Paź 2012,17:00,12/13,Śląsk Wrocław,2,1,Polonia Warszawa,2.25,3.10,2.93,Wygrali gospodarze
186,07 Paź 2012,14:30,12/13,Widzew Łódź,1,3,Pogoń Szczecin,2.00,3.18,3.40,Wygrali goście
187,06 Paź 2012,18:00,12/13,Lech Poznań,4,0,Piast Gliwice,1.65,3.45,4.67,Wygrali gospodarze
188,06 Paź 2012,15:45,12/13,Podbeskidzie B-B,1,3,Górnik Zabrze,2.85,3.20,2.28,Wygrali goście
189,06 Paź 2012,13:30,12/13,Korona Kielce,1,0,Zagłębie Lubin,2.33,3.10,2.80,Wygrali gospodarze
190,05 Paź 2012,20:45,12/13,Legia Warszawa,2,1,Wisła Kraków,1.70,3.40,4.39,Wygrali gospodarze
191,05 Paź 2012,18:00,12/13,Ruch Chorzów,2,1,GKS Bełchatów,1.73,3.35,4.33,Wygrali gospodarze
192,01 Paź 2012,18:30,12/13,Piast Gliwice,2,0,Wisła Kraków,2.96,3.13,2.21,Wygrali gospodarze
193,30 Wrz 2012,17:00,12/13,Lechia Gdańsk,2,0,Lech Poznań,3.03,3.15,2.16,Wygrali gospodarze
194,30 Wrz 2012,14:30,12/13,Górnik Zabrze,4,1,Śląsk Wrocław,2.29,3.10,2.85,Wygrali gospodarze
195,29 Wrz 2012,18:00,12/13,Zagłębie Lubin,2,2,Legia Warszawa,3.68,3.20,1.94,Remis
196,29 Wrz 2012,15:45,12/13,Pogoń Szczecin,1,1,Jagiellonia Białystok,2.04,3.18,3.28,Remis
197,29 Wrz 2012,13:30,12/13,GKS Bełchatów,1,1,Korona Kielce,2.46,3.10,2.64,Remis
198,28 Wrz 2012,20:45,12/13,Polonia Warszawa,3,1,Widzew Łódź,1.88,3.28,3.80,Wygrali gospodarze
199,28 Wrz 2012,18:00,12/13,Podbeskidzie B-B,1,2,Ruch Chorzów,2.62,3.08,2.47,Wygrali goście
200,24 Wrz 2012,18:30,12/13,Widzew Łódź,1,1,Górnik Zabrze,2.38,3.10,2.90,Remis
201,23 Wrz 2012,17:00,12/13,Lech Poznań,1,1,Pogoń Szczecin,1.69,3.40,4.75,Remis
202,23 Wrz 2012,14:30,12/13,Śląsk Wrocław,2,1,GKS Bełchatów,1.76,3.35,4.50,Wygrali gospodarze
203,22 Wrz 2012,18:00,12/13,Wisła Kraków,1,0,Lechia Gdańsk,1.80,3.35,4.30,Wygrali gospodarze
204,22 Wrz 2012,15:45,12/13,Ruch Chorzów,2,1,Zagłębie Lubin,2.15,3.13,3.08,Wygrali gospodarze
205,22 Wrz 2012,13:30,12/13,Jagiellonia Białystok,0,2,Piast Gliwice,1.90,3.20,3.78,Wygrali goście
206,21 Wrz 2012,20:30,12/13,Legia Warszawa,1,1,Polonia Warszawa,1.85,3.28,4.12,Remis
207,21 Wrz 2012,18:00,12/13,Korona Kielce,2,1,Podbeskidzie B-B,2.04,3.20,3.25,Wygrali gospodarze
208,17 Wrz 2012,18:30,12/13,GKS Bełchatów,0,1,Lech Poznań,3.35,3.13,2.12,Wygrali goście
209,16 Wrz 2012,17:00,12/13,Górnik Zabrze,2,2,Legia Warszawa,2.86,3.10,2.30,Remis
210,16 Wrz 2012,14:30,12/13,Zagłębie Lubin,0,1,Widzew Łódź,2.00,3.18,3.43,Wygrali goście
211,15 Wrz 2012,18:00,12/13,Ruch Chorzów,1,1,Korona Kielce,2.12,3.15,3.18,Remis
212,15 Wrz 2012,15:45,12/13,Lechia Gdańsk,1,2,Piast Gliwice,2.00,3.15,3.48,Wygrali goście
213,15 Wrz 2012,13:30,12/13,Polonia Warszawa,1,1,Jagiellonia Białystok,1.85,3.30,3.80,Remis
214,14 Wrz 2012,20:45,12/13,Pogoń Szczecin,2,0,Wisła Kraków,2.98,3.13,2.20,Wygrali gospodarze
215,14 Wrz 2012,18:00,12/13,Podbeskidzie B-B,1,1,Śląsk Wrocław,2.68,3.10,2.43,Remis
216,03 Wrz 2012,18:30,12/13,Legia Warszawa,3,1,Podbeskidzie B-B,1.35,4.50,8.15,Wygrali gospodarze
217,02 Wrz 2012,17:00,12/13,Śląsk Wrocław,1,0,Ruch Chorzów,2.04,3.15,3.30,Wygrali gospodarze
218,02 Wrz 2012,14:30,12/13,Lech Poznań,0,0,Górnik Zabrze,1.61,3.50,4.95,Remis
219,01 Wrz 2012,18:00,12/13,Jagiellonia Białystok,0,0,Zagłębie Lubin,2.12,3.13,3.16,Remis
220,01 Wrz 2012,15:45,12/13,Widzew Łódź,1,0,GKS Bełchatów,2.08,3.13,3.25,Wygrali gospodarze
221,01 Wrz 2012,13:30,12/13,Korona Kielce,0,1,Lechia Gdańsk,2.17,3.15,3.03,Wygrali goście
222,31 Sie 2012,20:30,12/13,Wisła Kraków,1,3,Polonia Warszawa,1.75,3.35,4.17,Wygrali goście
223,31 Sie 2012,18:00,12/13,Piast Gliwice,1,0,Pogoń Szczecin,2.32,3.13,2.80,Wygrali gospodarze
224,27 Sie 2012,18:30,12/13,Pogoń Szczecin,0,2,Lechia Gdańsk,2.34,3.03,2.89,Wygrali goście
225,26 Sie 2012,17:00,12/13,GKS Bełchatów,0,2,Legia Warszawa,3.67,3.23,1.95,Wygrali goście
226,26 Sie 2012,14:30,12/13,Śląsk Wrocław,2,0,Korona Kielce,2.02,3.18,3.40,Wygrali gospodarze
227,25 Sie 2012,18:00,12/13,Polonia Warszawa,1,2,Lech Poznań,2.73,3.10,2.38,Wygrali goście
228,25 Sie 2012,15:45,12/13,Widzew Łódź,2,0,Ruch Chorzów,2.54,3.08,2.54,Wygrali gospodarze
229,25 Sie 2012,13:30,12/13,Podbeskidzie B-B,1,1,Wisła Kraków,3.13,3.15,2.13,Remis
230,24 Sie 2012,20:30,12/13,Jagiellonia Białystok,1,1,Górnik Zabrze,1.98,3.13,3.60,Remis
231,24 Sie 2012,18:00,12/13,Zagłębie Lubin,2,1,Piast Gliwice,1.96,3.18,3.59,Wygrali gospodarze
232,20 Sie 2012,18:30,12/13,Lechia Gdańsk,1,3,Polonia Warszawa,2.05,3.13,3.35,Wygrali goście
233,19 Sie 2012,17:00,12/13,Legia Warszawa,4,0,Korona Kielce,1.71,3.40,4.60,Wygrali gospodarze
234,19 Sie 2012,14:30,12/13,Wisła Kraków,2,1,GKS Bełchatów,1.52,3.68,6.18,Wygrali gospodarze
235,18 Sie 2012,18:00,12/13,Lech Poznań,4,0,Ruch Chorzów,2.10,3.15,3.23,Wygrali gospodarze
236,18 Sie 2012,15:45,12/13,Widzew Łódź,2,1,Śląsk Wrocław,2.68,3.00,2.52,Wygrali gospodarze
237,18 Sie 2012,13:30,12/13,Jagiellonia Białystok,2,1,Podbeskidzie B-B,1.90,3.20,3.73,Wygrali gospodarze
238,17 Sie 2012,20:30,12/13,Piast Gliwice,1,2,Górnik Zabrze,2.55,2.95,2.65,Wygrali goście
239,17 Sie 2012,18:00,12/13,Pogoń Szczecin,4,0,Zagłębie Lubin,2.72,3.08,2.41,Wygrali gospodarze
