﻿,Data,Godzina,Sezon,Gospodarze,Gole_gospodarze,Gole_goście,Goście,Oddsy_gospodarze,Oddsy_remis,Oddsy_goście,Kto_wygrał
0,24 Maj 2025,17:30,24/25,Górnik Zabrze,1,1,Korona Kielce,1.94,3.81,3.67,Remis
1,24 Maj 2025,17:30,24/25,Jagiellonia Białystok,1,1,Pogoń Szczecin,2.08,3.80,3.33,Remis
2,24 Maj 2025,17:30,24/25,Lech Poznań,1,0,Piast Gliwice,1.36,5.21,8.39,Wygrali gospodarze
3,24 Maj 2025,17:30,24/25,Lechia Gdańsk,2,3,GKS Katowice,1.96,3.95,3.49,Wygrali goście
4,24 Maj 2025,17:30,24/25,Legia Warszawa,2,2,Stal Mielec,1.38,5.37,7.25,Remis
5,24 Maj 2025,17:30,24/25,Puszcza Niepołomice,1,1,Śląsk Wrocław,3.24,3.86,2.06,Remis
6,24 Maj 2025,17:30,24/25,Radomiak Radom,2,3,Motor Lublin,1.99,3.56,3.72,Wygrali goście
7,24 Maj 2025,17:30,24/25,Raków Częstochowa,2,1,Widzew Łódź,1.29,5.70,10.28,Wygrali gospodarze
8,24 Maj 2025,17:30,24/25,Zagłębie Lubin,1,2,Cracovia,2.68,3.46,2.57,Wygrali goście
9,19 Maj 2025,19:00,24/25,Widzew Łódź,2,0,Puszcza Niepołomice,1.50,4.56,6.24,Wygrali gospodarze
10,18 Maj 2025,17:30,24/25,GKS Katowice,2,2,Lech Poznań,5.15,4.15,1.60,Remis
11,18 Maj 2025,14:45,24/25,Cracovia,3,1,Legia Warszawa,2.74,3.56,2.44,Wygrali gospodarze
12,18 Maj 2025,12:15,24/25,Motor Lublin,1,0,Zagłębie Lubin,1.97,3.53,3.75,Wygrali gospodarze
13,17 Maj 2025,20:15,24/25,Korona Kielce,1,1,Raków Częstochowa,7.36,4.58,1.43,Remis
14,17 Maj 2025,17:30,24/25,Piast Gliwice,2,0,Górnik Zabrze,2.12,3.33,3.50,Wygrali gospodarze
15,17 Maj 2025,14:45,24/25,Pogoń Szczecin,3,3,Lechia Gdańsk,1.47,4.68,6.29,Remis
16,16 Maj 2025,20:30,24/25,Śląsk Wrocław,1,1,Jagiellonia Białystok,4.16,4.16,1.77,Remis
17,16 Maj 2025,18:00,24/25,Stal Mielec,2,2,Radomiak Radom,2.50,3.37,2.81,Remis
18,15 Maj 2025,20:30,24/25,Widzew Łódź,0,2,Legia Warszawa,3.72,3.62,1.96,Wygrali goście
19,14 Maj 2025,20:30,24/25,Pogoń Szczecin,3,0,Motor Lublin,1.38,5.13,7.54,Wygrali gospodarze
20,12 Maj 2025,19:00,24/25,Puszcza Niepołomice,2,3,Stal Mielec,2.54,3.39,2.74,Wygrali goście
21,11 Maj 2025,17:30,24/25,Legia Warszawa,0,1,Lech Poznań,2.03,3.83,3.38,Wygrali goście
22,11 Maj 2025,14:45,24/25,GKS Katowice,2,1,Cracovia,2.22,3.51,3.09,Wygrali gospodarze
23,11 Maj 2025,12:15,24/25,Lechia Gdańsk,3,2,Korona Kielce,2.04,3.45,3.64,Wygrali gospodarze
24,10 Maj 2025,20:15,24/25,Raków Częstochowa,1,2,Jagiellonia Białystok,1.71,3.91,4.93,Wygrali goście
25,10 Maj 2025,17:30,24/25,Zagłębie Lubin,2,1,Widzew Łódź,2.15,3.39,3.32,Wygrali gospodarze
26,10 Maj 2025,14:45,24/25,Radomiak Radom,2,0,Pogoń Szczecin,2.96,3.54,2.29,Wygrali gospodarze
27,09 Maj 2025,20:30,24/25,Górnik Zabrze,2,0,Śląsk Wrocław,2.52,3.70,2.62,Wygrali gospodarze
28,09 Maj 2025,18:00,24/25,Motor Lublin,1,4,Piast Gliwice,2.56,3.24,2.83,Wygrali goście
29,05 Maj 2025,19:00,24/25,Korona Kielce,2,1,GKS Katowice,2.15,3.51,3.30,Wygrali gospodarze
30,04 Maj 2025,17:30,24/25,Jagiellonia Białystok,1,1,Górnik Zabrze,1.61,4.26,5.04,Remis
31,04 Maj 2025,14:45,24/25,Cracovia,0,2,Lechia Gdańsk,2.55,3.56,2.59,Wygrali goście
32,04 Maj 2025,12:15,24/25,Piast Gliwice,0,0,Radomiak Radom,2.40,2.98,3.29,Remis
33,03 Maj 2025,20:15,24/25,Lech Poznań,8,1,Puszcza Niepołomice,1.28,5.87,9.52,Wygrali gospodarze
34,03 Maj 2025,17:30,24/25,Śląsk Wrocław,3,1,Zagłębie Lubin,1.96,3.89,3.56,Wygrali gospodarze
35,03 Maj 2025,14:45,24/25,Stal Mielec,0,2,Raków Częstochowa,4.61,3.87,1.72,Wygrali goście
36,28 Kwi 2025,19:00,24/25,Zagłębie Lubin,2,2,Stal Mielec,2.13,3.53,3.36,Remis
37,27 Kwi 2025,17:30,24/25,Radomiak Radom,2,2,Lech Poznań,3.56,3.59,2.05,Remis
38,27 Kwi 2025,14:45,24/25,Górnik Zabrze,0,0,Widzew Łódź,2.01,3.49,3.62,Remis
39,27 Kwi 2025,12:15,24/25,Korona Kielce,3,1,Jagiellonia Białystok,3.24,3.39,2.21,Wygrali gospodarze
40,26 Kwi 2025,20:15,24/25,GKS Katowice,1,3,Legia Warszawa,3.23,3.63,2.14,Wygrali goście
41,26 Kwi 2025,17:30,24/25,Motor Lublin,0,1,Cracovia,2.14,3.56,3.21,Wygrali goście
42,26 Kwi 2025,14:45,24/25,Lechia Gdańsk,3,1,Piast Gliwice,2.30,3.26,3.14,Wygrali gospodarze
43,25 Kwi 2025,20:30,24/25,Raków Częstochowa,3,0,Śląsk Wrocław,1.58,4.14,5.87,Wygrali gospodarze
44,25 Kwi 2025,18:00,24/25,Puszcza Niepołomice,4,5,Pogoń Szczecin,4.62,4.09,1.69,Wygrali goście
45,22 Kwi 2025,19:00,24/25,Stal Mielec,0,0,Górnik Zabrze,2.77,3.49,2.50,Remis
46,21 Kwi 2025,20:15,24/25,Lech Poznań,2,1,Cracovia,1.48,4.62,6.13,Wygrali gospodarze
47,21 Kwi 2025,17:30,24/25,Legia Warszawa,2,1,Lechia Gdańsk,1.55,4.49,5.45,Wygrali gospodarze
48,21 Kwi 2025,14:45,24/25,Jagiellonia Białystok,1,3,Zagłębie Lubin,1.70,3.99,4.71,Wygrali goście
49,21 Kwi 2025,12:15,24/25,Puszcza Niepołomice,2,2,Radomiak Radom,2.87,3.36,2.45,Remis
50,19 Kwi 2025,20:15,24/25,Pogoń Szczecin,1,0,Raków Częstochowa,2.99,3.26,2.45,Wygrali gospodarze
51,19 Kwi 2025,17:30,24/25,Widzew Łódź,1,2,Motor Lublin,2.09,3.64,3.31,Wygrali goście
52,19 Kwi 2025,14:45,24/25,Śląsk Wrocław,0,2,GKS Katowice,2.01,3.71,3.45,Wygrali goście
53,19 Kwi 2025,12:15,24/25,Piast Gliwice,1,1,Korona Kielce,1.97,3.37,3.95,Remis
54,14 Kwi 2025,19:00,24/25,Lechia Gdańsk,3,2,Stal Mielec,2.23,3.50,3.20,Wygrali gospodarze
55,13 Kwi 2025,20:15,24/25,Legia Warszawa,0,1,Jagiellonia Białystok,2.06,3.66,3.43,Wygrali goście
56,13 Kwi 2025,17:30,24/25,Motor Lublin,1,2,Lech Poznań,3.78,3.76,1.91,Wygrali goście
57,13 Kwi 2025,14:45,24/25,Piast Gliwice,2,1,Pogoń Szczecin,3.00,3.14,2.46,Wygrali gospodarze
58,12 Kwi 2025,20:15,24/25,Raków Częstochowa,2,1,Radomiak Radom,1.43,4.45,7.74,Wygrali gospodarze
59,12 Kwi 2025,17:30,24/25,Cracovia,2,4,Śląsk Wrocław,2.18,3.47,3.25,Wygrali goście
60,12 Kwi 2025,14:45,24/25,GKS Katowice,3,1,Puszcza Niepołomice,1.85,3.71,4.06,Wygrali gospodarze
61,11 Kwi 2025,20:30,24/25,Korona Kielce,2,1,Widzew Łódź,2.31,3.27,3.24,Wygrali gospodarze
62,11 Kwi 2025,18:00,24/25,Zagłębie Lubin,2,1,Górnik Zabrze,2.44,3.37,2.87,Wygrali gospodarze
63,07 Kwi 2025,19:00,24/25,Puszcza Niepołomice,1,1,Raków Częstochowa,7.76,4.54,1.42,Remis
64,06 Kwi 2025,17:30,24/25,Pogoń Szczecin,4,0,GKS Katowice,1.57,4.36,5.53,Wygrali gospodarze
65,06 Kwi 2025,14:45,24/25,Górnik Zabrze,1,2,Legia Warszawa,3.04,3.61,2.24,Wygrali goście
66,06 Kwi 2025,12:15,24/25,Jagiellonia Białystok,1,1,Piast Gliwice,2.10,3.28,3.69,Remis
67,05 Kwi 2025,20:15,24/25,Lech Poznań,2,0,Korona Kielce,1.66,3.79,5.50,Wygrali gospodarze
68,05 Kwi 2025,17:30,24/25,Śląsk Wrocław,1,1,Motor Lublin,1.72,3.99,4.56,Remis
69,05 Kwi 2025,14:45,24/25,Radomiak Radom,0,1,Zagłębie Lubin,2.13,3.34,3.46,Wygrali goście
70,04 Kwi 2025,20:30,24/25,Widzew Łódź,2,0,Lechia Gdańsk,2.01,3.63,3.64,Wygrali gospodarze
71,04 Kwi 2025,18:00,24/25,Stal Mielec,1,1,Cracovia,2.52,3.40,2.75,Remis
72,31 Mar 2025,19:00,24/25,Zagłębie Lubin,0,2,Raków Częstochowa,4.23,3.39,1.92,Wygrali goście
73,30 Mar 2025,17:30,24/25,GKS Katowice,2,1,Górnik Zabrze,2.23,3.48,3.16,Wygrali gospodarze
74,30 Mar 2025,14:45,24/25,Motor Lublin,4,1,Stal Mielec,2.08,3.56,3.44,Wygrali gospodarze
75,30 Mar 2025,12:15,24/25,Korona Kielce,1,3,Radomiak Radom,2.40,3.12,3.11,Wygrali goście
76,29 Mar 2025,20:15,24/25,Śląsk Wrocław,3,1,Lech Poznań,3.52,3.56,2.07,Wygrali gospodarze
77,29 Mar 2025,17:30,24/25,Lechia Gdańsk,1,0,Jagiellonia Białystok,3.06,3.55,2.24,Wygrali gospodarze
78,29 Mar 2025,14:45,24/25,Cracovia,3,1,Puszcza Niepołomice,1.73,3.81,4.73,Wygrali gospodarze
79,28 Mar 2025,20:30,24/25,Legia Warszawa,0,0,Pogoń Szczecin,1.86,3.89,3.95,Remis
80,28 Mar 2025,18:00,24/25,Piast Gliwice,0,2,Widzew Łódź,1.92,3.36,4.28,Wygrali goście
81,16 Mar 2025,20:15,24/25,Jagiellonia Białystok,2,1,Lech Poznań,2.71,3.49,2.55,Wygrali gospodarze
82,16 Mar 2025,17:30,24/25,Raków Częstochowa,3,2,Legia Warszawa,2.02,3.38,3.94,Wygrali gospodarze
83,16 Mar 2025,14:45,24/25,Zagłębie Lubin,1,1,Korona Kielce,1.99,3.41,3.84,Remis
84,16 Mar 2025,12:15,24/25,Puszcza Niepołomice,2,1,Piast Gliwice,3.61,3.09,2.19,Wygrali gospodarze
85,15 Mar 2025,20:15,24/25,Widzew Łódź,1,0,GKS Katowice,2.50,3.36,2.81,Wygrali gospodarze
86,15 Mar 2025,17:30,24/25,Górnik Zabrze,4,0,Motor Lublin,1.98,3.61,3.66,Wygrali gospodarze
87,15 Mar 2025,14:45,24/25,Stal Mielec,1,4,Śląsk Wrocław,2.30,3.33,3.13,Wygrali goście
88,14 Mar 2025,20:30,24/25,Pogoń Szczecin,5,2,Cracovia,1.79,3.68,4.53,Wygrali gospodarze
89,14 Mar 2025,18:00,24/25,Radomiak Radom,2,1,Lechia Gdańsk,2.05,3.56,3.59,Wygrali gospodarze
90,10 Mar 2025,19:00,24/25,Motor Lublin,3,3,Legia Warszawa,3.61,3.73,2.00,Remis
91,09 Mar 2025,17:30,24/25,Widzew Łódź,0,1,Jagiellonia Białystok,3.14,3.47,2.24,Wygrali goście
92,09 Mar 2025,14:45,24/25,Lechia Gdańsk,1,2,Górnik Zabrze,2.43,3.44,2.81,Wygrali goście
93,09 Mar 2025,12:15,24/25,GKS Katowice,1,0,Zagłębie Lubin,1.95,3.71,3.67,Wygrali gospodarze
94,08 Mar 2025,20:15,24/25,Lech Poznań,3,1,Stal Mielec,1.52,4.27,6.11,Wygrali gospodarze
95,08 Mar 2025,17:30,24/25,Piast Gliwice,0,3,Raków Częstochowa,3.34,2.83,2.51,Wygrali goście
96,08 Mar 2025,14:45,24/25,Cracovia,1,2,Radomiak Radom,2.04,3.34,3.76,Wygrali goście
97,07 Mar 2025,20:30,24/25,Śląsk Wrocław,1,1,Pogoń Szczecin,3.23,3.24,2.33,Remis
98,07 Mar 2025,18:00,24/25,Korona Kielce,2,1,Puszcza Niepołomice,1.90,3.35,4.36,Wygrali gospodarze
99,03 Mar 2025,19:00,24/25,Raków Częstochowa,3,1,Lechia Gdańsk,1.40,4.71,7.86,Wygrali gospodarze
100,02 Mar 2025,17:30,24/25,Jagiellonia Białystok,1,0,GKS Katowice,1.84,3.97,3.89,Wygrali gospodarze
101,02 Mar 2025,14:45,24/25,Legia Warszawa,3,1,Śląsk Wrocław,1.52,4.30,6.21,Wygrali gospodarze
102,02 Mar 2025,12:15,24/25,Puszcza Niepołomice,0,1,Motor Lublin,2.59,3.26,2.77,Wygrali goście
103,01 Mar 2025,20:15,24/25,Zagłębie Lubin,0,1,Piast Gliwice,2.84,3.00,2.70,Wygrali goście
104,01 Mar 2025,17:30,24/25,Pogoń Szczecin,0,3,Lech Poznań,2.44,3.14,3.06,Wygrali goście
105,01 Mar 2025,14:45,24/25,Stal Mielec,0,1,Korona Kielce,2.30,3.12,3.36,Wygrali goście
106,28 Lut 2025,20:30,24/25,Górnik Zabrze,0,1,Cracovia,2.31,3.29,3.17,Wygrali goście
107,28 Lut 2025,18:00,24/25,Radomiak Radom,1,1,Widzew Łódź,1.99,3.51,3.77,Remis
108,24 Lut 2025,19:00,24/25,Motor Lublin,3,2,GKS Katowice,2.54,3.41,2.73,Wygrali gospodarze
109,23 Lut 2025,17:30,24/25,Lech Poznań,3,1,Zagłębie Lubin,1.50,4.52,6.01,Wygrali gospodarze
110,23 Lut 2025,14:45,24/25,Cracovia,2,2,Jagiellonia Białystok,2.23,3.54,3.13,Remis
111,23 Lut 2025,12:15,24/25,Lechia Gdańsk,0,2,Puszcza Niepołomice,1.82,3.66,4.24,Wygrali goście
112,22 Lut 2025,20:15,24/25,Radomiak Radom,3,1,Legia Warszawa,4.38,3.87,1.77,Wygrali gospodarze
113,22 Lut 2025,17:30,24/25,Widzew Łódź,0,4,Pogoń Szczecin,3.31,3.61,2.11,Wygrali goście
114,22 Lut 2025,14:45,24/25,Korona Kielce,2,0,Śląsk Wrocław,2.63,3.00,2.90,Wygrali gospodarze
115,21 Lut 2025,20:30,24/25,Raków Częstochowa,1,0,Górnik Zabrze,1.60,3.90,5.96,Wygrali gospodarze
116,21 Lut 2025,18:00,24/25,Piast Gliwice,2,2,Stal Mielec,2.04,3.21,4.11,Remis
117,17 Lut 2025,19:00,24/25,Zagłębie Lubin,1,3,Lechia Gdańsk,1.96,3.63,3.75,Wygrali goście
118,16 Lut 2025,17:30,24/25,Jagiellonia Białystok,3,0,Motor Lublin,1.78,3.91,4.24,Wygrali gospodarze
119,16 Lut 2025,14:45,24/25,GKS Katowice,0,0,Piast Gliwice,2.78,2.97,2.81,Remis
120,16 Lut 2025,12:15,24/25,Stal Mielec,1,2,Pogoń Szczecin,2.60,3.29,2.72,Wygrali goście
121,15 Lut 2025,20:15,24/25,Legia Warszawa,2,0,Puszcza Niepołomice,1.31,5.47,8.89,Wygrali gospodarze
122,15 Lut 2025,17:30,24/25,Górnik Zabrze,3,2,Radomiak Radom,2.00,3.49,3.67,Wygrali gospodarze
123,15 Lut 2025,14:45,24/25,Śląsk Wrocław,3,0,Widzew Łódź,2.09,3.32,3.61,Wygrali gospodarze
124,14 Lut 2025,20:30,24/25,Lech Poznań,0,1,Raków Częstochowa,2.25,3.21,3.50,Wygrali goście
125,14 Lut 2025,18:00,24/25,Cracovia,1,1,Korona Kielce,1.94,3.45,4.06,Remis
126,10 Lut 2025,19:00,24/25,Puszcza Niepołomice,1,2,Zagłębie Lubin,3.06,3.07,2.55,Wygrali goście
127,09 Lut 2025,17:30,24/25,Lechia Gdańsk,1,0,Lech Poznań,5.57,4.20,1.58,Wygrali gospodarze
128,09 Lut 2025,14:45,24/25,Widzew Łódź,1,1,Cracovia,2.81,3.41,2.49,Remis
129,09 Lut 2025,12:15,24/25,Korona Kielce,1,0,Motor Lublin,2.53,3.16,2.93,Wygrali gospodarze
130,08 Lut 2025,20:15,24/25,Piast Gliwice,1,0,Legia Warszawa,3.06,3.11,2.54,Wygrali gospodarze
131,08 Lut 2025,17:30,24/25,Raków Częstochowa,1,2,GKS Katowice,1.53,4.15,6.51,Wygrali goście
132,08 Lut 2025,14:45,24/25,Radomiak Radom,1,1,Śląsk Wrocław,2.34,3.31,3.07,Remis
133,07 Lut 2025,20:30,24/25,Pogoń Szczecin,3,0,Górnik Zabrze,1.93,3.63,4.01,Wygrali gospodarze
134,07 Lut 2025,18:00,24/25,Stal Mielec,2,1,Jagiellonia Białystok,2.81,3.55,2.41,Wygrali gospodarze
135,03 Lut 2025,19:00,24/25,Śląsk Wrocław,1,3,Piast Gliwice,2.82,2.89,2.92,Wygrali goście
136,02 Lut 2025,17:30,24/25,Legia Warszawa,1,1,Korona Kielce,1.41,4.76,7.70,Remis
137,02 Lut 2025,14:45,24/25,Jagiellonia Białystok,5,0,Radomiak Radom,1.79,3.86,4.31,Wygrali gospodarze
138,02 Lut 2025,12:15,24/25,Górnik Zabrze,1,1,Puszcza Niepołomice,1.62,4.09,5.46,Remis
139,01 Lut 2025,20:15,24/25,Pogoń Szczecin,1,0,Zagłębie Lubin,1.87,3.66,4.14,Wygrali gospodarze
140,01 Lut 2025,17:30,24/25,Cracovia,0,0,Raków Częstochowa,3.69,3.09,2.26,Remis
141,01 Lut 2025,14:45,24/25,Motor Lublin,1,1,Lechia Gdańsk,1.68,3.76,5.36,Remis
142,31 Sty 2025,20:30,24/25,Lech Poznań,4,1,Widzew Łódź,1.51,4.57,6.17,Wygrali gospodarze
143,31 Sty 2025,18:00,24/25,GKS Katowice,1,0,Stal Mielec,2.26,3.51,3.12,Wygrali gospodarze
144,14 Gru 2024,17:30,24/25,Śląsk Wrocław,1,2,Radomiak Radom,2.07,3.34,3.70,Wygrali goście
145,09 Gru 2024,19:00,24/25,Korona Kielce,0,0,Pogoń Szczecin,3.49,3.46,2.12,Remis
146,08 Gru 2024,17:30,24/25,Zagłębie Lubin,0,3,Legia Warszawa,3.93,3.82,1.87,Wygrali goście
147,08 Gru 2024,14:45,24/25,Puszcza Niepołomice,1,1,Jagiellonia Białystok,4.18,3.81,1.82,Remis
148,08 Gru 2024,12:15,24/25,Piast Gliwice,0,0,Cracovia,2.68,3.12,2.76,Remis
149,07 Gru 2024,20:15,24/25,Raków Częstochowa,2,2,Motor Lublin,1.50,4.25,6.73,Remis
150,07 Gru 2024,17:30,24/25,Widzew Łódź,2,1,Stal Mielec,2.13,3.52,3.32,Wygrali gospodarze
151,07 Gru 2024,14:45,24/25,Lechia Gdańsk,1,0,Śląsk Wrocław,3.03,3.36,2.36,Wygrali gospodarze
152,06 Gru 2024,20:30,24/25,Górnik Zabrze,2,1,Lech Poznań,2.67,3.40,2.64,Wygrali gospodarze
153,06 Gru 2024,18:00,24/25,Radomiak Radom,1,1,GKS Katowice,2.41,3.46,2.88,Remis
154,02 Gru 2024,19:00,24/25,Motor Lublin,1,0,Radomiak Radom,2.16,3.43,3.38,Wygrali gospodarze
155,01 Gru 2024,17:30,24/25,Stal Mielec,2,2,Legia Warszawa,3.82,3.61,1.96,Remis
156,01 Gru 2024,14:45,24/25,Pogoń Szczecin,1,1,Jagiellonia Białystok,1.94,3.75,3.75,Remis
157,01 Gru 2024,12:15,24/25,Korona Kielce,2,4,Górnik Zabrze,2.69,3.18,2.71,Wygrali goście
158,30 Lis 2024,20:15,24/25,Widzew Łódź,2,3,Raków Częstochowa,3.73,3.26,2.11,Wygrali goście
159,30 Lis 2024,17:30,24/25,GKS Katowice,2,0,Lechia Gdańsk,1.67,4.18,4.68,Wygrali gospodarze
160,30 Lis 2024,14:45,24/25,Śląsk Wrocław,0,1,Puszcza Niepołomice,1.90,3.53,4.17,Wygrali goście
161,29 Lis 2024,20:30,24/25,Piast Gliwice,0,0,Lech Poznań,3.81,3.25,2.12,Remis
162,29 Lis 2024,18:00,24/25,Cracovia,1,1,Zagłębie Lubin,1.92,3.64,3.92,Remis
163,25 Lis 2024,19:00,24/25,Puszcza Niepołomice,2,0,Widzew Łódź,3.31,3.53,2.16,Wygrali gospodarze
164,24 Lis 2024,17:30,24/25,Górnik Zabrze,1,0,Piast Gliwice,2.55,2.91,3.19,Wygrali gospodarze
165,24 Lis 2024,14:45,24/25,Raków Częstochowa,1,1,Korona Kielce,1.54,3.91,6.80,Remis
166,24 Lis 2024,12:15,24/25,Radomiak Radom,1,2,Stal Mielec,2.30,3.41,3.05,Wygrali goście
167,23 Lis 2024,20:15,24/25,Legia Warszawa,3,2,Cracovia,1.61,4.20,5.28,Wygrali gospodarze
168,23 Lis 2024,17:30,24/25,Lech Poznań,2,0,GKS Katowice,1.44,4.83,6.69,Wygrali gospodarze
169,23 Lis 2024,14:45,24/25,Lechia Gdańsk,0,3,Pogoń Szczecin,3.72,3.86,1.90,Wygrali goście
170,22 Lis 2024,20:30,24/25,Jagiellonia Białystok,2,2,Śląsk Wrocław,1.72,3.93,4.80,Remis
171,22 Lis 2024,18:00,24/25,Zagłębie Lubin,1,2,Motor Lublin,2.23,3.44,3.23,Wygrali goście
172,10 Lis 2024,17:30,24/25,Lech Poznań,5,2,Legia Warszawa,2.18,3.24,3.52,Wygrali gospodarze
173,10 Lis 2024,14:45,24/25,Jagiellonia Białystok,2,2,Raków Częstochowa,3.41,3.27,2.21,Remis
174,10 Lis 2024,12:15,24/25,Stal Mielec,2,0,Puszcza Niepołomice,1.94,3.52,3.91,Wygrali gospodarze
175,09 Lis 2024,20:15,24/25,Śląsk Wrocław,0,1,Górnik Zabrze,2.43,3.26,3.04,Wygrali goście
176,09 Lis 2024,17:30,24/25,Widzew Łódź,2,0,Zagłębie Lubin,2.03,3.48,3.61,Wygrali gospodarze
177,09 Lis 2024,14:45,24/25,Cracovia,3,4,GKS Katowice,1.93,3.64,3.87,Wygrali goście
178,09 Lis 2024,12:15,24/25,Korona Kielce,0,0,Lechia Gdańsk,1.72,3.77,4.78,Remis
179,08 Lis 2024,20:30,24/25,Pogoń Szczecin,0,1,Radomiak Radom,1.89,3.75,3.97,Wygrali goście
180,08 Lis 2024,18:00,24/25,Piast Gliwice,2,3,Motor Lublin,1.90,3.46,4.32,Wygrali goście
181,04 Lis 2024,20:30,24/25,Zagłębie Lubin,3,0,Śląsk Wrocław,2.31,3.24,3.29,Wygrali gospodarze
182,04 Lis 2024,18:00,24/25,GKS Katowice,1,2,Korona Kielce,2.14,3.35,3.51,Wygrali goście
183,03 Lis 2024,20:15,24/25,Legia Warszawa,2,1,Widzew Łódź,1.49,4.51,6.37,Wygrali gospodarze
184,03 Lis 2024,17:30,24/25,Lechia Gdańsk,1,2,Cracovia,3.24,3.49,2.17,Wygrali goście
185,03 Lis 2024,14:45,24/25,Górnik Zabrze,0,2,Jagiellonia Białystok,2.35,3.63,2.85,Wygrali goście
186,03 Lis 2024,12:15,24/25,Radomiak Radom,1,1,Piast Gliwice,2.59,3.09,2.89,Remis
187,02 Lis 2024,20:15,24/25,Puszcza Niepołomice,2,0,Lech Poznań,5.80,3.91,1.60,Wygrali gospodarze
188,02 Lis 2024,17:30,24/25,Motor Lublin,4,2,Pogoń Szczecin,3.07,3.65,2.21,Wygrali gospodarze
189,02 Lis 2024,14:45,24/25,Raków Częstochowa,1,0,Stal Mielec,1.41,4.63,7.94,Wygrali gospodarze
190,27 Paź 2024,20:15,24/25,Legia Warszawa,4,1,GKS Katowice,1.61,4.11,5.35,Wygrali gospodarze
191,27 Paź 2024,17:30,24/25,Widzew Łódź,0,2,Górnik Zabrze,2.11,3.54,3.39,Wygrali goście
192,27 Paź 2024,14:45,24/25,Jagiellonia Białystok,3,1,Korona Kielce,1.73,3.89,4.63,Wygrali gospodarze
193,27 Paź 2024,12:15,24/25,Stal Mielec,2,2,Zagłębie Lubin,2.34,3.42,2.94,Remis
194,26 Paź 2024,20:15,24/25,Lech Poznań,2,1,Radomiak Radom,1.48,4.59,6.26,Wygrali gospodarze
195,26 Paź 2024,17:30,24/25,Śląsk Wrocław,0,0,Raków Częstochowa,4.60,3.31,1.89,Remis
196,26 Paź 2024,14:45,24/25,Cracovia,6,2,Motor Lublin,1.82,3.73,4.29,Wygrali gospodarze
197,25 Paź 2024,20:30,24/25,Pogoń Szczecin,2,1,Puszcza Niepołomice,1.36,5.05,8.26,Wygrali gospodarze
198,25 Paź 2024,18:00,24/25,Piast Gliwice,3,3,Lechia Gdańsk,1.55,4.23,6.20,Remis
199,23 Paź 2024,18:30,24/25,Śląsk Wrocław,2,1,Stal Mielec,2.01,3.44,3.82,Wygrali gospodarze
200,21 Paź 2024,19:00,24/25,Radomiak Radom,2,0,Puszcza Niepołomice,1.78,3.74,4.48,Wygrali gospodarze
201,20 Paź 2024,17:30,24/25,Raków Częstochowa,1,0,Pogoń Szczecin,1.78,3.66,4.59,Wygrali gospodarze
202,20 Paź 2024,14:45,24/25,Górnik Zabrze,3,1,Stal Mielec,1.87,3.58,4.18,Wygrali gospodarze
203,20 Paź 2024,12:15,24/25,GKS Katowice,0,0,Śląsk Wrocław,2.08,3.36,3.64,Remis
204,19 Paź 2024,20:15,24/25,Cracovia,0,2,Lech Poznań,3.23,3.27,2.29,Wygrali goście
205,19 Paź 2024,17:30,24/25,Zagłębie Lubin,1,3,Jagiellonia Białystok,2.36,3.68,2.81,Wygrali goście
206,19 Paź 2024,14:45,24/25,Motor Lublin,3,4,Widzew Łódź,2.60,3.37,2.67,Wygrali goście
207,18 Paź 2024,20:30,24/25,Lechia Gdańsk,0,2,Legia Warszawa,4.31,3.83,1.78,Wygrali goście
208,18 Paź 2024,18:00,24/25,Korona Kielce,0,2,Piast Gliwice,3.16,2.93,2.56,Wygrali goście
209,06 Paź 2024,20:15,24/25,Jagiellonia Białystok,1,1,Legia Warszawa,2.50,3.38,2.77,Remis
210,06 Paź 2024,17:30,24/25,Pogoń Szczecin,1,0,Piast Gliwice,2.14,3.24,3.60,Wygrali gospodarze
211,06 Paź 2024,14:45,24/25,Śląsk Wrocław,2,4,Cracovia,2.54,3.19,2.85,Wygrali goście
212,05 Paź 2024,20:15,24/25,Lech Poznań,1,2,Motor Lublin,1.53,4.28,5.92,Wygrali goście
213,05 Paź 2024,17:30,24/25,Górnik Zabrze,0,1,Zagłębie Lubin,2.09,3.46,3.46,Wygrali goście
214,05 Paź 2024,14:45,24/25,Radomiak Radom,0,2,Raków Częstochowa,3.79,3.40,2.03,Wygrali goście
215,05 Paź 2024,12:15,24/25,Stal Mielec,2,1,Lechia Gdańsk,2.10,3.39,3.51,Wygrali gospodarze
216,04 Paź 2024,20:30,24/25,Widzew Łódź,0,1,Korona Kielce,1.95,3.46,4.06,Wygrali goście
217,04 Paź 2024,18:00,24/25,Puszcza Niepołomice,0,6,GKS Katowice,2.99,3.21,2.44,Wygrali goście
218,30 Wrz 2024,19:00,24/25,Cracovia,1,1,Stal Mielec,1.71,3.72,4.98,Remis
219,29 Wrz 2024,17:30,24/25,Piast Gliwice,0,1,Jagiellonia Białystok,1.83,3.61,4.34,Wygrali goście
220,29 Wrz 2024,14:45,24/25,Korona Kielce,2,3,Lech Poznań,3.82,3.44,1.99,Wygrali goście
221,29 Wrz 2024,12:15,24/25,Zagłębie Lubin,1,0,Radomiak Radom,2.36,3.37,2.96,Wygrali gospodarze
222,28 Wrz 2024,20:15,24/25,Legia Warszawa,1,1,Górnik Zabrze,1.72,3.77,4.87,Remis
223,28 Wrz 2024,17:30,24/25,Motor Lublin,2,1,Śląsk Wrocław,2.64,3.24,2.73,Wygrali gospodarze
224,28 Wrz 2024,14:45,24/25,Raków Częstochowa,2,0,Puszcza Niepołomice,1.38,4.64,8.75,Wygrali gospodarze
225,27 Wrz 2024,20:30,24/25,Lechia Gdańsk,1,1,Widzew Łódź,2.75,3.69,2.42,Remis
226,27 Wrz 2024,18:00,24/25,GKS Katowice,3,1,Pogoń Szczecin,3.09,3.51,2.24,Wygrali gospodarze
227,25 Wrz 2024,19:00,24/25,Motor Lublin,0,2,Jagiellonia Białystok,2.56,3.53,2.66,Wygrali goście
228,22 Wrz 2024,17:30,24/25,Lech Poznań,1,0,Śląsk Wrocław,1.63,3.90,5.49,Wygrali gospodarze
229,22 Wrz 2024,14:45,24/25,Raków Częstochowa,5,1,Zagłębie Lubin,1.53,4.13,6.31,Wygrali gospodarze
230,22 Wrz 2024,12:15,24/25,Stal Mielec,1,0,Motor Lublin,2.49,3.17,2.99,Wygrali gospodarze
231,21 Wrz 2024,20:15,24/25,Górnik Zabrze,3,0,GKS Katowice,2.50,3.30,2.86,Wygrali gospodarze
232,21 Wrz 2024,17:30,24/25,Widzew Łódź,1,0,Piast Gliwice,2.90,3.09,2.60,Wygrali gospodarze
233,21 Wrz 2024,14:45,24/25,Jagiellonia Białystok,3,2,Lechia Gdańsk,1.80,4.03,4.00,Wygrali gospodarze
234,21 Wrz 2024,12:15,24/25,Puszcza Niepołomice,1,2,Cracovia,3.42,3.40,2.12,Wygrali goście
235,20 Wrz 2024,20:30,24/25,Pogoń Szczecin,1,0,Legia Warszawa,2.45,3.39,2.91,Wygrali gospodarze
236,20 Wrz 2024,18:00,24/25,Radomiak Radom,4,0,Korona Kielce,2.39,3.24,3.06,Wygrali gospodarze
237,15 Wrz 2024,17:30,24/25,Legia Warszawa,0,1,Raków Częstochowa,2.30,3.21,3.25,Wygrali goście
238,15 Wrz 2024,14:45,24/25,Korona Kielce,2,0,Zagłębie Lubin,2.36,3.20,3.15,Wygrali gospodarze
239,15 Wrz 2024,12:15,24/25,Piast Gliwice,1,1,Puszcza Niepołomice,1.57,3.83,6.46,Remis
240,14 Wrz 2024,20:15,24/25,Lech Poznań,5,0,Jagiellonia Białystok,1.74,4.04,4.40,Wygrali gospodarze
241,14 Wrz 2024,17:30,24/25,Cracovia,2,1,Pogoń Szczecin,2.74,3.51,2.47,Wygrali gospodarze
242,14 Wrz 2024,14:45,24/25,Lechia Gdańsk,1,0,Radomiak Radom,2.58,3.44,2.65,Wygrali gospodarze
243,13 Wrz 2024,20:30,24/25,GKS Katowice,2,2,Widzew Łódź,2.33,3.41,3.07,Remis
244,13 Wrz 2024,18:00,24/25,Motor Lublin,1,0,Górnik Zabrze,2.40,3.35,2.99,Wygrali gospodarze
245,01 Wrz 2024,20:15,24/25,Jagiellonia Białystok,1,0,Widzew Łódź,1.84,3.87,3.96,Wygrali gospodarze
246,01 Wrz 2024,17:30,24/25,Pogoń Szczecin,5,3,Śląsk Wrocław,1.96,3.70,3.65,Wygrali gospodarze
247,01 Wrz 2024,14:45,24/25,Legia Warszawa,5,2,Motor Lublin,1.58,4.05,5.74,Wygrali gospodarze
248,01 Wrz 2024,12:15,24/25,Górnik Zabrze,2,3,Lechia Gdańsk,1.90,3.76,3.82,Wygrali goście
249,31 Sie 2024,20:15,24/25,Radomiak Radom,2,1,Cracovia,2.39,3.34,2.98,Wygrali gospodarze
250,31 Sie 2024,17:30,24/25,Zagłębie Lubin,1,0,GKS Katowice,2.17,3.39,3.36,Wygrali gospodarze
251,31 Sie 2024,14:45,24/25,Puszcza Niepołomice,0,0,Korona Kielce,2.66,3.12,2.81,Remis
252,30 Sie 2024,20:30,24/25,Stal Mielec,0,2,Lech Poznań,4.10,3.55,1.90,Wygrali goście
253,30 Sie 2024,18:00,24/25,Raków Częstochowa,0,1,Piast Gliwice,2.00,3.16,4.21,Wygrali goście
254,26 Sie 2024,19:00,24/25,Korona Kielce,2,1,Stal Mielec,1.99,3.36,3.98,Wygrali gospodarze
255,25 Sie 2024,20:15,24/25,Śląsk Wrocław,1,1,Legia Warszawa,3.14,3.24,2.39,Remis
256,25 Sie 2024,17:30,24/25,Lech Poznań,2,0,Pogoń Szczecin,2.41,3.51,2.86,Wygrali gospodarze
257,25 Sie 2024,14:45,24/25,GKS Katowice,3,1,Jagiellonia Białystok,2.81,3.49,2.44,Wygrali gospodarze
258,24 Sie 2024,20:15,24/25,Piast Gliwice,1,0,Zagłębie Lubin,1.79,3.53,4.77,Wygrali gospodarze
259,24 Sie 2024,17:30,24/25,Cracovia,3,2,Górnik Zabrze,2.24,3.33,3.26,Wygrali gospodarze
260,24 Sie 2024,14:45,24/25,Motor Lublin,0,0,Puszcza Niepołomice,2.18,3.28,3.43,Remis
261,23 Sie 2024,20:30,24/25,Lechia Gdańsk,1,2,Raków Częstochowa,4.51,4.06,1.72,Wygrali goście
262,23 Sie 2024,18:00,24/25,Widzew Łódź,3,2,Radomiak Radom,2.22,3.58,3.20,Wygrali gospodarze
263,19 Sie 2024,19:00,24/25,Stal Mielec,2,0,Piast Gliwice,4.51,3.21,1.93,Wygrali gospodarze
264,18 Sie 2024,20:15,24/25,Górnik Zabrze,0,0,Raków Częstochowa,3.57,3.46,2.07,Remis
265,18 Sie 2024,17:30,24/25,Legia Warszawa,4,1,Radomiak Radom,1.67,3.95,5.05,Wygrali gospodarze
266,18 Sie 2024,14:45,24/25,Śląsk Wrocław,1,1,Korona Kielce,1.94,3.29,4.34,Remis
267,17 Sie 2024,20:15,24/25,Pogoń Szczecin,2,0,Widzew Łódź,1.65,4.14,4.91,Wygrali gospodarze
268,17 Sie 2024,17:30,24/25,Zagłębie Lubin,0,1,Lech Poznań,3.21,3.52,2.19,Wygrali goście
269,17 Sie 2024,14:45,24/25,Jagiellonia Białystok,2,4,Cracovia,1.84,3.59,4.32,Wygrali goście
270,16 Sie 2024,20:30,24/25,GKS Katowice,0,0,Motor Lublin,1.82,3.78,4.26,Remis
271,16 Sie 2024,18:00,24/25,Puszcza Niepołomice,4,1,Lechia Gdańsk,2.26,3.44,3.14,Wygrali gospodarze
272,12 Sie 2024,19:00,24/25,Piast Gliwice,2,2,GKS Katowice,1.82,3.40,4.88,Remis
273,11 Sie 2024,20:15,24/25,Widzew Łódź,0,0,Śląsk Wrocław,2.22,3.28,3.41,Remis
274,11 Sie 2024,17:30,24/25,Puszcza Niepołomice,2,2,Legia Warszawa,4.45,3.66,1.80,Remis
275,11 Sie 2024,14:45,24/25,Lechia Gdańsk,1,1,Zagłębie Lubin,2.61,3.31,2.72,Remis
276,10 Sie 2024,20:15,24/25,Pogoń Szczecin,1,0,Stal Mielec,1.44,4.95,6.43,Wygrali gospodarze
277,10 Sie 2024,17:30,24/25,Korona Kielce,0,2,Cracovia,2.39,3.11,3.21,Wygrali goście
278,09 Sie 2024,20:30,24/25,Raków Częstochowa,0,0,Lech Poznań,1.78,3.69,4.52,Remis
279,09 Sie 2024,18:00,24/25,Radomiak Radom,1,2,Górnik Zabrze,2.26,3.52,3.15,Wygrali goście
280,05 Sie 2024,19:00,24/25,Cracovia,1,3,Widzew Łódź,2.39,3.41,2.93,Wygrali goście
281,04 Sie 2024,20:15,24/25,Legia Warszawa,1,2,Piast Gliwice,2.08,3.20,3.99,Wygrali goście
282,04 Sie 2024,14:45,24/25,Motor Lublin,1,1,Korona Kielce,2.47,3.19,2.99,Remis
283,03 Sie 2024,20:15,24/25,Lech Poznań,3,1,Lechia Gdańsk,1.44,4.81,6.76,Wygrali gospodarze
284,03 Sie 2024,17:30,24/25,Jagiellonia Białystok,2,0,Stal Mielec,1.55,4.49,5.46,Wygrali gospodarze
285,03 Sie 2024,14:45,24/25,GKS Katowice,0,1,Raków Częstochowa,4.62,3.80,1.74,Wygrali goście
286,02 Sie 2024,20:30,24/25,Górnik Zabrze,1,0,Pogoń Szczecin,3.05,3.73,2.19,Wygrali gospodarze
287,02 Sie 2024,18:00,24/25,Zagłębie Lubin,1,0,Puszcza Niepołomice,2.01,3.81,3.51,Wygrali gospodarze
288,29 Lip 2024,19:00,24/25,Raków Częstochowa,0,1,Cracovia,1.45,4.51,7.34,Wygrali goście
289,28 Lip 2024,20:15,24/25,Korona Kielce,0,1,Legia Warszawa,4.09,3.39,1.96,Wygrali goście
290,28 Lip 2024,17:30,24/25,Piast Gliwice,2,0,Śląsk Wrocław,1.74,3.46,5.54,Wygrali gospodarze
291,28 Lip 2024,14:45,24/25,Zagłębie Lubin,2,2,Pogoń Szczecin,3.03,3.56,2.28,Remis
292,27 Lip 2024,20:15,24/25,Widzew Łódź,2,1,Lech Poznań,2.90,3.55,2.35,Wygrali gospodarze
293,27 Lip 2024,17:30,24/25,Radomiak Radom,2,3,Jagiellonia Białystok,3.01,3.52,2.30,Wygrali goście
294,27 Lip 2024,14:45,24/25,Stal Mielec,0,1,GKS Katowice,2.35,3.34,3.06,Wygrali goście
295,26 Lip 2024,20:30,24/25,Lechia Gdańsk,0,2,Motor Lublin,1.82,3.89,4.17,Wygrali goście
296,26 Lip 2024,18:00,24/25,Puszcza Niepołomice,2,2,Górnik Zabrze,2.44,3.31,2.94,Remis
297,22 Lip 2024,19:00,24/25,Stal Mielec,1,1,Widzew Łódź,2.73,3.47,2.52,Remis
298,21 Lip 2024,20:15,24/25,Motor Lublin,0,2,Raków Częstochowa,5.40,4.21,1.59,Wygrali goście
299,21 Lip 2024,17:30,24/25,Lech Poznań,2,0,Górnik Zabrze,1.70,4.24,4.44,Wygrali gospodarze
300,21 Lip 2024,14:45,24/25,Cracovia,1,1,Piast Gliwice,2.73,3.05,2.86,Remis
301,20 Lip 2024,20:15,24/25,Legia Warszawa,2,0,Zagłębie Lubin,1.61,4.25,5.34,Wygrali gospodarze
302,20 Lip 2024,17:30,24/25,Pogoń Szczecin,3,0,Korona Kielce,1.56,4.26,5.84,Wygrali gospodarze
303,20 Lip 2024,14:45,24/25,GKS Katowice,1,2,Radomiak Radom,2.71,3.35,2.62,Wygrali goście
304,19 Lip 2024,20:30,24/25,Śląsk Wrocław,1,1,Lechia Gdańsk,1.97,3.63,3.89,Remis
305,19 Lip 2024,18:00,24/25,Jagiellonia Białystok,2,0,Puszcza Niepołomice,1.48,4.68,6.29,Wygrali gospodarze
