﻿,Data,Godzina,Sezon,Gospodarze,Gole_gospodarze,Gole_goście,Goście,Oddsy_gospodarze,Oddsy_remis,Oddsy_goście,Kto_wygrał
0,16 Maj 2021,17:30,20/21,Cracovia,0,1,Warta Poznań,2.50,3.23,3.07,Wygrali goście
1,16 Maj 2021,17:30,20/21,Jagiellonia Białystok,2,1,Lechia Gdańsk,4.04,3.99,1.87,Wygrali gospodarze
2,16 Maj 2021,17:30,20/21,Lech Poznań,1,1,Górnik Zabrze,1.73,4.06,4.80,Remis
3,16 Maj 2021,17:30,20/21,Legia Warszawa,1,0,Podbeskidzie B-B,1.56,4.61,5.74,Wygrali gospodarze
4,16 Maj 2021,17:30,20/21,Piast Gliwice,2,3,Wisła Kraków,1.51,4.66,6.34,Wygrali goście
5,16 Maj 2021,17:30,20/21,Pogoń Szczecin,1,3,Raków Częstochowa,2.24,3.50,3.31,Wygrali goście
6,16 Maj 2021,17:30,20/21,Śląsk Wrocław,1,1,Stal Mielec,2.24,3.38,3.41,Remis
7,16 Maj 2021,17:30,20/21,Wisła Płock,4,0,Zagłębie Lubin,2.65,3.38,2.77,Wygrali gospodarze
8,10 Maj 2021,18:00,20/21,Raków Częstochowa,1,0,Piast Gliwice,2.29,3.38,3.29,Wygrali gospodarze
9,09 Maj 2021,17:30,20/21,Stal Mielec,0,0,Legia Warszawa,4.45,3.61,1.88,Remis
10,09 Maj 2021,15:00,20/21,Warta Poznań,2,3,Śląsk Wrocław,2.37,3.16,3.35,Wygrali goście
11,08 Maj 2021,20:00,20/21,Wisła Kraków,1,2,Lech Poznań,3.54,3.66,2.08,Wygrali goście
12,08 Maj 2021,17:30,20/21,Lechia Gdańsk,1,1,Cracovia,2.06,3.49,3.80,Remis
13,08 Maj 2021,15:00,20/21,Podbeskidzie B-B,1,1,Wisła Płock,2.41,3.34,3.11,Remis
14,07 Maj 2021,20:30,20/21,Zagłębie Lubin,1,1,Pogoń Szczecin,3.21,3.40,2.33,Remis
15,07 Maj 2021,18:00,20/21,Górnik Zabrze,3,1,Jagiellonia Białystok,2.03,3.70,3.65,Wygrali gospodarze
16,05 Maj 2021,19:00,20/21,Stal Mielec,0,1,Raków Częstochowa,3.49,3.50,2.17,Wygrali goście
17,03 Maj 2021,17:30,20/21,Cracovia,1,0,Górnik Zabrze,2.27,3.24,3.48,Wygrali gospodarze
18,03 Maj 2021,15:00,20/21,Piast Gliwice,2,0,Podbeskidzie B-B,1.88,3.72,4.29,Wygrali gospodarze
19,01 Maj 2021,20:00,20/21,Lech Poznań,1,2,Stal Mielec,1.70,4.14,4.88,Wygrali goście
20,01 Maj 2021,17:30,20/21,Pogoń Szczecin,1,1,Warta Poznań,1.97,3.31,4.43,Remis
21,01 Maj 2021,15:00,20/21,Legia Warszawa,0,0,Wisła Kraków,1.65,4.25,5.21,Remis
22,30 Kwi 2021,20:30,20/21,Śląsk Wrocław,0,0,Zagłębie Lubin,2.72,3.36,2.69,Remis
23,30 Kwi 2021,18:00,20/21,Wisła Płock,1,3,Lechia Gdańsk,2.79,3.28,2.70,Wygrali goście
24,28 Kwi 2021,19:00,20/21,Jagiellonia Białystok,0,0,Raków Częstochowa,4.66,4.19,1.73,Remis
25,25 Kwi 2021,17:30,20/21,Lechia Gdańsk,0,1,Legia Warszawa,4.85,3.78,1.78,Wygrali goście
26,25 Kwi 2021,15:00,20/21,Stal Mielec,1,0,Pogoń Szczecin,3.85,3.40,2.09,Wygrali gospodarze
27,25 Kwi 2021,12:30,20/21,Warta Poznań,2,0,Jagiellonia Białystok,2.32,3.24,3.41,Wygrali gospodarze
28,24 Kwi 2021,20:00,20/21,Wisła Kraków,0,0,Cracovia,2.73,3.21,2.80,Remis
29,24 Kwi 2021,17:30,20/21,Zagłębie Lubin,2,2,Piast Gliwice,2.82,3.29,2.64,Remis
30,24 Kwi 2021,15:00,20/21,Górnik Zabrze,0,2,Wisła Płock,2.28,3.20,3.49,Wygrali goście
31,23 Kwi 2021,20:30,20/21,Podbeskidzie B-B,1,0,Lech Poznań,3.99,3.71,1.93,Wygrali gospodarze
32,23 Kwi 2021,18:00,20/21,Raków Częstochowa,2,0,Śląsk Wrocław,1.64,3.95,5.85,Wygrali gospodarze
33,21 Kwi 2021,20:30,20/21,Cracovia,1,0,Wisła Płock,2.39,3.05,3.49,Wygrali gospodarze
34,21 Kwi 2021,20:30,20/21,Piast Gliwice,0,1,Legia Warszawa,3.94,3.41,2.05,Wygrali goście
35,21 Kwi 2021,18:00,20/21,Jagiellonia Białystok,3,3,Stal Mielec,2.82,3.39,2.60,Remis
36,21 Kwi 2021,18:00,20/21,Zagłębie Lubin,4,1,Wisła Kraków,2.30,3.64,3.07,Wygrali gospodarze
37,20 Kwi 2021,20:30,20/21,Lech Poznań,3,0,Lechia Gdańsk,1.85,3.76,4.21,Wygrali gospodarze
38,20 Kwi 2021,20:30,20/21,Śląsk Wrocław,4,3,Podbeskidzie B-B,2.43,3.31,3.09,Wygrali gospodarze
39,20 Kwi 2021,18:00,20/21,Pogoń Szczecin,1,0,Górnik Zabrze,1.96,3.35,4.39,Wygrali gospodarze
40,20 Kwi 2021,18:00,20/21,Warta Poznań,0,2,Raków Częstochowa,4.29,3.41,1.96,Wygrali goście
41,18 Kwi 2021,17:30,20/21,Legia Warszawa,0,0,Cracovia,1.51,4.16,7.66,Remis
42,18 Kwi 2021,15:00,20/21,Wisła Płock,2,2,Jagiellonia Białystok,2.11,3.53,3.65,Remis
43,18 Kwi 2021,12:30,20/21,Stal Mielec,0,2,Zagłębie Lubin,2.66,3.35,2.78,Wygrali goście
44,17 Kwi 2021,20:00,20/21,Wisła Kraków,0,1,Warta Poznań,2.01,3.44,4.04,Wygrali goście
45,17 Kwi 2021,17:30,20/21,Raków Częstochowa,3,1,Lech Poznań,2.37,3.33,3.16,Wygrali gospodarze
46,17 Kwi 2021,15:00,20/21,Lechia Gdańsk,2,2,Piast Gliwice,2.70,3.19,2.84,Remis
47,16 Kwi 2021,20:30,20/21,Górnik Zabrze,1,1,Śląsk Wrocław,2.27,3.33,3.41,Remis
48,16 Kwi 2021,18:00,20/21,Podbeskidzie B-B,0,2,Pogoń Szczecin,3.79,3.35,2.12,Wygrali goście
49,12 Kwi 2021,18:00,20/21,Piast Gliwice,2,0,Górnik Zabrze,2.04,3.38,3.96,Wygrali gospodarze
50,11 Kwi 2021,17:30,20/21,Lech Poznań,0,0,Legia Warszawa,3.53,3.45,2.15,Remis
51,11 Kwi 2021,15:00,20/21,Zagłębie Lubin,2,1,Podbeskidzie B-B,2.11,3.54,3.56,Wygrali gospodarze
52,10 Kwi 2021,20:00,20/21,Śląsk Wrocław,1,1,Lechia Gdańsk,2.85,3.15,2.71,Remis
53,10 Kwi 2021,17:30,20/21,Warta Poznań,0,0,Stal Mielec,2.65,3.03,3.02,Remis
54,10 Kwi 2021,15:00,20/21,Pogoń Szczecin,2,0,Wisła Płock,1.78,3.45,5.38,Wygrali gospodarze
55,09 Kwi 2021,20:30,20/21,Wisła Kraków,1,2,Raków Częstochowa,3.81,3.55,2.02,Wygrali goście
56,09 Kwi 2021,18:00,20/21,Jagiellonia Białystok,2,1,Cracovia,3.17,3.22,2.42,Wygrali gospodarze
57,05 Kwi 2021,20:00,20/21,Lechia Gdańsk,3,1,Zagłębie Lubin,2.39,3.38,3.05,Wygrali gospodarze
58,05 Kwi 2021,17:30,20/21,Jagiellonia Białystok,0,1,Śląsk Wrocław,2.47,3.29,3.03,Wygrali goście
59,05 Kwi 2021,15:00,20/21,Podbeskidzie B-B,2,0,Wisła Kraków,3.43,3.48,2.18,Wygrali gospodarze
60,05 Kwi 2021,12:30,20/21,Górnik Zabrze,1,2,Warta Poznań,2.13,3.31,3.75,Wygrali goście
61,03 Kwi 2021,20:00,20/21,Cracovia,2,1,Lech Poznań,3.16,3.17,2.45,Wygrali gospodarze
62,03 Kwi 2021,17:30,20/21,Legia Warszawa,4,2,Pogoń Szczecin,1.81,3.49,4.96,Wygrali gospodarze
63,03 Kwi 2021,12:30,20/21,Wisła Płock,0,1,Piast Gliwice,3.00,3.17,2.55,Wygrali goście
64,21 Mar 2021,17:30,20/21,Zagłębie Lubin,0,4,Legia Warszawa,4.11,3.59,1.94,Wygrali goście
65,21 Mar 2021,15:00,20/21,Wisła Kraków,3,1,Stal Mielec,2.01,3.54,3.84,Wygrali gospodarze
66,21 Mar 2021,12:30,20/21,Warta Poznań,2,0,Podbeskidzie B-B,2.39,3.12,3.35,Wygrali gospodarze
67,20 Mar 2021,20:00,20/21,Lech Poznań,2,3,Jagiellonia Białystok,1.50,4.49,6.70,Wygrali goście
68,20 Mar 2021,17:30,20/21,Raków Częstochowa,0,0,Górnik Zabrze,1.79,3.66,4.95,Remis
69,20 Mar 2021,15:00,20/21,Śląsk Wrocław,0,0,Wisła Płock,2.50,3.14,3.08,Remis
70,19 Mar 2021,20:30,20/21,Pogoń Szczecin,1,0,Lechia Gdańsk,2.09,3.24,4.02,Wygrali gospodarze
71,19 Mar 2021,18:00,20/21,Piast Gliwice,2,0,Cracovia,2.17,3.16,3.82,Wygrali gospodarze
72,15 Mar 2021,18:00,20/21,Stal Mielec,2,1,Podbeskidzie B-B,2.34,3.26,3.24,Wygrali gospodarze
73,14 Mar 2021,17:30,20/21,Lech Poznań,0,0,Piast Gliwice,2.16,3.39,3.57,Remis
74,14 Mar 2021,15:00,20/21,Górnik Zabrze,2,0,Zagłębie Lubin,2.52,3.28,2.93,Wygrali gospodarze
75,13 Mar 2021,20:00,20/21,Legia Warszawa,3,2,Warta Poznań,1.36,4.95,9.77,Wygrali gospodarze
76,13 Mar 2021,17:30,20/21,Lechia Gdańsk,2,0,Wisła Kraków,2.57,3.22,2.92,Wygrali gospodarze
77,13 Mar 2021,15:00,20/21,Wisła Płock,2,2,Raków Częstochowa,3.95,3.34,2.05,Remis
78,12 Mar 2021,20:30,20/21,Jagiellonia Białystok,0,1,Pogoń Szczecin,3.95,3.62,1.96,Wygrali goście
79,12 Mar 2021,18:00,20/21,Cracovia,1,1,Śląsk Wrocław,2.23,3.20,3.61,Remis
80,08 Mar 2021,18:00,20/21,Warta Poznań,2,0,Wisła Płock,3.01,2.92,2.73,Wygrali gospodarze
81,07 Mar 2021,17:30,20/21,Śląsk Wrocław,0,1,Legia Warszawa,5.21,3.87,1.70,Wygrali goście
82,07 Mar 2021,15:00,20/21,Pogoń Szczecin,0,1,Lech Poznań,2.44,3.25,3.08,Wygrali goście
83,07 Mar 2021,12:30,20/21,Piast Gliwice,2,1,Stal Mielec,1.89,3.37,4.63,Wygrali gospodarze
84,06 Mar 2021,20:00,20/21,Raków Częstochowa,0,0,Cracovia,1.84,3.56,4.63,Remis
85,06 Mar 2021,17:30,20/21,Zagłębie Lubin,3,0,Jagiellonia Białystok,1.82,3.73,4.52,Wygrali gospodarze
86,06 Mar 2021,15:00,20/21,Podbeskidzie B-B,2,2,Lechia Gdańsk,2.82,3.30,2.61,Remis
87,05 Mar 2021,20:30,20/21,Wisła Kraków,0,0,Górnik Zabrze,2.35,3.39,3.10,Remis
88,04 Mar 2021,20:30,20/21,Stal Mielec,2,2,Wisła Płock,2.78,2.89,2.97,Remis
89,28 Lut 2021,17:30,20/21,Śląsk Wrocław,2,1,Pogoń Szczecin,3.81,3.26,2.11,Wygrali gospodarze
90,28 Lut 2021,15:00,20/21,Cracovia,2,4,Zagłębie Lubin,2.46,3.18,3.11,Wygrali goście
91,28 Lut 2021,12:30,20/21,Wisła Płock,1,3,Wisła Kraków,2.72,3.32,2.69,Wygrali goście
92,27 Lut 2021,20:00,20/21,Górnik Zabrze,1,2,Legia Warszawa,4.27,3.55,1.91,Wygrali goście
93,27 Lut 2021,17:30,20/21,Jagiellonia Białystok,0,1,Piast Gliwice,3.63,3.45,2.09,Wygrali goście
94,27 Lut 2021,15:00,20/21,Stal Mielec,0,1,Lechia Gdańsk,3.10,3.21,2.44,Wygrali goście
95,26 Lut 2021,20:30,20/21,Warta Poznań,1,2,Lech Poznań,4.60,3.50,1.85,Wygrali goście
96,26 Lut 2021,18:00,20/21,Raków Częstochowa,1,0,Podbeskidzie B-B,1.59,4.06,6.05,Wygrali gospodarze
97,22 Lut 2021,18:00,20/21,Piast Gliwice,0,1,Warta Poznań,1.84,3.29,5.14,Wygrali goście
98,21 Lut 2021,17:30,20/21,Lech Poznań,1,0,Śląsk Wrocław,1.65,4.11,5.27,Wygrali gospodarze
99,21 Lut 2021,15:00,20/21,Zagłębie Lubin,1,2,Raków Częstochowa,3.61,3.45,2.12,Wygrali goście
100,20 Lut 2021,20:00,20/21,Lechia Gdańsk,2,0,Górnik Zabrze,2.55,3.25,2.92,Wygrali gospodarze
101,20 Lut 2021,17:30,20/21,Podbeskidzie B-B,1,1,Jagiellonia Białystok,2.45,3.34,3.00,Remis
102,20 Lut 2021,15:00,20/21,Legia Warszawa,5,2,Wisła Płock,1.63,3.81,6.06,Wygrali gospodarze
103,19 Lut 2021,20:30,20/21,Wisła Kraków,2,1,Pogoń Szczecin,2.77,3.18,2.72,Wygrali gospodarze
104,19 Lut 2021,18:00,20/21,Stal Mielec,0,0,Cracovia,3.00,3.10,2.58,Remis
105,15 Lut 2021,20:30,20/21,Górnik Zabrze,2,1,Stal Mielec,1.90,3.66,4.33,Wygrali gospodarze
106,15 Lut 2021,18:00,20/21,Warta Poznań,1,0,Zagłębie Lubin,2.93,3.10,2.67,Wygrali gospodarze
107,14 Lut 2021,17:30,20/21,Jagiellonia Białystok,1,1,Legia Warszawa,5.00,4.03,1.69,Remis
108,14 Lut 2021,15:00,20/21,Wisła Płock,1,0,Lech Poznań,3.05,3.31,2.44,Wygrali gospodarze
109,13 Lut 2021,20:00,20/21,Raków Częstochowa,0,1,Lechia Gdańsk,1.87,3.41,4.66,Wygrali goście
110,13 Lut 2021,17:30,20/21,Pogoń Szczecin,0,0,Piast Gliwice,2.23,3.23,3.48,Remis
111,13 Lut 2021,15:00,20/21,Cracovia,1,1,Podbeskidzie B-B,1.98,3.47,4.04,Remis
112,12 Lut 2021,20:30,20/21,Śląsk Wrocław,1,1,Wisła Kraków,3.23,3.38,2.26,Remis
113,07 Lut 2021,17:30,20/21,Wisła Kraków,2,0,Jagiellonia Białystok,2.21,3.48,3.34,Wygrali gospodarze
114,07 Lut 2021,15:00,20/21,Podbeskidzie B-B,2,1,Górnik Zabrze,4.01,3.39,2.02,Wygrali gospodarze
115,06 Lut 2021,20:00,20/21,Legia Warszawa,2,0,Raków Częstochowa,2.12,3.31,3.73,Wygrali gospodarze
116,06 Lut 2021,17:30,20/21,Pogoń Szczecin,1,0,Cracovia,2.08,3.14,4.11,Wygrali gospodarze
117,06 Lut 2021,15:00,20/21,Piast Gliwice,2,0,Śląsk Wrocław,2.05,3.46,3.81,Wygrali gospodarze
118,05 Lut 2021,20:30,20/21,Lech Poznań,0,0,Zagłębie Lubin,1.55,4.40,5.92,Remis
119,05 Lut 2021,18:00,20/21,Lechia Gdańsk,1,1,Warta Poznań,1.90,3.48,4.41,Remis
120,01 Lut 2021,18:00,20/21,Stal Mielec,0,0,Śląsk Wrocław,2.91,3.31,2.53,Remis
121,31 Sty 2021,17:30,20/21,Podbeskidzie B-B,1,0,Legia Warszawa,7.09,4.57,1.48,Wygrali gospodarze
122,31 Sty 2021,15:00,20/21,Wisła Kraków,3,4,Piast Gliwice,2.86,3.25,2.59,Wygrali goście
123,30 Sty 2021,20:00,20/21,Górnik Zabrze,1,1,Lech Poznań,3.32,3.35,2.26,Remis
124,30 Sty 2021,17:30,20/21,Lechia Gdańsk,0,2,Jagiellonia Białystok,1.96,3.68,3.88,Wygrali goście
125,30 Sty 2021,15:00,20/21,Warta Poznań,1,0,Cracovia,3.34,3.10,2.39,Wygrali gospodarze
126,29 Sty 2021,20:30,20/21,Raków Częstochowa,0,1,Pogoń Szczecin,2.08,3.35,3.85,Wygrali goście
127,29 Sty 2021,18:00,20/21,Zagłębie Lubin,0,2,Wisła Płock,2.52,3.18,3.04,Wygrali goście
128,20 Gru 2020,17:30,20/21,Jagiellonia Białystok,1,0,Górnik Zabrze,2.92,3.39,2.53,Wygrali gospodarze
129,20 Gru 2020,15:00,20/21,Piast Gliwice,0,0,Raków Częstochowa,2.91,3.37,2.54,Remis
130,19 Gru 2020,20:00,20/21,Lech Poznań,0,1,Wisła Kraków,1.66,4.23,4.99,Wygrali goście
131,19 Gru 2020,17:30,20/21,Cracovia,0,3,Lechia Gdańsk,2.42,3.43,3.03,Wygrali goście
132,19 Gru 2020,15:00,20/21,Pogoń Szczecin,1,0,Zagłębie Lubin,2.03,3.50,3.87,Wygrali gospodarze
133,18 Gru 2020,20:30,20/21,Legia Warszawa,2,3,Stal Mielec,1.34,5.74,9.04,Wygrali goście
134,18 Gru 2020,18:00,20/21,Wisła Płock,4,1,Podbeskidzie B-B,2.01,3.59,3.93,Wygrali gospodarze
135,17 Gru 2020,18:00,20/21,Śląsk Wrocław,2,1,Warta Poznań,2.06,3.47,3.82,Wygrali gospodarze
136,16 Gru 2020,20:30,20/21,Lech Poznań,0,4,Pogoń Szczecin,1.83,3.78,4.37,Wygrali goście
137,14 Gru 2020,18:00,20/21,Lechia Gdańsk,0,1,Wisła Płock,2.05,3.48,3.85,Wygrali goście
138,13 Gru 2020,17:30,20/21,Raków Częstochowa,3,2,Jagiellonia Białystok,1.56,4.47,5.77,Wygrali gospodarze
139,13 Gru 2020,15:00,20/21,Stal Mielec,1,1,Lech Poznań,6.40,4.69,1.50,Remis
140,12 Gru 2020,20:00,20/21,Wisła Kraków,1,2,Legia Warszawa,4.96,3.78,1.75,Wygrali goście
141,12 Gru 2020,17:30,20/21,Górnik Zabrze,0,2,Cracovia,2.27,3.35,3.33,Wygrali goście
142,12 Gru 2020,15:00,20/21,Warta Poznań,1,2,Pogoń Szczecin,3.65,3.09,2.25,Wygrali goście
143,11 Gru 2020,20:30,20/21,Zagłębie Lubin,2,1,Śląsk Wrocław,2.69,3.34,2.73,Wygrali gospodarze
144,11 Gru 2020,18:00,20/21,Podbeskidzie B-B,0,5,Piast Gliwice,4.10,3.68,1.91,Wygrali goście
145,07 Gru 2020,20:30,20/21,Wisła Płock,0,1,Górnik Zabrze,3.30,3.34,2.28,Wygrali goście
146,07 Gru 2020,18:00,20/21,Pogoń Szczecin,2,0,Stal Mielec,1.82,3.64,4.61,Wygrali gospodarze
147,06 Gru 2020,17:30,20/21,Lech Poznań,4,0,Podbeskidzie B-B,1.30,6.01,9.29,Wygrali gospodarze
148,06 Gru 2020,15:00,20/21,Piast Gliwice,1,1,Zagłębie Lubin,2.03,3.49,3.79,Remis
149,05 Gru 2020,20:00,20/21,Legia Warszawa,2,0,Lechia Gdańsk,1.57,4.24,6.06,Wygrali gospodarze
150,05 Gru 2020,17:30,20/21,Śląsk Wrocław,1,0,Raków Częstochowa,3.60,3.58,2.10,Wygrali gospodarze
151,05 Gru 2020,15:00,20/21,Jagiellonia Białystok,4,3,Warta Poznań,2.07,3.33,3.87,Wygrali gospodarze
152,04 Gru 2020,20:30,20/21,Cracovia,1,1,Wisła Kraków,2.48,3.33,2.96,Remis
153,02 Gru 2020,18:00,20/21,Wisła Płock,0,0,Pogoń Szczecin,3.54,3.17,2.24,Remis
154,30 Lis 2020,18:00,20/21,Lechia Gdańsk,0,1,Lech Poznań,3.11,3.77,2.19,Wygrali goście
155,29 Lis 2020,17:30,20/21,Legia Warszawa,2,2,Piast Gliwice,1.70,3.75,5.31,Remis
156,29 Lis 2020,15:00,20/21,Raków Częstochowa,1,0,Warta Poznań,1.47,4.49,7.26,Wygrali gospodarze
157,28 Lis 2020,20:00,20/21,Wisła Kraków,1,2,Zagłębie Lubin,2.52,3.43,2.81,Wygrali goście
158,28 Lis 2020,17:30,20/21,Podbeskidzie B-B,0,2,Śląsk Wrocław,3.59,3.56,2.07,Wygrali goście
159,28 Lis 2020,15:00,20/21,Stal Mielec,3,1,Jagiellonia Białystok,2.70,3.46,2.62,Wygrali gospodarze
160,27 Lis 2020,20:30,20/21,Górnik Zabrze,2,1,Pogoń Szczecin,2.45,3.19,3.12,Wygrali gospodarze
161,27 Lis 2020,18:00,20/21,Wisła Płock,0,1,Cracovia,3.01,3.15,2.52,Wygrali goście
162,24 Lis 2020,18:00,20/21,Podbeskidzie B-B,2,1,Zagłębie Lubin,3.60,3.58,2.05,Wygrali gospodarze
163,23 Lis 2020,20:30,20/21,Jagiellonia Białystok,5,2,Wisła Płock,2.54,3.35,2.86,Wygrali gospodarze
164,23 Lis 2020,18:00,20/21,Piast Gliwice,2,0,Lechia Gdańsk,2.31,3.44,3.16,Wygrali gospodarze
165,22 Lis 2020,17:30,20/21,Cracovia,0,1,Legia Warszawa,4.55,3.69,1.82,Wygrali goście
166,22 Lis 2020,12:30,20/21,Lech Poznań,3,3,Raków Częstochowa,2.09,3.68,3.39,Remis
167,21 Lis 2020,20:00,20/21,Warta Poznań,2,1,Wisła Kraków,3.26,3.19,2.35,Wygrali gospodarze
168,21 Lis 2020,17:30,20/21,Zagłębie Lubin,2,2,Stal Mielec,1.64,4.23,5.03,Remis
169,20 Lis 2020,20:30,20/21,Górnik Zabrze,1,2,Piast Gliwice,2.89,3.48,2.48,Wygrali goście
170,20 Lis 2020,18:00,20/21,Lechia Gdańsk,3,2,Śląsk Wrocław,2.39,3.36,3.06,Wygrali gospodarze
171,09 Lis 2020,18:00,20/21,Pogoń Szczecin,1,1,Podbeskidzie B-B,1.52,4.49,6.42,Remis
172,08 Lis 2020,17:30,20/21,Raków Częstochowa,0,0,Wisła Kraków,1.64,4.23,5.17,Remis
173,08 Lis 2020,15:00,20/21,Legia Warszawa,2,1,Lech Poznań,2.63,3.52,2.68,Wygrali gospodarze
174,07 Lis 2020,20:00,20/21,Śląsk Wrocław,0,0,Górnik Zabrze,2.37,3.53,3.00,Remis
175,07 Lis 2020,17:30,20/21,Cracovia,3,1,Jagiellonia Białystok,2.24,3.36,3.39,Wygrali gospodarze
176,07 Lis 2020,15:00,20/21,Stal Mielec,0,1,Warta Poznań,2.67,3.22,2.82,Wygrali goście
177,02 Lis 2020,18:00,20/21,Warta Poznań,0,3,Legia Warszawa,7.22,4.27,1.51,Wygrali goście
178,30 Paź 2020,18:00,20/21,Pogoń Szczecin,3,0,Jagiellonia Białystok,2.19,3.37,3.50,Wygrali gospodarze
179,28 Paź 2020,18:00,20/21,Wisła Kraków,1,3,Lechia Gdańsk,2.74,3.32,2.68,Wygrali goście
180,26 Paź 2020,18:00,20/21,Warta Poznań,0,1,Górnik Zabrze,3.38,3.31,2.27,Wygrali goście
181,25 Paź 2020,17:30,20/21,Lech Poznań,1,1,Cracovia,1.63,4.26,5.24,Remis
182,25 Paź 2020,15:00,20/21,Raków Częstochowa,2,1,Stal Mielec,1.40,5.07,7.93,Wygrali gospodarze
183,24 Paź 2020,20:00,20/21,Pogoń Szczecin,0,0,Legia Warszawa,3.88,3.35,2.07,Remis
184,24 Paź 2020,17:30,20/21,Śląsk Wrocław,1,0,Jagiellonia Białystok,2.31,3.45,3.14,Wygrali gospodarze
185,24 Paź 2020,15:00,20/21,Wisła Kraków,3,0,Podbeskidzie B-B,1.70,4.09,4.79,Wygrali gospodarze
186,23 Paź 2020,20:30,20/21,Zagłębie Lubin,1,1,Lechia Gdańsk,2.32,3.53,3.08,Remis
187,23 Paź 2020,18:00,20/21,Piast Gliwice,2,2,Wisła Płock,1.98,3.40,4.16,Remis
188,21 Paź 2020,18:00,20/21,Legia Warszawa,2,1,Śląsk Wrocław,1.71,3.92,5.02,Wygrali gospodarze
189,19 Paź 2020,20:30,20/21,Lechia Gdańsk,0,1,Pogoń Szczecin,2.43,3.32,3.05,Wygrali goście
190,19 Paź 2020,18:00,20/21,Podbeskidzie B-B,1,2,Warta Poznań,2.56,3.31,2.91,Wygrali goście
191,18 Paź 2020,17:30,20/21,Legia Warszawa,2,1,Zagłębie Lubin,1.73,3.99,4.80,Wygrali gospodarze
192,18 Paź 2020,15:00,20/21,Stal Mielec,0,6,Wisła Kraków,3.04,3.40,2.43,Wygrali goście
193,18 Paź 2020,12:30,20/21,Wisła Płock,1,0,Śląsk Wrocław,3.13,3.27,2.42,Wygrali gospodarze
194,17 Paź 2020,20:00,20/21,Jagiellonia Białystok,2,1,Lech Poznań,4.54,4.02,1.76,Wygrali gospodarze
195,17 Paź 2020,17:30,20/21,Górnik Zabrze,1,3,Raków Częstochowa,2.79,3.38,2.60,Wygrali goście
196,17 Paź 2020,15:00,20/21,Cracovia,1,0,Piast Gliwice,2.54,3.33,2.91,Wygrali gospodarze
197,04 Paź 2020,17:30,20/21,Piast Gliwice,1,4,Lech Poznań,3.07,3.42,2.40,Wygrali goście
198,03 Paź 2020,20:00,20/21,Zagłębie Lubin,2,0,Górnik Zabrze,2.44,3.32,3.06,Wygrali gospodarze
199,03 Paź 2020,15:00,20/21,Podbeskidzie B-B,1,0,Stal Mielec,2.45,3.47,2.92,Wygrali gospodarze
200,02 Paź 2020,20:30,20/21,Śląsk Wrocław,3,1,Cracovia,2.34,3.41,3.14,Wygrali gospodarze
201,02 Paź 2020,18:00,20/21,Raków Częstochowa,3,0,Wisła Płock,1.69,3.94,5.14,Wygrali gospodarze
202,28 Wrz 2020,18:00,20/21,Stal Mielec,3,2,Piast Gliwice,3.48,3.52,2.19,Wygrali gospodarze
203,26 Wrz 2020,20:00,20/21,Jagiellonia Białystok,0,1,Zagłębie Lubin,2.41,3.49,2.96,Wygrali goście
204,26 Wrz 2020,17:30,20/21,Lechia Gdańsk,4,0,Podbeskidzie B-B,1.73,3.99,4.82,Wygrali gospodarze
205,26 Wrz 2020,15:00,20/21,Cracovia,2,2,Raków Częstochowa,3.00,3.39,2.47,Remis
206,25 Wrz 2020,20:30,20/21,Górnik Zabrze,0,0,Wisła Kraków,1.63,4.22,5.49,Remis
207,25 Wrz 2020,18:00,20/21,Wisła Płock,1,3,Warta Poznań,2.03,3.38,4.12,Wygrali goście
208,21 Wrz 2020,18:00,20/21,Piast Gliwice,0,1,Jagiellonia Białystok,2.12,3.56,3.61,Wygrali goście
209,20 Wrz 2020,17:30,20/21,Lech Poznań,1,0,Warta Poznań,1.52,4.53,6.43,Wygrali gospodarze
210,20 Wrz 2020,15:00,20/21,Zagłębie Lubin,1,1,Cracovia,2.28,3.48,3.18,Remis
211,19 Wrz 2020,20:00,20/21,Legia Warszawa,1,3,Górnik Zabrze,1.63,4.13,5.42,Wygrali goście
212,19 Wrz 2020,17:30,20/21,Pogoń Szczecin,1,0,Śląsk Wrocław,2.38,3.32,3.14,Wygrali gospodarze
213,19 Wrz 2020,15:00,20/21,Lechia Gdańsk,4,2,Stal Mielec,2.19,3.51,3.37,Wygrali gospodarze
214,18 Wrz 2020,20:30,20/21,Wisła Kraków,0,3,Wisła Płock,2.22,3.46,3.37,Wygrali goście
215,18 Wrz 2020,18:00,20/21,Podbeskidzie B-B,1,4,Raków Częstochowa,3.63,3.61,2.06,Wygrali goście
216,14 Wrz 2020,18:00,20/21,Raków Częstochowa,2,1,Zagłębie Lubin,2.04,3.70,3.58,Wygrali gospodarze
217,13 Wrz 2020,17:30,20/21,Górnik Zabrze,3,0,Lechia Gdańsk,1.97,3.68,3.92,Wygrali gospodarze
218,13 Wrz 2020,15:00,20/21,Pogoń Szczecin,2,2,Wisła Kraków,2.07,3.48,3.79,Remis
219,12 Wrz 2020,20:00,20/21,Śląsk Wrocław,3,3,Lech Poznań,3.13,3.47,2.31,Remis
220,12 Wrz 2020,17:30,20/21,Warta Poznań,0,0,Piast Gliwice,3.46,3.40,2.20,Remis
221,12 Wrz 2020,15:00,20/21,Cracovia,1,1,Stal Mielec,1.86,3.79,4.24,Remis
222,11 Wrz 2020,20:30,20/21,Wisła Płock,0,1,Legia Warszawa,5.44,4.18,1.63,Wygrali goście
223,11 Wrz 2020,18:00,20/21,Jagiellonia Białystok,2,2,Podbeskidzie B-B,1.96,3.72,3.86,Remis
224,30 Sie 2020,17:30,20/21,Lech Poznań,2,2,Wisła Płock,1.43,4.90,7.98,Remis
225,30 Sie 2020,15:00,20/21,Podbeskidzie B-B,2,2,Cracovia,3.18,3.37,2.39,Remis
226,30 Sie 2020,12:30,20/21,Piast Gliwice,0,1,Pogoń Szczecin,2.17,3.28,3.71,Wygrali goście
227,29 Sie 2020,20:00,20/21,Legia Warszawa,1,2,Jagiellonia Białystok,1.55,4.35,6.18,Wygrali goście
228,29 Sie 2020,17:30,20/21,Wisła Kraków,1,3,Śląsk Wrocław,2.59,3.21,2.99,Wygrali goście
229,29 Sie 2020,15:00,20/21,Lechia Gdańsk,1,3,Raków Częstochowa,2.82,3.38,2.63,Wygrali goście
230,28 Sie 2020,20:30,20/21,Stal Mielec,0,2,Górnik Zabrze,2.88,3.56,2.48,Wygrali goście
231,28 Sie 2020,18:00,20/21,Zagłębie Lubin,1,0,Warta Poznań,1.79,3.85,4.58,Wygrali gospodarze
232,24 Sie 2020,18:00,20/21,Jagiellonia Białystok,1,1,Wisła Kraków,2.32,3.47,3.24,Remis
233,23 Sie 2020,17:30,20/21,Górnik Zabrze,4,2,Podbeskidzie B-B,2.01,3.60,3.88,Wygrali gospodarze
234,23 Sie 2020,15:00,20/21,Warta Poznań,0,1,Lechia Gdańsk,3.38,3.46,2.24,Wygrali goście
235,23 Sie 2020,12:30,20/21,Wisła Płock,1,1,Stal Mielec,2.28,3.45,3.28,Remis
236,22 Sie 2020,20:00,20/21,Raków Częstochowa,1,2,Legia Warszawa,3.86,3.66,2.04,Wygrali goście
237,22 Sie 2020,17:30,20/21,Śląsk Wrocław,2,0,Piast Gliwice,2.79,3.25,2.78,Wygrali gospodarze
238,22 Sie 2020,15:00,20/21,Cracovia,2,1,Pogoń Szczecin,2.18,3.44,3.59,Wygrali gospodarze
239,21 Sie 2020,18:00,20/21,Zagłębie Lubin,2,1,Lech Poznań,3.34,3.58,2.21,Wygrali gospodarze
