﻿,Data,Godzina,Sezon,Gospodarze,Gole_gospodarze,Gole_goście,Goście,Oddsy_gospodarze,Oddsy_remis,Oddsy_goście,Kto_wygrał
0,20 Maj 2018 - Grupa mistrzowska,18:00,17/18,Górnik Zabrze,2,0,Wisła Kraków,2.30,3.25,3.10,Wygrali gospodarze
1,20 Maj 2018 - Grupa mistrzowska,18:00,17/18,Jagiellonia Białystok,2,1,Wisła Płock,1.72,3.80,4.55,Wygrali gospodarze
2,20 Maj 2018 - Grupa mistrzowska,18:00,17/18,Korona Kielce,0,2,Zagłębie Lubin,2.36,3.20,2.95,Wygrali goście
3,19 Maj 2018,18:00,17/18,Arka Gdynia,0,1,Śląsk Wrocław,2.16,3.20,3.45,
4,19 Maj 2018,18:00,17/18,Cracovia,1,4,Pogoń Szczecin,1.95,3.50,3.55,Wygrali goście
5,19 Maj 2018,18:00,17/18,Lechia Gdańsk,1,1,Sandecja Nowy Sącz,1.65,3.75,5.10,Remis
6,19 Maj 2018,18:00,17/18,Piast Gliwice,4,0,Bruk-Bet T.,1.97,3.30,3.85,Wygrali gospodarze
7,13 Maj 2018,18:00,17/18,Legia Warszawa,2,0,Górnik Zabrze,1.72,3.90,4.40,Wygrali gospodarze
8,13 Maj 2018,18:00,17/18,Wisła Kraków,1,1,Lech Poznań,2.96,3.30,2.30,Remis
9,13 Maj 2018,18:00,17/18,Wisła Płock,4,1,Korona Kielce,1.80,3.40,4.55,Wygrali gospodarze
10,13 Maj 2018,18:00,17/18,Zagłębie Lubin,1,2,Jagiellonia Białystok,4.00,3.50,1.87,Wygrali goście
11,12 Maj 2018,15:30,17/18,Bruk-Bet T.,2,1,Arka Gdynia,1.72,3.85,4.40,Wygrali gospodarze
12,12 Maj 2018,15:30,17/18,Pogoń Szczecin,1,1,Lechia Gdańsk,2.20,3.40,3.05,Remis
13,12 Maj 2018,15:30,17/18,Sandecja Nowy Sącz,0,1,Cracovia,2.25,3.15,3.20,Wygrali goście
14,12 Maj 2018,15:30,17/18,Śląsk Wrocław,3,1,Piast Gliwice,2.60,3.30,2.62,Wygrali gospodarze
15,09 Maj 2018,20:30,17/18,Lech Poznań,0,2,Jagiellonia Białystok,1.86,3.50,4.15,Wygrali goście
16,09 Maj 2018,20:30,17/18,Wisła Kraków,3,0,Zagłębie Lubin,1.95,3.40,3.75,Wygrali gospodarze
17,09 Maj 2018,18:00,17/18,Górnik Zabrze,2,2,Korona Kielce,1.90,3.60,3.70,Remis
18,09 Maj 2018,18:00,17/18,Legia Warszawa,3,2,Wisła Płock,1.62,3.60,5.50,Wygrali gospodarze
19,08 Maj 2018,20:30,17/18,Arka Gdynia,2,0,Cracovia,2.76,3.20,2.50,Wygrali gospodarze
20,08 Maj 2018,20:30,17/18,Śląsk Wrocław,2,0,Pogoń Szczecin,2.97,3.30,2.36,Wygrali gospodarze
21,08 Maj 2018,18:00,17/18,Bruk-Bet T.,1,1,Sandecja Nowy Sącz,2.10,3.40,3.35,Remis
22,08 Maj 2018,18:00,17/18,Piast Gliwice,0,2,Lechia Gdańsk,2.20,3.20,3.15,Wygrali goście
23,06 Maj 2018,18:00,17/18,Jagiellonia Białystok,0,0,Legia Warszawa,2.76,3.20,2.57,Remis
24,06 Maj 2018,15:30,17/18,Korona Kielce,0,3,Wisła Kraków,2.26,3.25,3.20,Wygrali goście
25,06 Maj 2018,15:30,17/18,Zagłębie Lubin,0,2,Górnik Zabrze,2.37,3.25,2.90,Wygrali goście
26,05 Maj 2018,20:30,17/18,Wisła Płock,0,0,Lech Poznań,3.10,3.30,2.22,Remis
27,05 Maj 2018,18:00,17/18,Pogoń Szczecin,3,2,Arka Gdynia,1.62,3.85,5.20,Wygrali gospodarze
28,05 Maj 2018,15:30,17/18,Sandecja Nowy Sącz,2,1,Piast Gliwice,3.30,3.25,2.20,Wygrali gospodarze
29,04 Maj 2018,20:30,17/18,Lechia Gdańsk,0,1,Bruk-Bet T.,1.76,3.70,4.45,Wygrali goście
30,04 Maj 2018,18:00,17/18,Cracovia,3,3,Śląsk Wrocław,2.20,3.20,3.30,Remis
31,30 Kwi 2018,18:00,17/18,Śląsk Wrocław,3,1,Lechia Gdańsk,2.57,3.15,2.82,Wygrali gospodarze
32,29 Kwi 2018,18:00,17/18,Jagiellonia Białystok,0,1,Wisła Kraków,1.65,3.75,5.20,Wygrali goście
33,29 Kwi 2018,15:30,17/18,Cracovia,4,2,Bruk-Bet T.,2.11,3.35,3.45,Wygrali gospodarze
34,28 Kwi 2018,20:30,17/18,Lech Poznań,2,4,Górnik Zabrze,1.42,4.60,7.00,Wygrali goście
35,28 Kwi 2018,18:00,17/18,Pogoń Szczecin,2,0,Sandecja Nowy Sącz,1.58,3.90,5.70,Wygrali gospodarze
36,28 Kwi 2018,15:30,17/18,Wisła Płock,1,2,Zagłębie Lubin,2.00,3.35,3.75,Wygrali goście
37,27 Kwi 2018,20:30,17/18,Legia Warszawa,3,1,Korona Kielce,1.53,4.10,6.50,Wygrali gospodarze
38,27 Kwi 2018,18:00,17/18,Arka Gdynia,1,5,Piast Gliwice,2.70,3.10,2.70,Wygrali goście
39,23 Kwi 2018,18:00,17/18,Lechia Gdańsk,0,0,Cracovia,2.10,3.25,3.55,Remis
40,22 Kwi 2018,18:00,17/18,Wisła Kraków,0,1,Legia Warszawa,-,-,-,Wygrali goście
41,22 Kwi 2018,15:30,17/18,Sandecja Nowy Sącz,3,1,Arka Gdynia,-,-,-,Wygrali gospodarze
42,21 Kwi 2018,20:30,17/18,Korona Kielce,0,3,Jagiellonia Białystok,-,-,-,Wygrali goście
43,21 Kwi 2018,18:00,17/18,Górnik Zabrze,0,1,Wisła Płock,-,-,-,Wygrali goście
44,21 Kwi 2018,15:30,17/18,Piast Gliwice,0,0,Pogoń Szczecin,-,-,-,Remis
45,20 Kwi 2018,20:30,17/18,Zagłębie Lubin,0,1,Lech Poznań,-,-,-,Wygrali goście
46,20 Kwi 2018,18:00,17/18,Bruk-Bet T.,1,2,Śląsk Wrocław,-,-,-,Wygrali goście
47,16 Kwi 2018,18:00,17/18,Wisła Płock,2,2,Wisła Kraków,2.05,3.30,3.65,Remis
48,15 Kwi 2018,18:00,17/18,Śląsk Wrocław,1,0,Sandecja Nowy Sącz,1.87,3.50,4.00,Wygrali gospodarze
49,15 Kwi 2018 - Grupa spadkowa,15:30,17/18,Pogoń Szczecin,2,0,Bruk-Bet T.,1.68,3.75,4.95,Wygrali gospodarze
50,14 Kwi 2018,20:30,17/18,Legia Warszawa,0,1,Zagłębie Lubin,1.50,3.90,7.20,Wygrali goście
51,14 Kwi 2018,18:00,17/18,Jagiellonia Białystok,1,2,Górnik Zabrze,1.68,3.80,5.00,Wygrali goście
52,14 Kwi 2018,15:30,17/18,Cracovia,2,1,Piast Gliwice,2.42,3.20,3.00,Wygrali gospodarze
53,13 Kwi 2018,20:30,17/18,Lech Poznań,0,1,Korona Kielce,1.47,4.20,7.20,Wygrali goście
54,13 Kwi 2018,18:00,17/18,Arka Gdynia,1,2,Lechia Gdańsk,2.65,3.05,2.80,Wygrali goście
55,07 Kwi 2018,18:00,17/18,Cracovia,2,2,Zagłębie Lubin,2.70,3.10,2.70,Remis
56,07 Kwi 2018,18:00,17/18,Jagiellonia Białystok,1,3,Wisła Płock,1.77,3.55,4.60,Wygrali goście
57,07 Kwi 2018,18:00,17/18,Lech Poznań,3,1,Górnik Zabrze,1.42,4.60,7.00,Wygrali gospodarze
58,07 Kwi 2018,18:00,17/18,Lechia Gdańsk,4,2,Arka Gdynia,2.25,3.25,3.20,Wygrali gospodarze
59,07 Kwi 2018,18:00,17/18,Legia Warszawa,3,0,Pogoń Szczecin,1.75,3.60,4.65,Wygrali gospodarze
60,07 Kwi 2018,18:00,17/18,Piast Gliwice,1,1,Bruk-Bet T.,1.92,3.35,4.10,Remis
61,07 Kwi 2018,18:00,17/18,Sandecja Nowy Sącz,0,0,Wisła Kraków,3.90,3.40,1.95,Remis
62,07 Kwi 2018,18:00,17/18,Śląsk Wrocław,1,1,Korona Kielce,2.35,3.30,2.98,Remis
63,02 Kwi 2018,18:00,17/18,Pogoń Szczecin,3,2,Śląsk Wrocław,1.85,3.40,4.25,Wygrali gospodarze
64,02 Kwi 2018,18:00,17/18,Wisła Kraków,1,3,Lech Poznań,2.60,3.10,2.80,Wygrali goście
65,02 Kwi 2018,15:30,17/18,Wisła Płock,1,0,Piast Gliwice,2.12,3.25,3.40,Wygrali gospodarze
66,02 Kwi 2018,15:30,17/18,Zagłębie Lubin,1,0,Jagiellonia Białystok,2.72,3.10,2.60,Wygrali gospodarze
67,31 Mar 2018,20:30,17/18,Arka Gdynia,1,0,Legia Warszawa,3.25,3.20,2.26,Wygrali gospodarze
68,31 Mar 2018,18:00,17/18,Korona Kielce,1,0,Lechia Gdańsk,1.95,3.35,3.85,Wygrali gospodarze
69,31 Mar 2018,15:30,17/18,Górnik Zabrze,2,2,Sandecja Nowy Sącz,1.60,3.70,5.70,Remis
70,31 Mar 2018,15:30,17/18,Bruk-Bet T.,2,0,Cracovia,2.90,3.25,2.45,Wygrali gospodarze
71,18 Mar 2018,18:00,17/18,Legia Warszawa,0,2,Wisła Kraków,1.75,3.70,4.40,Wygrali goście
72,18 Mar 2018,15:30,17/18,Cracovia,2,1,Sandecja Nowy Sącz,1.58,3.80,6.00,Wygrali gospodarze
73,18 Mar 2018,15:30,17/18,Śląsk Wrocław,1,1,Wisła Płock,2.65,3.15,2.72,Remis
74,17 Mar 2018,20:30,17/18,Korona Kielce,2,2,Górnik Zabrze,2.05,3.30,3.50,Remis
75,17 Mar 2018,18:00,17/18,Jagiellonia Białystok,3,2,Arka Gdynia,1.62,3.75,5.40,Wygrali gospodarze
76,17 Mar 2018,15:30,17/18,Bruk-Bet T.,2,4,Pogoń Szczecin,3.10,3.20,2.32,Wygrali goście
77,16 Mar 2018,20:30,17/18,Lech Poznań,3,0,Lechia Gdańsk,1.50,4.00,7.00,Wygrali gospodarze
78,16 Mar 2018,18:00,17/18,Piast Gliwice,0,0,Zagłębie Lubin,2.35,3.15,3.05,Remis
79,12 Mar 2018,18:00,17/18,Arka Gdynia,4,0,Bruk-Bet T.,2.02,3.25,3.85,Wygrali gospodarze
80,11 Mar 2018,18:00,17/18,Lechia Gdańsk,1,3,Legia Warszawa,3.10,3.00,2.32,Wygrali goście
81,11 Mar 2018,15:30,17/18,Lech Poznań,5,1,Jagiellonia Białystok,2.22,3.22,3.25,Wygrali gospodarze
82,10 Mar 2018,20:30,17/18,Wisła Płock,2,0,Korona Kielce,2.15,3.25,3.30,Wygrali gospodarze
83,10 Mar 2018,18:00,17/18,Pogoń Szczecin,0,3,Cracovia,1.77,3.50,4.80,Wygrali goście
84,10 Mar 2018,15:30,17/18,Sandecja Nowy Sącz,0,3,Piast Gliwice,3.15,3.20,2.30,Wygrali goście
85,09 Mar 2018,20:30,17/18,Wisła Kraków,3,1,Śląsk Wrocław,1.80,3.47,4.65,Wygrali gospodarze
86,09 Mar 2018,18:00,17/18,Górnik Zabrze,2,2,Zagłębie Lubin,2.20,3.25,3.45,Remis
87,05 Mar 2018,18:00,17/18,Jagiellonia Białystok,2,0,Wisła Kraków,1.67,3.65,5.10,Wygrali gospodarze
88,04 Mar 2018,18:00,17/18,Legia Warszawa,2,1,Lech Poznań,2.20,3.20,3.40,Wygrali gospodarze
89,04 Mar 2018,15:30,17/18,Cracovia,2,1,Arka Gdynia,2.22,3.20,3.30,Wygrali gospodarze
90,04 Mar 2018,18:00,17/18,Korona Kielce,0,0,Pogoń Szczecin,2.27,3.20,3.10,
91,04 Mar 2018,15:30,17/18,Śląsk Wrocław,0,0,Sandecja Nowy Sącz,1.87,3.50,4.20,Remis
92,02 Mar 2018,20:30,17/18,Zagłębie Lubin,0,0,Lechia Gdańsk,2.05,3.25,3.75,Remis
93,02 Mar 2018,18:00,17/18,Bruk-Bet T.,1,2,Wisła Płock,2.66,3.10,2.65,Wygrali goście
94,28 Lut 2018,20:30,17/18,Arka Gdynia,0,0,Piast Gliwice,2.16,3.25,3.35,Remis
95,28 Lut 2018,20:30,17/18,Lech Poznań,2,1,Śląsk Wrocław,1.48,4.15,7.20,Wygrali gospodarze
96,28 Lut 2018,18:00,17/18,Górnik Zabrze,0,0,Pogoń Szczecin,2.20,3.30,3.20,Remis
97,28 Lut 2018,18:00,17/18,Wisła Kraków,1,1,Korona Kielce,2.55,3.25,2.72,Remis
98,27 Lut 2018,20:30,17/18,Legia Warszawa,0,2,Jagiellonia Białystok,1.92,3.35,4.00,Wygrali goście
99,27 Lut 2018,20:30,17/18,Sandecja Nowy Sącz,0,1,Zagłębie Lubin,3.45,3.20,2.17,Wygrali goście
100,27 Lut 2018,18:00,17/18,Lechia Gdańsk,2,2,Bruk-Bet T.,1.85,3.40,4.25,Remis
101,27 Lut 2018,18:00,17/18,Wisła Płock,0,1,Cracovia,1.85,3.35,4.35,Wygrali goście
102,25 Lut 2018,18:00,17/18,Korona Kielce,1,0,Lech Poznań,2.96,3.20,2.40,Wygrali gospodarze
103,25 Lut 2018,15:30,17/18,Piast Gliwice,0,0,Wisła Kraków,2.58,3.20,2.75,Remis
104,25 Lut 2018,15:30,17/18,Śląsk Wrocław,1,1,Górnik Zabrze,2.45,3.35,2.80,Remis
105,24 Lut 2018,20:30,17/18,Cracovia,0,0,Legia Warszawa,4.35,3.40,1.85,Remis
106,24 Lut 2018,18:00,17/18,Pogoń Szczecin,2,1,Wisła Płock,2.02,3.40,3.65,Wygrali gospodarze
107,24 Lut 2018,15:30,17/18,Bruk-Bet T.,1,0,Sandecja Nowy Sącz,1.96,3.30,4.00,Wygrali gospodarze
108,23 Lut 2018,20:30,17/18,Jagiellonia Białystok,4,1,Lechia Gdańsk,1.95,3.25,4.10,Wygrali gospodarze
109,23 Lut 2018,18:00,17/18,Zagłębie Lubin,0,0,Arka Gdynia,2.00,3.25,4.10,Remis
110,19 Lut 2018,18:00,17/18,Górnik Zabrze,3,0,Bruk-Bet T.,1.77,3.70,4.35,Wygrali gospodarze
111,18 Lut 2018,18:00,17/18,Lech Poznań,2,0,Pogoń Szczecin,1.77,3.40,4.65,Wygrali gospodarze
112,18 Lut 2018,15:30,17/18,Lechia Gdańsk,0,2,Piast Gliwice,1.72,3.65,4.95,Wygrali goście
113,17 Lut 2018,20:30,17/18,Wisła Kraków,3,2,Arka Gdynia,2.12,3.25,3.65,Wygrali gospodarze
114,17 Lut 2018,18:00,17/18,Jagiellonia Białystok,1,0,Cracovia,1.70,3.65,5.00,Wygrali gospodarze
115,17 Lut 2018,15:30,17/18,Wisła Płock,2,0,Zagłębie Lubin,2.22,3.25,3.35,Wygrali gospodarze
116,16 Lut 2018,20:30,17/18,Legia Warszawa,4,1,Śląsk Wrocław,1.40,4.30,8.00,Wygrali gospodarze
117,16 Lut 2018,18:00,17/18,Sandecja Nowy Sącz,3,3,Korona Kielce,3.60,3.40,2.05,Remis
118,12 Lut 2018,18:00,17/18,Piast Gliwice,0,2,Jagiellonia Białystok,3.05,3.15,2.40,Wygrali goście
119,11 Lut 2018,18:00,17/18,Arka Gdynia,0,0,Lech Poznań,4.05,3.15,2.05,Remis
120,11 Lut 2018,15:30,17/18,Bruk-Bet T.,0,3,Korona Kielce,2.68,3.15,2.60,Wygrali goście
121,10 Lut 2018,20:30,17/18,Lechia Gdańsk,1,1,Wisła Kraków,2.15,3.25,3.55,Remis
122,10 Lut 2018,18:00,17/18,Cracovia,2,1,Śląsk Wrocław,2.20,3.25,3.45,Wygrali gospodarze
123,10 Lut 2018,15:30,17/18,Pogoń Szczecin,4,1,Sandecja Nowy Sącz,1.62,3.75,5.90,Wygrali gospodarze
124,09 Lut 2018,20:30,17/18,Zagłębie Lubin,2,3,Legia Warszawa,3.20,3.20,2.35,Wygrali goście
125,09 Lut 2018,18:00,17/18,Wisła Płock,4,2,Górnik Zabrze,2.44,3.30,2.85,Wygrali gospodarze
126,18 Gru 2017,18:00,17/18,Górnik Zabrze,0,4,Cracovia,1.71,3.70,4.70,Wygrali goście
127,17 Gru 2017,18:00,17/18,Wisła Kraków,1,2,Zagłębie Lubin,2.32,3.20,3.20,Wygrali goście
128,17 Gru 2017,15:30,17/18,Lech Poznań,3,1,Bruk-Bet T.,1.52,4.10,6.60,Wygrali gospodarze
129,16 Gru 2017,20:30,17/18,Legia Warszawa,0,2,Wisła Płock,1.65,3.65,5.80,Wygrali goście
130,16 Gru 2017,18:00,17/18,Sandecja Nowy Sącz,2,2,Lechia Gdańsk,3.45,3.25,2.20,Remis
131,16 Gru 2017,15:30,17/18,Pogoń Szczecin,1,0,Arka Gdynia,1.96,3.20,4.35,Wygrali gospodarze
132,15 Gru 2017,20:30,17/18,Śląsk Wrocław,1,0,Jagiellonia Białystok,3.35,3.15,2.30,Wygrali gospodarze
133,15 Gru 2017,18:00,17/18,Korona Kielce,1,1,Piast Gliwice,1.81,3.60,4.50,Remis
134,13 Gru 2017,20:30,17/18,Cracovia,1,4,Wisła Kraków,2.50,3.15,2.85,Wygrali goście
135,13 Gru 2017,20:30,17/18,Wisła Płock,2,2,Sandecja Nowy Sącz,1.76,3.45,4.75,Remis
136,13 Gru 2017,18:00,17/18,Lechia Gdańsk,1,3,Pogoń Szczecin,2.01,3.35,3.60,Wygrali goście
137,13 Gru 2017,18:00,17/18,Zagłębie Lubin,0,0,Lech Poznań,2.75,3.15,2.55,Remis
138,12 Gru 2017,20:30,17/18,Arka Gdynia,1,0,Górnik Zabrze,2.55,3.20,2.70,Wygrali gospodarze
139,12 Gru 2017,20:30,17/18,Bruk-Bet T.,2,1,Śląsk Wrocław,2.42,3.20,2.90,Wygrali gospodarze
140,12 Gru 2017,18:00,17/18,Jagiellonia Białystok,5,1,Korona Kielce,2.07,3.25,3.55,Wygrali gospodarze
141,12 Gru 2017,18:00,17/18,Piast Gliwice,0,1,Legia Warszawa,4.15,3.60,1.82,Wygrali goście
142,10 Gru 2017,18:00,17/18,Lech Poznań,1,0,Cracovia,1.57,3.75,6.50,Wygrali gospodarze
143,10 Gru 2017,15:30,17/18,Pogoń Szczecin,3,3,Zagłębie Lubin,2.18,3.20,3.15,Remis
144,10 Gru 2017,15:30,17/18,Wisła Kraków,0,1,Wisła Płock,2.00,3.30,3.85,Wygrali goście
145,09 Gru 2017,20:30,17/18,Legia Warszawa,3,0,Bruk-Bet T.,1.47,4.25,7.15,Wygrali gospodarze
146,09 Gru 2017,18:00,17/18,Korona Kielce,0,3,Arka Gdynia,1.80,3.40,4.65,Wygrali goście
147,09 Gru 2017,15:30,17/18,Śląsk Wrocław,2,2,Piast Gliwice,1.80,3.45,4.60,Remis
148,08 Gru 2017,20:30,17/18,Górnik Zabrze,1,1,Lechia Gdańsk,2.20,3.25,3.30,Remis
149,08 Gru 2017,18:00,17/18,Sandecja Nowy Sącz,0,1,Jagiellonia Białystok,3.15,3.20,2.36,Wygrali goście
150,04 Gru 2017,18:00,17/18,Cracovia,2,2,Korona Kielce,3.10,3.15,2.37,Remis
151,03 Gru 2017,18:00,17/18,Wisła Kraków,2,3,Górnik Zabrze,2.35,3.30,3.10,Wygrali goście
152,03 Gru 2017,15:30,17/18,Piast Gliwice,0,0,Lech Poznań,4.05,3.25,1.97,Remis
153,02 Gru 2017,20:30,17/18,Sandecja Nowy Sącz,2,2,Legia Warszawa,5.20,3.45,1.75,Remis
154,02 Gru 2017,18:00,17/18,Zagłębie Lubin,4,2,Bruk-Bet T.,1.85,3.25,4.90,Wygrali gospodarze
155,02 Gru 2017,15:30,17/18,Wisła Płock,2,0,Arka Gdynia,2.40,3.10,3.20,Wygrali gospodarze
156,01 Gru 2017,20:30,17/18,Lechia Gdańsk,3,1,Śląsk Wrocław,2.12,3.40,3.55,Wygrali gospodarze
157,01 Gru 2017,18:00,17/18,Jagiellonia Białystok,1,0,Pogoń Szczecin,2.02,3.40,3.85,Wygrali gospodarze
158,27 Lis 2017,18:00,17/18,Bruk-Bet T.,3,3,Wisła Kraków,3.10,3.10,2.45,Remis
159,26 Lis 2017,18:00,17/18,Śląsk Wrocław,1,0,Zagłębie Lubin,2.92,3.15,2.55,Wygrali gospodarze
160,26 Lis 2017,15:30,17/18,Lech Poznań,2,1,Wisła Płock,1.58,3.80,6.15,Wygrali gospodarze
161,25 Lis 2017,20:30,17/18,Korona Kielce,3,2,Legia Warszawa,3.25,3.27,2.25,Wygrali gospodarze
162,25 Lis 2017,18:00,17/18,Arka Gdynia,5,0,Sandecja Nowy Sącz,2.02,3.25,3.90,Wygrali gospodarze
163,25 Lis 2017,16:00,17/18,Pogoń Szczecin,2,2,Piast Gliwice,1.80,3.50,4.75,Remis
164,24 Lis 2017,20:30,17/18,Górnik Zabrze,3,1,Jagiellonia Białystok,2.35,3.15,3.25,Wygrali gospodarze
165,24 Lis 2017,18:00,17/18,Cracovia,2,1,Lechia Gdańsk,3.05,3.10,2.50,Wygrali gospodarze
166,20 Lis 2017,18:00,17/18,Zagłębie Lubin,0,0,Korona Kielce,2.30,3.30,3.00,Remis
167,19 Lis 2017,18:00,17/18,Legia Warszawa,1,0,Górnik Zabrze,1.75,3.73,4.55,Wygrali gospodarze
168,19 Lis 2017,15:30,17/18,Śląsk Wrocław,1,2,Arka Gdynia,2.30,3.20,3.25,Wygrali goście
169,18 Lis 2017,20:30,17/18,Lechia Gdańsk,3,0,Wisła Płock,1.92,3.40,4.15,Wygrali gospodarze
170,18 Lis 2017,18:00,17/18,Sandecja Nowy Sącz,0,0,Lech Poznań,5.30,3.40,1.75,Remis
171,18 Lis 2017,15:30,17/18,Piast Gliwice,1,0,Cracovia,2.35,3.25,3.15,Wygrali gospodarze
172,17 Lis 2017,20:30,17/18,Wisła Kraków,1,0,Pogoń Szczecin,2.25,3.25,3.35,Wygrali gospodarze
173,17 Lis 2017,18:00,17/18,Jagiellonia Białystok,0,0,Bruk-Bet T.,1.70,3.75,5.10,Remis
174,05 Lis 2017,18:00,17/18,Pogoń Szczecin,1,3,Legia Warszawa,3.35,3.30,2.20,Wygrali goście
175,05 Lis 2017,15:30,17/18,Bruk-Bet T.,2,1,Piast Gliwice,2.25,3.25,3.30,Wygrali gospodarze
176,05 Lis 2017,15:30,17/18,Zagłębie Lubin,1,2,Cracovia,1.75,3.60,4.90,Wygrali goście
177,04 Lis 2017,20:30,17/18,Górnik Zabrze,3,1,Lech Poznań,3.20,3.30,2.25,Wygrali gospodarze
178,04 Lis 2017,18:00,17/18,Wisła Kraków,3,0,Sandecja Nowy Sącz,1.90,3.40,4.30,Wygrali gospodarze
179,04 Lis 2017,15:30,17/18,Wisła Płock,1,2,Jagiellonia Białystok,2.80,3.15,2.65,Wygrali goście
180,03 Lis 2017,20:30,17/18,Arka Gdynia,0,1,Lechia Gdańsk,2.72,3.15,2.75,Wygrali goście
181,03 Lis 2017,18:00,17/18,Korona Kielce,3,0,Śląsk Wrocław,2.22,3.30,3.35,Wygrali gospodarze
182,30 Paź 2017,18:00,17/18,Lechia Gdańsk,0,5,Korona Kielce,2.00,3.40,3.70,Wygrali goście
183,29 Paź 2017,18:00,17/18,Legia Warszawa,2,0,Arka Gdynia,1.55,4.00,6.40,Wygrali gospodarze
184,29 Paź 2017,15:30,17/18,Jagiellonia Białystok,3,1,Zagłębie Lubin,2.10,3.25,3.70,Wygrali gospodarze
185,28 Paź 2017,20:30,17/18,Sandecja Nowy Sącz,1,2,Górnik Zabrze,2.92,3.15,2.55,Wygrali goście
186,28 Paź 2017,18:00,17/18,Cracovia,1,1,Bruk-Bet T.,2.25,3.20,3.40,Remis
187,28 Paź 2017,15:30,17/18,Piast Gliwice,2,1,Wisła Płock,2.55,3.20,2.87,Wygrali gospodarze
188,27 Paź 2017,20:30,17/18,Lech Poznań,1,1,Wisła Kraków,1.82,3.60,4.45,Remis
189,27 Paź 2017,18:00,17/18,Śląsk Wrocław,3,0,Pogoń Szczecin,2.32,3.20,3.25,Wygrali gospodarze
190,23 Paź 2017,18:00,17/18,Wisła Płock,4,1,Śląsk Wrocław,2.45,3.25,2.97,Wygrali gospodarze
191,22 Paź 2017,18:00,17/18,Wisła Kraków,0,1,Legia Warszawa,2.80,3.15,2.72,Wygrali goście
192,22 Paź 2017,15:30,17/18,Arka Gdynia,4,1,Jagiellonia Białystok,2.89,3.10,2.60,Wygrali gospodarze
193,21 Paź 2017,20:30,17/18,Lechia Gdańsk,3,3,Lech Poznań,2.78,3.10,2.70,Remis
194,21 Paź 2017,18:00,17/18,Pogoń Szczecin,2,3,Bruk-Bet T.,1.78,3.50,4.90,Wygrali goście
195,21 Paź 2017,15:30,17/18,Sandecja Nowy Sącz,1,1,Cracovia,2.50,3.10,3.10,Remis
196,20 Paź 2017,20:30,17/18,Górnik Zabrze,3,3,Korona Kielce,2.17,3.30,3.45,Remis
197,20 Paź 2017,18:00,17/18,Zagłębie Lubin,2,2,Piast Gliwice,1.63,3.75,5.80,Remis
198,16 Paź 2017,18:00,17/18,Cracovia,3,0,Pogoń Szczecin,2.60,3.10,2.76,Wygrali gospodarze
199,15 Paź 2017,18:00,17/18,Legia Warszawa,1,0,Lechia Gdańsk,1.83,3.55,4.28,Wygrali gospodarze
200,15 Paź 2017,15:30,17/18,Zagłębie Lubin,3,2,Górnik Zabrze,1.90,3.60,3.90,Wygrali gospodarze
201,14 Paź 2017,20:30,17/18,Śląsk Wrocław,0,2,Wisła Kraków,2.25,3.25,3.25,Wygrali goście
202,14 Paź 2017,18:00,17/18,Bruk-Bet T.,1,1,Arka Gdynia,2.65,3.10,2.85,Remis
203,14 Paź 2017,15:30,17/18,Piast Gliwice,2,2,Sandecja Nowy Sącz,2.15,3.20,3.55,Remis
204,13 Paź 2017,20:30,17/18,Jagiellonia Białystok,1,1,Lech Poznań,2.73,3.10,2.73,Remis
205,13 Paź 2017,18:00,17/18,Korona Kielce,2,0,Wisła Płock,2.15,3.25,3.50,Wygrali gospodarze
206,01 Paź 2017,18:00,17/18,Lech Poznań,3,0,Legia Warszawa,2.60,3.10,2.94,Wygrali gospodarze
207,01 Paź 2017,15:30,17/18,Górnik Zabrze,1,0,Piast Gliwice,1.85,3.60,4.35,Wygrali gospodarze
208,01 Paź 2017,15:30,17/18,Wisła Płock,1,0,Bruk-Bet T.,2.25,3.20,3.40,Wygrali gospodarze
209,30 Wrz 2017,20:30,17/18,Wisła Kraków,0,0,Jagiellonia Białystok,2.65,3.15,2.80,Remis
210,30 Wrz 2017,18:00,17/18,Pogoń Szczecin,0,0,Korona Kielce,2.40,3.20,3.00,Remis
211,30 Wrz 2017,15:30,17/18,Lechia Gdańsk,1,0,Zagłębie Lubin,2.40,3.20,3.00,Wygrali gospodarze
212,29 Wrz 2017,20:30,17/18,Arka Gdynia,1,1,Cracovia,2.07,3.35,3.55,Remis
213,29 Wrz 2017,18:00,17/18,Sandecja Nowy Sącz,1,1,Śląsk Wrocław,2.95,3.10,2.55,Remis
214,25 Wrz 2017,18:00,17/18,Cracovia,1,3,Wisła Płock,2.35,3.15,3.25,Wygrali goście
215,24 Wrz 2017,18:00,17/18,Jagiellonia Białystok,1,0,Legia Warszawa,2.80,3.15,2.75,Wygrali gospodarze
216,24 Wrz 2017,15:30,17/18,Zagłębie Lubin,1,0,Sandecja Nowy Sącz,1.75,3.60,5.20,Wygrali gospodarze
217,23 Wrz 2017,20:30,17/18,Korona Kielce,2,1,Wisła Kraków,2.50,3.10,3.05,Wygrali gospodarze
218,23 Wrz 2017,18:00,17/18,Pogoń Szczecin,1,2,Górnik Zabrze,2.35,3.30,3.10,Wygrali goście
219,23 Wrz 2017,15:30,17/18,Bruk-Bet T.,2,1,Lechia Gdańsk,2.76,3.20,2.65,Wygrali gospodarze
220,22 Wrz 2017,20:30,17/18,Śląsk Wrocław,2,0,Lech Poznań,3.00,3.20,2.50,Wygrali gospodarze
221,22 Wrz 2017,18:00,17/18,Piast Gliwice,0,1,Arka Gdynia,2.30,3.15,3.35,Wygrali goście
222,18 Wrz 2017,18:00,17/18,Lechia Gdańsk,3,3,Jagiellonia Białystok,2.22,3.15,3.45,Remis
223,17 Wrz 2017,18:00,17/18,Legia Warszawa,1,0,Cracovia,1.45,4.20,8.00,Wygrali gospodarze
224,17 Wrz 2017,15:30,17/18,Sandecja Nowy Sącz,1,0,Bruk-Bet T.,2.75,3.05,2.75,Wygrali gospodarze
225,16 Wrz 2017,20:30,17/18,Wisła Kraków,2,0,Piast Gliwice,1.80,3.55,4.65,Wygrali gospodarze
226,16 Wrz 2017,18:00,17/18,Górnik Zabrze,2,2,Śląsk Wrocław,2.30,3.15,3.35,Remis
227,16 Wrz 2017,15:30,17/18,Wisła Płock,3,1,Pogoń Szczecin,2.75,3.10,2.85,Wygrali gospodarze
228,15 Wrz 2017,20:30,17/18,Lech Poznań,1,0,Korona Kielce,1.70,4.00,4.65,Wygrali gospodarze
229,15 Wrz 2017,18:00,17/18,Arka Gdynia,1,1,Zagłębie Lubin,2.84,3.10,2.65,Remis
230,11 Wrz 2017,18:00,17/18,Piast Gliwice,1,2,Lechia Gdańsk,2.75,3.10,2.70,Wygrali goście
231,10 Wrz 2017,18:00,17/18,Pogoń Szczecin,0,0,Lech Poznań,3.25,3.15,2.30,Remis
232,10 Wrz 2017,15:30,17/18,Bruk-Bet T.,1,2,Górnik Zabrze,2.70,3.10,2.80,Wygrali goście
233,09 Wrz 2017,20:30,17/18,Cracovia,1,1,Jagiellonia Białystok,2.85,3.15,2.62,Remis
234,09 Wrz 2017,18:00,17/18,Śląsk Wrocław,2,1,Legia Warszawa,3.75,3.25,2.05,Wygrali gospodarze
235,09 Wrz 2017,15:30,17/18,Korona Kielce,1,0,Sandecja Nowy Sącz,2.12,3.20,3.70,Wygrali gospodarze
236,08 Wrz 2017,20:30,17/18,Arka Gdynia,3,1,Wisła Kraków,2.95,3.15,2.55,Wygrali gospodarze
237,08 Wrz 2017,18:00,17/18,Zagłębie Lubin,2,2,Wisła Płock,1.82,3.45,4.70,Remis
238,27 Sie 2017,18:00,17/18,Legia Warszawa,2,1,Zagłębie Lubin,1.77,3.50,4.25,Wygrali gospodarze
239,27 Sie 2017,15:30,17/18,Lech Poznań,3,0,Arka Gdynia,1.57,3.70,6.10,Wygrali gospodarze
240,27 Sie 2017,15:30,17/18,Sandecja Nowy Sącz,2,1,Pogoń Szczecin,2.75,3.05,2.80,Wygrali gospodarze
241,26 Sie 2017,20:30,17/18,Wisła Kraków,1,1,Lechia Gdańsk,2.25,3.25,3.10,Remis
242,26 Sie 2017,18:00,17/18,Jagiellonia Białystok,0,1,Piast Gliwice,1.65,3.40,5.90,Wygrali goście
243,26 Sie 2017,15:30,17/18,Korona Kielce,2,1,Bruk-Bet T.,2.20,3.25,3.15,Wygrali gospodarze
244,25 Sie 2017,20:30,17/18,Śląsk Wrocław,2,1,Cracovia,2.28,3.30,3.10,Wygrali gospodarze
245,25 Sie 2017,18:00,17/18,Górnik Zabrze,4,0,Wisła Płock,2.17,3.25,3.40,Wygrali gospodarze
246,21 Sie 2017,18:00,17/18,Zagłębie Lubin,3,0,Wisła Kraków,2.45,3.22,2.85,Wygrali gospodarze
247,20 Sie 2017,18:00,17/18,Bruk-Bet T.,1,3,Lech Poznań,3.70,3.40,2.00,Wygrali goście
248,20 Sie 2017,15:30,17/18,Wisła Płock,0,1,Legia Warszawa,3.30,3.45,2.10,Wygrali goście
249,19 Sie 2017,20:30,17/18,Jagiellonia Białystok,1,1,Śląsk Wrocław,1.67,3.70,4.75,Remis
250,19 Sie 2017,18:00,17/18,Piast Gliwice,2,0,Korona Kielce,2.25,3.25,3.10,Wygrali gospodarze
251,19 Sie 2017,15:30,17/18,Arka Gdynia,0,3,Pogoń Szczecin,2.50,3.05,2.95,Wygrali goście
252,18 Sie 2017,20:30,17/18,Cracovia,3,3,Górnik Zabrze,2.30,3.25,3.00,Remis
253,18 Sie 2017,18:00,17/18,Lechia Gdańsk,2,3,Sandecja Nowy Sącz,1.62,3.70,5.70,Wygrali goście
254,15 Sie 2017,15:30,17/18,Śląsk Wrocław,1,1,Bruk-Bet T.,1.90,3.25,3.95,Remis
255,14 Sie 2017,18:00,17/18,Pogoń Szczecin,0,0,Lechia Gdańsk,2.65,3.05,2.65,Remis
256,13 Sie 2017,18:00,17/18,Korona Kielce,2,3,Jagiellonia Białystok,2.60,3.20,2.60,Wygrali goście
257,13 Sie 2017,15:30,17/18,Górnik Zabrze,1,1,Arka Gdynia,2.00,3.30,3.65,Remis
258,12 Sie 2017,20:30,17/18,Wisła Kraków,2,1,Cracovia,1.78,3.60,4.25,Wygrali gospodarze
259,12 Sie 2017,18:00,17/18,Lech Poznań,1,1,Zagłębie Lubin,1.78,3.55,4.30,Remis
260,12 Sie 2017,15:30,17/18,Sandecja Nowy Sącz,0,1,Wisła Płock,2.32,3.15,2.95,Wygrali goście
261,11 Sie 2017,20:30,17/18,Legia Warszawa,3,1,Piast Gliwice,1.51,4.20,5.40,Wygrali gospodarze
262,07 Sie 2017,18:00,17/18,Arka Gdynia,0,0,Korona Kielce,2.20,3.25,3.20,Remis
263,06 Sie 2017,18:00,17/18,Cracovia,0,2,Lech Poznań,3.35,3.25,2.15,Wygrali goście
264,06 Sie 2017,15:30,17/18,Jagiellonia Białystok,1,3,Sandecja Nowy Sącz,1.62,3.70,5.70,Wygrali goście
265,05 Sie 2017,20:30,17/18,Bruk-Bet T.,1,0,Legia Warszawa,4.70,3.65,1.75,Wygrali gospodarze
266,05 Sie 2017,18:00,17/18,Zagłębie Lubin,3,0,Pogoń Szczecin,2.15,3.20,3.55,Wygrali gospodarze
267,05 Sie 2017,15:30,17/18,Lechia Gdańsk,1,1,Górnik Zabrze,1.72,3.70,5.00,Remis
268,04 Sie 2017,20:30,17/18,Wisła Płock,0,1,Wisła Kraków,3.05,3.20,2.30,Wygrali goście
269,04 Sie 2017,18:00,17/18,Piast Gliwice,1,1,Śląsk Wrocław,2.65,3.15,2.70,Remis
270,31 Lip 2017,18:00,17/18,Korona Kielce,4,2,Cracovia,2.25,3.20,3.25,Wygrali gospodarze
271,30 Lip 2017,18:00,17/18,Lech Poznań,5,1,Piast Gliwice,1.70,3.60,5.20,Wygrali gospodarze
272,30 Lip 2017,15:30,17/18,Arka Gdynia,1,1,Wisła Płock,2.45,3.15,2.87,Remis
273,30 Lip 2017,15:30,17/18,Pogoń Szczecin,0,1,Jagiellonia Białystok,2.65,3.10,2.75,Wygrali goście
274,29 Lip 2017,20:30,17/18,Górnik Zabrze,3,2,Wisła Kraków,2.85,3.15,2.50,Wygrali gospodarze
275,29 Lip 2017,18:00,17/18,Legia Warszawa,2,0,Sandecja Nowy Sącz,1.45,4.30,6.75,Wygrali gospodarze
276,28 Lip 2017,20:30,17/18,Śląsk Wrocław,3,2,Lechia Gdańsk,2.92,3.20,2.45,Wygrali gospodarze
277,28 Lip 2017,18:00,17/18,Bruk-Bet T.,1,1,Zagłębie Lubin,2.75,3.15,2.65,Remis
278,24 Lip 2017,18:00,17/18,Zagłębie Lubin,1,0,Śląsk Wrocław,2.10,3.25,3.55,Wygrali gospodarze
279,23 Lip 2017,18:00,17/18,Jagiellonia Białystok,2,1,Górnik Zabrze,1.80,3.55,4.30,Wygrali gospodarze
280,23 Lip 2017,15:30,17/18,Wisła Płock,1,0,Lech Poznań,3.55,3.40,2.00,Wygrali gospodarze
281,22 Lip 2017,20:30,17/18,Legia Warszawa,1,1,Korona Kielce,1.27,5.50,10.50,Remis
282,22 Lip 2017,18:00,17/18,Lechia Gdańsk,0,1,Cracovia,1.57,3.80,6.10,Wygrali goście
283,22 Lip 2017,15:30,17/18,Piast Gliwice,1,2,Pogoń Szczecin,2.15,3.20,3.35,Wygrali goście
284,21 Lip 2017,20:30,17/18,Wisła Kraków,1,0,Bruk-Bet T.,1.71,3.60,4.70,Wygrali gospodarze
285,21 Lip 2017,18:00,17/18,Sandecja Nowy Sącz,0,0,Arka Gdynia,2.40,3.15,2.98,Remis
286,17 Lip 2017,18:00,17/18,Korona Kielce,0,1,Zagłębie Lubin,3.20,3.20,2.22,Wygrali goście
287,16 Lip 2017,18:00,17/18,Lech Poznań,0,0,Sandecja Nowy Sącz,1.40,4.45,7.70,Remis
288,16 Lip 2017,15:30,17/18,Arka Gdynia,2,0,Śląsk Wrocław,2.65,3.15,2.65,Wygrali gospodarze
289,16 Lip 2017,15:30,17/18,Bruk-Bet T.,0,1,Jagiellonia Białystok,2.70,3.12,2.65,Wygrali goście
290,15 Lip 2017,20:30,17/18,Górnik Zabrze,3,1,Legia Warszawa,4.75,3.80,1.66,Wygrali gospodarze
291,15 Lip 2017,18:00,17/18,Cracovia,1,1,Piast Gliwice,2.20,3.30,3.15,Remis
292,14 Lip 2017,20:30,17/18,Pogoń Szczecin,1,2,Wisła Kraków,2.40,3.15,2.95,Wygrali goście
293,14 Lip 2017,18:00,17/18,Wisła Płock,0,2,Lechia Gdańsk,3.55,3.15,2.10,Wygrali goście
