﻿,Data,Godzina,Sezon,Gospodarze,Gole_gospodarze,Gole_goście,Goście,Oddsy_gospodarze,Oddsy_remis,Oddsy_goście,Kto_wygrał
0,19 Lip 2020 - Grupa mistrzowska,17:30,19/20,Lech Poznań,4,0,Jagiellonia Białystok,1.53,4.65,6.05,Wygrali gospodarze
1,19 Lip 2020 - Grupa mistrzowska,17:30,19/20,Legia Warszawa,1,2,Pogoń Szczecin,2.07,3.64,3.60,Wygrali goście
2,19 Lip 2020 - Grupa mistrzowska,17:30,19/20,Piast Gliwice,1,1,Cracovia,1.95,3.70,4.04,Remis
3,19 Lip 2020 - Grupa mistrzowska,17:30,19/20,Śląsk Wrocław,1,2,Lechia Gdańsk,2.02,3.66,3.76,Wygrali goście
4,18 Lip 2020,17:30,19/20,Górnik Zabrze,0,2,Zagłębie Lubin,2.31,3.69,3.04,Wygrali goście
5,18 Lip 2020,17:30,19/20,Korona Kielce,2,0,ŁKS Łódź,2.10,3.68,3.46,Wygrali gospodarze
6,18 Lip 2020,17:30,19/20,Raków Częstochowa,2,1,Wisła Płock,1.98,3.76,3.76,Wygrali gospodarze
7,18 Lip 2020,17:30,19/20,Wisła Kraków,0,1,Arka Gdynia,2.09,3.79,3.50,Wygrali goście
8,15 Lip 2020,20:30,19/20,Cracovia,1,2,Lech Poznań,3.62,3.56,2.10,Wygrali goście
9,15 Lip 2020,20:30,19/20,Jagiellonia Białystok,2,1,Śląsk Wrocław,2.61,3.53,2.71,Wygrali gospodarze
10,15 Lip 2020,20:30,19/20,Lechia Gdańsk,0,0,Legia Warszawa,2.61,3.55,2.70,Remis
11,15 Lip 2020,20:30,19/20,Pogoń Szczecin,1,0,Piast Gliwice,3.49,3.37,2.21,Wygrali gospodarze
12,14 Lip 2020,20:30,19/20,Arka Gdynia,1,2,Górnik Zabrze,2.76,3.56,2.55,Wygrali goście
13,14 Lip 2020,20:30,19/20,ŁKS Łódź,3,2,Raków Częstochowa,3.30,3.60,2.18,Wygrali gospodarze
14,14 Lip 2020,20:30,19/20,Wisła Płock,3,1,Korona Kielce,1.96,3.64,4.01,Wygrali gospodarze
15,14 Lip 2020,20:30,19/20,Zagłębie Lubin,3,1,Wisła Kraków,2.20,3.58,3.30,Wygrali gospodarze
16,12 Lip 2020,17:30,19/20,Lech Poznań,3,2,Lechia Gdańsk,1.53,4.52,6.50,Wygrali gospodarze
17,12 Lip 2020,15:00,19/20,Piast Gliwice,2,0,Jagiellonia Białystok,1.68,3.94,5.74,Wygrali gospodarze
18,12 Lip 2020,12:30,19/20,Śląsk Wrocław,2,2,Pogoń Szczecin,1.98,3.53,4.08,Remis
19,11 Lip 2020,20:00,19/20,Wisła Kraków,1,1,Korona Kielce,1.98,3.69,3.96,Remis
20,11 Lip 2020,17:30,19/20,Legia Warszawa,2,0,Cracovia,1.58,4.30,6.26,Wygrali gospodarze
21,11 Lip 2020,15:00,19/20,Arka Gdynia,3,2,ŁKS Łódź,2.19,3.53,3.48,Wygrali gospodarze
22,10 Lip 2020,20:30,19/20,Górnik Zabrze,4,1,Raków Częstochowa,2.27,3.67,3.14,Wygrali gospodarze
23,10 Lip 2020,18:00,19/20,Zagłębie Lubin,0,1,Wisła Płock,1.89,3.75,4.31,Wygrali goście
24,06 Lip 2020,18:00,19/20,Wisła Płock,1,0,Górnik Zabrze,2.75,3.24,2.74,Wygrali gospodarze
25,05 Lip 2020,17:30,19/20,Piast Gliwice,1,0,Śląsk Wrocław,2.01,3.60,3.98,Wygrali gospodarze
26,05 Lip 2020,15:00,19/20,Pogoń Szczecin,2,2,Jagiellonia Białystok,2.64,3.33,2.89,Remis
27,04 Lip 2020,20:00,19/20,Lechia Gdańsk,0,3,Cracovia,2.46,3.41,3.02,Wygrali goście
28,04 Lip 2020,17:30,19/20,Lech Poznań,2,1,Legia Warszawa,2.85,3.29,2.72,Wygrali gospodarze
29,04 Lip 2020,15:00,19/20,Raków Częstochowa,1,2,Zagłębie Lubin,2.19,3.76,3.29,Wygrali goście
30,03 Lip 2020,20:30,19/20,Korona Kielce,1,1,Arka Gdynia,2.33,3.35,3.25,Remis
31,03 Lip 2020,18:00,19/20,ŁKS Łódź,1,2,Wisła Kraków,3.98,3.70,1.94,Wygrali goście
32,29 Cze 2020,18:00,19/20,Cracovia,2,1,Pogoń Szczecin,2.14,3.33,3.84,Wygrali gospodarze
33,28 Cze 2020,17:30,19/20,Śląsk Wrocław,2,2,Lech Poznań,3.39,3.40,2.24,Remis
34,28 Cze 2020,15:00,19/20,Jagiellonia Białystok,1,2,Lechia Gdańsk,2.17,3.53,3.53,Wygrali goście
35,27 Cze 2020,20:00,19/20,Górnik Zabrze,0,1,Wisła Kraków,2.08,3.61,3.69,Wygrali goście
36,27 Cze 2020,17:30,19/20,Legia Warszawa,1,1,Piast Gliwice,1.67,3.88,5.59,Remis
37,27 Cze 2020,15:00,19/20,Wisła Płock,2,0,ŁKS Łódź,1.74,4.01,4.72,Wygrali gospodarze
38,26 Cze 2020,20:30,19/20,Zagłębie Lubin,2,1,Korona Kielce,1.86,3.90,4.31,Wygrali gospodarze
39,26 Cze 2020,18:00,19/20,Raków Częstochowa,3,2,Arka Gdynia,1.86,3.83,4.40,Wygrali gospodarze
40,25 Cze 2020,19:00,19/20,Śląsk Wrocław,3,2,Cracovia,2.30,3.22,3.55,Wygrali gospodarze
41,24 Cze 2020,20:30,19/20,Jagiellonia Białystok,0,0,Legia Warszawa,5.02,4.14,1.70,Remis
42,24 Cze 2020,20:30,19/20,Lech Poznań,0,0,Pogoń Szczecin,1.55,4.30,6.90,Remis
43,24 Cze 2020,18:00,19/20,Lechia Gdańsk,1,0,Piast Gliwice,3.52,3.35,2.26,Wygrali gospodarze
44,23 Cze 2020,20:30,19/20,ŁKS Łódź,1,3,Górnik Zabrze,3.25,3.63,2.26,Wygrali goście
45,23 Cze 2020,20:30,19/20,Wisła Kraków,1,0,Wisła Płock,2.03,3.67,3.89,Wygrali gospodarze
46,23 Cze 2020,18:00,19/20,Arka Gdynia,3,2,Zagłębie Lubin,2.68,3.60,2.69,Wygrali gospodarze
47,23 Cze 2020,18:00,19/20,Korona Kielce,0,1,Raków Częstochowa,2.92,3.26,2.68,Wygrali goście
48,21 Cze 2020,17:30,19/20,Legia Warszawa,2,0,Śląsk Wrocław,1.39,5.11,8.82,Wygrali gospodarze
49,21 Cze 2020,15:00,19/20,Cracovia,1,2,Jagiellonia Białystok,2.05,3.45,3.88,Wygrali goście
50,21 Cze 2020 - Grupa mistrzowska,12:30,19/20,Pogoń Szczecin,0,1,Lechia Gdańsk,2.51,3.29,3.01,Wygrali goście
51,20 Cze 2020,20:00,19/20,Raków Częstochowa,3,1,Wisła Kraków,2.28,3.47,3.31,Wygrali gospodarze
52,20 Cze 2020,17:30,19/20,Piast Gliwice,0,2,Lech Poznań,2.83,3.28,2.69,Wygrali goście
53,20 Cze 2020,15:00,19/20,Wisła Płock,0,0,Arka Gdynia,1.96,3.63,4.18,Remis
54,19 Cze 2020,20:30,19/20,Górnik Zabrze,3,2,Korona Kielce,1.94,3.72,4.09,Wygrali gospodarze
55,19 Cze 2020,18:00,19/20,Zagłębie Lubin,1,0,ŁKS Łódź,1.61,4.43,5.56,Wygrali gospodarze
56,14 Cze 2020,18:00,19/20,Arka Gdynia,0,0,Wisła Kraków,2.77,3.36,2.65,Remis
57,14 Cze 2020,18:00,19/20,Cracovia,1,1,Wisła Płock,1.79,3.75,4.81,Remis
58,14 Cze 2020,18:00,19/20,Górnik Zabrze,2,0,Legia Warszawa,5.07,4.23,1.66,Wygrali gospodarze
59,14 Cze 2020,18:00,19/20,Jagiellonia Białystok,0,2,Piast Gliwice,2.73,3.25,2.85,Wygrali goście
60,14 Cze 2020,18:00,19/20,Korona Kielce,0,3,Lech Poznań,4.48,3.97,1.79,Wygrali goście
61,14 Cze 2020,18:00,19/20,Pogoń Szczecin,1,1,Lechia Gdańsk,2.43,3.36,3.06,Remis
62,14 Cze 2020,18:00,19/20,Raków Częstochowa,2,1,Zagłębie Lubin,2.41,3.51,3.02,Wygrali gospodarze
63,14 Cze 2020,18:00,19/20,Śląsk Wrocław,4,0,ŁKS Łódź,1.82,3.79,4.57,Wygrali gospodarze
64,10 Cze 2020,20:30,19/20,Legia Warszawa,5,1,Arka Gdynia,1.28,6.25,11.27,Wygrali gospodarze
65,10 Cze 2020,20:30,19/20,ŁKS Łódź,0,3,Jagiellonia Białystok,2.86,3.36,2.60,Wygrali goście
66,10 Cze 2020,18:00,19/20,Wisła Kraków,3,2,Raków Częstochowa,2.92,3.25,2.62,Wygrali gospodarze
67,10 Cze 2020,18:00,19/20,Wisła Płock,1,2,Śląsk Wrocław,2.98,3.03,2.72,Wygrali goście
68,09 Cze 2020,20:30,19/20,Lech Poznań,4,0,Pogoń Szczecin,1.66,4.06,5.39,Wygrali gospodarze
69,09 Cze 2020,20:30,19/20,Zagłębie Lubin,1,1,Korona Kielce,1.92,3.73,4.12,Remis
70,09 Cze 2020,18:00,19/20,Lechia Gdańsk,1,3,Cracovia,2.50,3.20,3.10,Wygrali goście
71,09 Cze 2020,18:00,19/20,Piast Gliwice,0,0,Górnik Zabrze,2.00,3.67,3.84,Remis
72,07 Cze 2020,17:30,19/20,Wisła Kraków,1,3,Legia Warszawa,6.66,4.43,1.52,Wygrali goście
73,07 Cze 2020,15:00,19/20,Arka Gdynia,2,1,Śląsk Wrocław,3.17,3.18,2.48,Wygrali gospodarze
74,07 Cze 2020,12:30,19/20,Raków Częstochowa,1,1,ŁKS Łódź,1.89,3.64,4.36,Remis
75,06 Cze 2020,20:00,19/20,Pogoń Szczecin,1,0,Cracovia,2.74,3.10,2.91,Wygrali gospodarze
76,06 Cze 2020,17:30,19/20,Zagłębie Lubin,3,3,Lech Poznań,2.94,3.54,2.43,Remis
77,06 Cze 2020,15:00,19/20,Jagiellonia Białystok,2,2,Wisła Płock,1.77,3.81,4.87,Remis
78,05 Cze 2020,20:30,19/20,Górnik Zabrze,2,2,Lechia Gdańsk,2.27,3.60,3.21,Remis
79,05 Cze 2020,18:00,19/20,Korona Kielce,1,2,Piast Gliwice,3.40,3.16,2.37,Wygrali goście
80,31 Maj 2020,17:30,19/20,Lechia Gdańsk,4,3,Arka Gdynia,2.02,3.55,3.98,Wygrali gospodarze
81,31 Maj 2020,15:00,19/20,Cracovia,0,1,Jagiellonia Białystok,2.24,3.41,3.42,Wygrali goście
82,31 Maj 2020,12:30,19/20,Wisła Płock,1,4,Korona Kielce,2.64,3.15,2.95,Wygrali goście
83,30 Maj 2020,20:00,19/20,Lech Poznań,0,1,Legia Warszawa,2.97,3.33,2.53,Wygrali goście
84,30 Maj 2020,17:30,19/20,Piast Gliwice,4,0,Wisła Kraków,2.12,3.50,3.63,Wygrali gospodarze
85,30 Maj 2020,15:00,19/20,ŁKS Łódź,0,1,Górnik Zabrze,2.80,3.23,2.72,Wygrali goście
86,29 Maj 2020,20:30,19/20,Pogoń Szczecin,0,3,Zagłębie Lubin,2.63,3.28,2.90,Wygrali goście
87,29 Maj 2020,18:00,19/20,Śląsk Wrocław,1,1,Raków Częstochowa,2.60,3.24,3.04,Remis
88,09 Mar 2020,18:00,19/20,Korona Kielce,1,0,ŁKS Łódź,2.44,3.22,3.16,Wygrali gospodarze
89,08 Mar 2020,17:30,19/20,Legia Warszawa,1,2,Piast Gliwice,1.46,4.46,7.98,Wygrali goście
90,08 Mar 2020,15:00,19/20,Wisła Kraków,1,1,Lech Poznań,2.98,3.53,2.39,Remis
91,08 Mar 2020,12:30,19/20,Raków Częstochowa,0,0,Pogoń Szczecin,2.08,3.43,3.86,Remis
92,07 Mar 2020,20:00,19/20,Jagiellonia Białystok,1,0,Śląsk Wrocław,2.29,3.31,3.38,Wygrali gospodarze
93,07 Mar 2020,17:30,19/20,Zagłębie Lubin,4,4,Lechia Gdańsk,1.99,3.65,3.90,Remis
94,07 Mar 2020,15:00,19/20,Arka Gdynia,1,2,Wisła Płock,2.36,3.23,3.29,Wygrali goście
95,06 Mar 2020,20:30,19/20,Górnik Zabrze,3,2,Cracovia,2.44,3.31,3.18,Wygrali gospodarze
96,04 Mar 2020,20:30,19/20,Lechia Gdańsk,0,2,Legia Warszawa,4.66,3.82,1.81,Wygrali goście
97,04 Mar 2020,20:30,19/20,Piast Gliwice,1,0,Arka Gdynia,1.69,3.91,5.51,Wygrali gospodarze
98,04 Mar 2020,18:00,19/20,ŁKS Łódź,3,2,Zagłębie Lubin,2.90,3.33,2.58,Wygrali gospodarze
99,04 Mar 2020,18:00,19/20,Śląsk Wrocław,2,1,Korona Kielce,1.74,3.73,5.34,Wygrali gospodarze
100,03 Mar 2020,20:30,19/20,Cracovia,0,2,Wisła Kraków,1.96,3.59,4.04,Wygrali goście
101,03 Mar 2020,20:30,19/20,Pogoń Szczecin,1,2,Jagiellonia Białystok,2.20,3.32,3.56,Wygrali goście
102,03 Mar 2020,18:00,19/20,Lech Poznań,4,1,Górnik Zabrze,1.72,3.88,5.07,Wygrali gospodarze
103,03 Mar 2020,18:00,19/20,Wisła Płock,0,2,Raków Częstochowa,2.98,3.30,2.53,Wygrali goście
104,01 Mar 2020,17:30,19/20,Zagłębie Lubin,3,1,Śląsk Wrocław,2.48,3.24,3.10,Wygrali gospodarze
105,01 Mar 2020,15:00,19/20,Arka Gdynia,1,1,ŁKS Łódź,2.58,3.33,2.91,Remis
106,01 Mar 2020,12:30,19/20,Korona Kielce,1,2,Lechia Gdańsk,2.71,3.17,2.84,Wygrali goście
107,29 Lut 2020,20:00,19/20,Legia Warszawa,2,1,Cracovia,1.63,4.16,5.59,Wygrali gospodarze
108,29 Lut 2020,17:30,19/20,Górnik Zabrze,3,1,Pogoń Szczecin,2.49,3.18,3.13,Wygrali gospodarze
109,29 Lut 2020,15:00,19/20,Wisła Kraków,2,2,Wisła Płock,1.82,3.73,4.57,Remis
110,28 Lut 2020,20:30,19/20,Jagiellonia Białystok,1,1,Lech Poznań,3.20,3.40,2.35,Remis
111,28 Lut 2020,18:00,19/20,Raków Częstochowa,2,0,Piast Gliwice,2.78,3.15,2.79,Wygrali gospodarze
112,23 Lut 2020,17:30,19/20,Lech Poznań,2,0,Lechia Gdańsk,1.80,3.79,4.66,Wygrali gospodarze
113,23 Lut 2020,15:00,19/20,Wisła Kraków,2,0,Korona Kielce,1.86,3.70,4.38,Wygrali gospodarze
114,23 Lut 2020,12:30,19/20,Wisła Płock,1,1,Zagłębie Lubin,2.86,3.23,2.67,Remis
115,22 Lut 2020,20:00,19/20,Piast Gliwice,1,0,Cracovia,2.40,3.19,3.26,Wygrali gospodarze
116,22 Lut 2020,17:30,19/20,Legia Warszawa,4,0,Jagiellonia Białystok,1.50,4.53,6.72,Wygrali gospodarze
117,22 Lut 2020,15:00,19/20,Arka Gdynia,3,2,Raków Częstochowa,2.71,3.23,2.80,Wygrali gospodarze
118,21 Lut 2020,20:30,19/20,Śląsk Wrocław,2,1,Górnik Zabrze,2.09,3.39,3.77,Wygrali gospodarze
119,21 Lut 2020,18:00,19/20,ŁKS Łódź,0,0,Pogoń Szczecin,3.18,3.32,2.37,Remis
120,16 Lut 2020,17:30,19/20,Cracovia,2,1,Lech Poznań,2.44,3.19,3.15,Wygrali gospodarze
121,16 Lut 2020,15:00,19/20,Zagłębie Lubin,0,1,Wisła Kraków,2.18,3.53,3.43,Wygrali goście
122,16 Lut 2020,12:30,19/20,Jagiellonia Białystok,0,0,Korona Kielce,1.77,3.78,4.85,Remis
123,15 Lut 2020,20:00,19/20,Raków Częstochowa,2,2,Legia Warszawa,4.56,3.93,1.78,Remis
124,15 Lut 2020,17:30,19/20,Pogoń Szczecin,0,0,Śląsk Wrocław,2.20,3.19,3.70,Remis
125,15 Lut 2020,15:00,19/20,ŁKS Łódź,0,0,Wisła Płock,2.43,3.29,3.09,Remis
126,14 Lut 2020,20:30,19/20,Lechia Gdańsk,1,0,Piast Gliwice,2.74,3.23,2.77,Wygrali gospodarze
127,14 Lut 2020,18:00,19/20,Górnik Zabrze,2,0,Arka Gdynia,1.85,3.68,4.48,Wygrali gospodarze
128,09 Lut 2020,17:30,19/20,Legia Warszawa,3,1,ŁKS Łódź,1.31,6.05,9.74,Wygrali gospodarze
129,09 Lut 2020,15:00,19/20,Piast Gliwice,2,0,Zagłębie Lubin,2.22,3.45,3.43,Wygrali gospodarze
130,09 Lut 2020,12:30,19/20,Wisła Płock,2,3,Pogoń Szczecin,3.08,3.23,2.50,Wygrali goście
131,08 Lut 2020,20:00,19/20,Wisła Kraków,3,0,Jagiellonia Białystok,2.80,3.48,2.56,Wygrali gospodarze
132,08 Lut 2020,17:30,19/20,Lech Poznań,3,0,Raków Częstochowa,1.94,3.63,4.09,Wygrali gospodarze
133,08 Lut 2020,15:00,19/20,Korona Kielce,0,0,Górnik Zabrze,2.64,3.19,2.94,Remis
134,07 Lut 2020,20:30,19/20,Śląsk Wrocław,2,2,Lechia Gdańsk,1.88,3.64,4.47,Remis
135,07 Lut 2020,18:00,19/20,Arka Gdynia,0,1,Cracovia,3.32,3.30,2.34,Wygrali goście
136,21 Gru 2019,20:00,19/20,Górnik Zabrze,3,0,Jagiellonia Białystok,2.70,3.40,2.67,Wygrali gospodarze
137,21 Gru 2019,17:30,19/20,Wisła Płock,2,1,Piast Gliwice,2.78,3.34,2.66,Wygrali gospodarze
138,21 Gru 2019,15:00,19/20,Lechia Gdańsk,0,3,Raków Częstochowa,1.83,3.74,4.51,Wygrali goście
139,20 Gru 2019,20:30,19/20,Zagłębie Lubin,2,1,Legia Warszawa,4.20,3.78,1.89,Wygrali gospodarze
140,20 Gru 2019,18:00,19/20,Cracovia,2,0,Śląsk Wrocław,2.38,3.29,3.25,Wygrali gospodarze
141,20 Gru 2019,18:00,19/20,Pogoń Szczecin,0,1,Korona Kielce,1.85,3.54,4.86,Wygrali goście
142,19 Gru 2019,20:30,19/20,Lech Poznań,1,1,Arka Gdynia,1.61,4.21,5.72,Remis
143,19 Gru 2019,18:00,19/20,ŁKS Łódź,2,4,Wisła Kraków,2.34,3.49,3.15,Wygrali goście
144,15 Gru 2019,17:30,19/20,Jagiellonia Białystok,3,0,Lechia Gdańsk,2.52,3.38,2.90,Wygrali gospodarze
145,15 Gru 2019,15:00,19/20,Korona Kielce,1,0,Cracovia,3.18,3.18,2.46,Wygrali gospodarze
146,15 Gru 2019,12:30,19/20,Piast Gliwice,2,1,ŁKS Łódź,1.80,3.75,4.74,Wygrali gospodarze
147,14 Gru 2019,20:00,19/20,Legia Warszawa,3,1,Wisła Płock,1.29,5.82,10.92,Wygrali gospodarze
148,14 Gru 2019,17:30,19/20,Śląsk Wrocław,1,1,Lech Poznań,2.77,3.39,2.61,Remis
149,14 Gru 2019,15:00,19/20,Raków Częstochowa,2,1,Górnik Zabrze,2.42,3.41,3.06,Wygrali gospodarze
150,13 Gru 2019,20:30,19/20,Wisła Kraków,1,0,Pogoń Szczecin,3.33,3.59,2.20,Wygrali gospodarze
151,13 Gru 2019,18:00,19/20,Arka Gdynia,2,1,Zagłębie Lubin,3.11,3.35,2.41,Wygrali gospodarze
152,08 Gru 2019,17:30,19/20,Śląsk Wrocław,0,3,Legia Warszawa,3.98,3.55,2.00,Wygrali goście
153,08 Gru 2019,15:00,19/20,Pogoń Szczecin,1,0,Piast Gliwice,2.19,3.45,3.46,Wygrali gospodarze
154,08 Gru 2019,12:30,19/20,Cracovia,3,0,Raków Częstochowa,1.93,3.49,4.21,Wygrali gospodarze
155,07 Gru 2019,20:00,19/20,Lechia Gdańsk,2,0,Wisła Płock,1.76,3.81,4.89,Wygrali gospodarze
156,07 Gru 2019,17:30,19/20,Lech Poznań,2,0,ŁKS Łódź,1.56,4.41,6.03,Wygrali gospodarze
157,07 Gru 2019,15:00,19/20,Jagiellonia Białystok,0,1,Zagłębie Lubin,1.94,3.76,3.94,Wygrali goście
158,06 Gru 2019,20:30,19/20,Górnik Zabrze,4,2,Wisła Kraków,2.01,3.71,3.71,Wygrali gospodarze
159,06 Gru 2019,18:00,19/20,Korona Kielce,0,1,Arka Gdynia,2.09,3.35,3.91,Wygrali goście
160,01 Gru 2019,17:30,19/20,Wisła Kraków,0,1,Lechia Gdańsk,3.21,3.68,2.21,Wygrali goście
161,01 Gru 2019,15:00,19/20,ŁKS Łódź,1,0,Cracovia,3.20,3.51,2.29,Wygrali gospodarze
162,01 Gru 2019,12:30,19/20,Raków Częstochowa,2,1,Jagiellonia Białystok,2.86,3.36,2.57,Wygrali gospodarze
163,30 Lis 2019,20:00,19/20,Legia Warszawa,4,0,Korona Kielce,1.36,5.21,9.48,Wygrali gospodarze
164,30 Lis 2019,17:30,19/20,Piast Gliwice,0,3,Śląsk Wrocław,2.34,3.29,3.29,Wygrali goście
165,30 Lis 2019,15:00,19/20,Arka Gdynia,1,1,Pogoń Szczecin,3.40,3.35,2.26,Remis
166,29 Lis 2019,20:30,19/20,Wisła Płock,0,2,Lech Poznań,3.42,3.51,2.18,Wygrali goście
167,29 Lis 2019,18:00,19/20,Zagłębie Lubin,2,0,Górnik Zabrze,2.14,3.57,3.49,Wygrali gospodarze
168,25 Lis 2019,18:00,19/20,Cracovia,2,0,Zagłębie Lubin,2.08,3.54,3.69,Wygrali gospodarze
169,24 Lis 2019,17:30,19/20,Śląsk Wrocław,2,1,Wisła Kraków,1.65,4.03,5.59,Wygrali gospodarze
170,24 Lis 2019,15:00,19/20,Jagiellonia Białystok,2,0,Arka Gdynia,1.75,3.93,4.82,Wygrali gospodarze
171,23 Lis 2019,20:00,19/20,Lechia Gdańsk,3,1,ŁKS Łódź,1.71,4.00,5.19,Wygrali gospodarze
172,23 Lis 2019,17:30,19/20,Pogoń Szczecin,3,1,Legia Warszawa,3.71,3.39,2.14,Wygrali gospodarze
173,23 Lis 2019,15:00,19/20,Korona Kielce,3,0,Raków Częstochowa,2.64,3.23,2.89,Wygrali gospodarze
174,22 Lis 2019,20:30,19/20,Lech Poznań,3,0,Piast Gliwice,2.13,3.60,3.57,Wygrali gospodarze
175,22 Lis 2019,18:00,19/20,Górnik Zabrze,2,2,Wisła Płock,2.20,3.39,3.53,Remis
176,10 Lis 2019,17:30,19/20,Lechia Gdańsk,0,1,Pogoń Szczecin,2.23,3.44,3.46,Wygrali goście
177,10 Lis 2019,15:00,19/20,Lech Poznań,0,0,Korona Kielce,1.64,4.00,6.00,Remis
178,10 Lis 2019,12:30,19/20,Zagłębie Lubin,2,2,Raków Częstochowa,2.06,3.39,4.01,Remis
179,09 Lis 2019,20:00,19/20,Wisła Kraków,0,1,Arka Gdynia,2.37,3.55,3.06,Wygrali goście
180,09 Lis 2019,17:30,19/20,Legia Warszawa,5,1,Górnik Zabrze,1.46,4.79,7.66,Wygrali gospodarze
181,09 Lis 2019,15:00,19/20,Wisła Płock,0,0,Cracovia,3.06,3.33,2.48,Remis
182,08 Lis 2019,20:30,19/20,Piast Gliwice,3,1,Jagiellonia Białystok,2.37,3.35,3.23,Wygrali gospodarze
183,08 Lis 2019,18:00,19/20,ŁKS Łódź,0,1,Śląsk Wrocław,2.83,3.43,2.60,Wygrali goście
184,04 Lis 2019,20:30,19/20,Raków Częstochowa,1,0,Wisła Kraków,1.94,3.73,4.12,Wygrali gospodarze
185,04 Lis 2019,18:00,19/20,Śląsk Wrocław,3,1,Wisła Płock,2.00,3.63,4.08,Wygrali gospodarze
186,03 Lis 2019,17:30,19/20,Arka Gdynia,0,1,Legia Warszawa,4.74,3.96,1.77,Wygrali goście
187,03 Lis 2019,15:00,19/20,Górnik Zabrze,1,1,Piast Gliwice,2.71,3.34,2.79,Remis
188,03 Lis 2019,12:30,19/20,Jagiellonia Białystok,2,0,ŁKS Łódź,1.84,3.91,4.40,Wygrali gospodarze
189,02 Lis 2019,20:00,19/20,Pogoń Szczecin,1,1,Lech Poznań,2.72,3.34,2.74,Remis
190,02 Lis 2019,17:30,19/20,Cracovia,1,0,Lechia Gdańsk,2.37,3.45,3.15,Wygrali gospodarze
191,02 Lis 2019,15:00,19/20,Korona Kielce,1,0,Zagłębie Lubin,3.00,3.32,2.54,Wygrali gospodarze
192,27 Paź 2019,17:30,19/20,Legia Warszawa,7,0,Wisła Kraków,1.47,4.76,7.34,Wygrali gospodarze
193,27 Paź 2019,15:00,19/20,Śląsk Wrocław,2,1,Arka Gdynia,1.84,3.68,4.65,Wygrali gospodarze
194,27 Paź 2019,12:30,19/20,Wisła Płock,3,1,Jagiellonia Białystok,2.91,3.32,2.61,Wygrali gospodarze
195,26 Paź 2019,20:00,19/20,Lechia Gdańsk,1,1,Górnik Zabrze,1.85,3.78,4.50,Remis
196,26 Paź 2019,17:30,19/20,Piast Gliwice,1,0,Korona Kielce,1.76,3.86,4.96,Wygrali gospodarze
197,26 Paź 2019,15:00,19/20,ŁKS Łódź,2,0,Raków Częstochowa,2.63,3.26,2.93,Wygrali gospodarze
198,25 Paź 2019,20:30,19/20,Lech Poznań,1,2,Zagłębie Lubin,2.01,3.71,3.81,Wygrali goście
199,25 Paź 2019,18:00,19/20,Cracovia,2,0,Pogoń Szczecin,2.40,3.35,3.19,Wygrali gospodarze
200,21 Paź 2019,18:00,19/20,Raków Częstochowa,1,0,Śląsk Wrocław,2.82,3.18,2.82,Wygrali gospodarze
201,20 Paź 2019,17:30,19/20,Górnik Zabrze,1,1,ŁKS Łódź,2.12,3.59,3.58,Remis
202,20 Paź 2019,15:00,19/20,Arka Gdynia,2,2,Lechia Gdańsk,3.40,3.31,2.30,Remis
203,19 Paź 2019,20:00,19/20,Jagiellonia Białystok,3,2,Cracovia,2.41,3.39,3.11,Wygrali gospodarze
204,19 Paź 2019,17:30,19/20,Legia Warszawa,2,1,Lech Poznań,2.17,3.40,3.72,Wygrali gospodarze
205,19 Paź 2019,15:00,19/20,Korona Kielce,0,1,Wisła Płock,2.45,3.33,3.15,Wygrali goście
206,18 Paź 2019,20:30,19/20,Wisła Kraków,1,2,Piast Gliwice,2.84,3.46,2.54,Wygrali goście
207,18 Paź 2019,18:00,19/20,Zagłębie Lubin,0,1,Pogoń Szczecin,2.46,3.47,3.03,Wygrali goście
208,06 Paź 2019,17:30,19/20,Piast Gliwice,2,0,Legia Warszawa,3.46,3.31,2.30,Wygrali gospodarze
209,06 Paź 2019,15:00,19/20,Cracovia,1,1,Górnik Zabrze,1.95,3.66,4.08,Remis
210,06 Paź 2019,12:30,19/20,ŁKS Łódź,4,1,Korona Kielce,2.37,3.50,3.09,Wygrali gospodarze
211,05 Paź 2019,20:00,19/20,Lechia Gdańsk,1,2,Zagłębie Lubin,2.01,3.68,3.88,Wygrali goście
212,05 Paź 2019,17:30,19/20,Lech Poznań,4,0,Wisła Kraków,1.63,4.29,5.52,Wygrali gospodarze
213,05 Paź 2019,15:00,19/20,Pogoń Szczecin,1,2,Raków Częstochowa,2.01,3.51,4.09,Wygrali goście
214,04 Paź 2019,20:30,19/20,Śląsk Wrocław,1,1,Jagiellonia Białystok,2.34,3.29,3.43,Remis
215,04 Paź 2019,18:00,19/20,Wisła Płock,4,1,Arka Gdynia,2.46,3.34,3.12,Wygrali gospodarze
216,30 Wrz 2019,18:00,19/20,Zagłębie Lubin,3,1,ŁKS Łódź,1.95,3.75,4.03,Wygrali gospodarze
217,29 Wrz 2019,17:30,19/20,Wisła Kraków,0,1,Cracovia,3.04,3.45,2.43,Wygrali goście
218,29 Wrz 2019,15:00,19/20,Jagiellonia Białystok,2,3,Pogoń Szczecin,2.29,3.41,3.33,Wygrali goście
219,29 Wrz 2019,12:30,19/20,Arka Gdynia,0,0,Piast Gliwice,2.84,3.31,2.65,Remis
220,28 Wrz 2019,20:00,19/20,Górnik Zabrze,1,3,Lech Poznań,2.70,3.43,2.71,Wygrali goście
221,28 Wrz 2019,17:30,19/20,Legia Warszawa,1,2,Lechia Gdańsk,1.85,3.74,4.56,Wygrali goście
222,28 Wrz 2019,15:00,19/20,Raków Częstochowa,1,2,Wisła Płock,2.07,3.53,3.77,Wygrali goście
223,27 Wrz 2019,20:30,19/20,Korona Kielce,1,0,Śląsk Wrocław,3.37,3.42,2.27,Wygrali gospodarze
224,22 Wrz 2019,17:30,19/20,Cracovia,1,2,Legia Warszawa,3.36,3.28,2.38,Wygrali goście
225,22 Wrz 2019,15:00,19/20,Pogoń Szczecin,1,1,Górnik Zabrze,2.03,3.55,4.07,Remis
226,22 Wrz 2019,12:30,19/20,Wisła Płock,2,1,Wisła Kraków,2.65,3.44,2.80,Wygrali gospodarze
227,21 Wrz 2019,20:00,19/20,Śląsk Wrocław,4,4,Zagłębie Lubin,2.12,3.53,3.72,Remis
228,21 Wrz 2019,17:30,19/20,Lechia Gdańsk,2,0,Korona Kielce,1.95,3.62,4.27,Wygrali gospodarze
229,21 Wrz 2019,15:00,19/20,ŁKS Łódź,1,4,Arka Gdynia,2.33,3.43,3.28,Wygrali goście
230,20 Wrz 2019,20:30,19/20,Lech Poznań,1,1,Jagiellonia Białystok,2.37,3.49,3.17,Remis
231,20 Wrz 2019,18:00,19/20,Piast Gliwice,2,1,Raków Częstochowa,2.24,3.44,3.47,Wygrali gospodarze
232,18 Wrz 2019,18:00,19/20,Wisła Płock,1,0,Legia Warszawa,4.79,3.94,1.78,Wygrali gospodarze
233,16 Wrz 2019,18:00,19/20,Cracovia,2,0,Piast Gliwice,2.49,3.37,3.06,Wygrali gospodarze
234,15 Wrz 2019,17:30,19/20,Górnik Zabrze,0,0,Śląsk Wrocław,2.62,3.26,2.96,Remis
235,15 Wrz 2019,15:00,19/20,Pogoń Szczecin,1,0,ŁKS Łódź,1.81,3.91,4.60,Wygrali gospodarze
236,14 Wrz 2019,20:00,19/20,Korona Kielce,1,1,Wisła Kraków,2.50,3.50,2.93,Remis
237,14 Wrz 2019,17:30,19/20,Lechia Gdańsk,2,1,Lech Poznań,2.51,3.38,3.00,Wygrali gospodarze
238,14 Wrz 2019,15:00,19/20,Raków Częstochowa,2,0,Arka Gdynia,2.17,3.40,3.71,Wygrali gospodarze
239,13 Wrz 2019,20:30,19/20,Jagiellonia Białystok,0,0,Legia Warszawa,3.20,3.33,2.46,Remis
240,13 Wrz 2019,18:00,19/20,Zagłębie Lubin,5,0,Wisła Płock,2.15,3.49,3.67,Wygrali gospodarze
241,01 Wrz 2019,20:00,19/20,Legia Warszawa,3,1,Raków Częstochowa,1.74,3.95,5.15,Wygrali gospodarze
242,01 Wrz 2019,17:30,19/20,Lech Poznań,1,2,Cracovia,2.06,3.61,3.86,Wygrali goście
243,01 Wrz 2019,15:00,19/20,Śląsk Wrocław,1,1,Pogoń Szczecin,2.44,3.39,3.17,Remis
244,31 Sie 2019,20:00,19/20,Wisła Kraków,4,2,Zagłębie Lubin,2.36,3.51,3.13,Wygrali gospodarze
245,31 Sie 2019,17:30,19/20,Piast Gliwice,1,2,Lechia Gdańsk,2.38,3.36,3.26,Wygrali goście
246,31 Sie 2019,15:00,19/20,Wisła Płock,2,1,ŁKS Łódź,2.53,3.40,2.95,Wygrali gospodarze
247,30 Sie 2019,20:30,19/20,Korona Kielce,0,2,Jagiellonia Białystok,2.73,3.40,2.77,Wygrali goście
248,30 Sie 2019,18:00,19/20,Arka Gdynia,1,0,Górnik Zabrze,2.88,3.25,2.69,Wygrali gospodarze
249,26 Sie 2019,18:00,19/20,Pogoń Szczecin,1,2,Wisła Płock,1.86,3.66,4.66,Wygrali goście
250,25 Sie 2019,17:30,19/20,ŁKS Łódź,2,3,Legia Warszawa,3.18,3.39,2.41,Wygrali goście
251,25 Sie 2019,17:30,19/20,Zagłębie Lubin,0,3,Piast Gliwice,2.56,3.31,3.00,Wygrali goście
252,25 Sie 2019,15:00,19/20,Górnik Zabrze,3,0,Korona Kielce,2.44,3.37,3.11,Wygrali gospodarze
253,24 Sie 2019,20:00,19/20,Raków Częstochowa,2,3,Lech Poznań,3.06,3.40,2.44,Wygrali goście
254,24 Sie 2019,17:30,19/20,Lechia Gdańsk,1,1,Śląsk Wrocław,2.28,3.44,3.35,Remis
255,24 Sie 2019,15:00,19/20,Cracovia,3,1,Arka Gdynia,1.81,3.61,5.05,Wygrali gospodarze
256,23 Sie 2019,20:30,19/20,Jagiellonia Białystok,3,2,Wisła Kraków,1.99,3.74,3.99,Wygrali gospodarze
257,19 Sie 2019,18:00,19/20,Korona Kielce,0,1,Pogoń Szczecin,2.73,3.26,2.83,Wygrali goście
258,18 Sie 2019,17:30,19/20,Legia Warszawa,1,0,Zagłębie Lubin,1.82,3.78,4.80,Wygrali gospodarze
259,18 Sie 2019,17:30,19/20,Raków Częstochowa,2,1,Lechia Gdańsk,2.84,3.30,2.70,Wygrali gospodarze
260,18 Sie 2019,15:00,19/20,Piast Gliwice,1,0,Wisła Płock,1.86,3.73,4.61,Wygrali gospodarze
261,17 Sie 2019,20:00,19/20,Jagiellonia Białystok,3,1,Górnik Zabrze,2.04,3.59,3.84,Wygrali gospodarze
262,17 Sie 2019,17:30,19/20,Arka Gdynia,0,0,Lech Poznań,3.25,3.39,2.38,Remis
263,17 Sie 2019,15:00,19/20,Śląsk Wrocław,2,1,Cracovia,2.43,3.24,3.26,Wygrali gospodarze
264,16 Sie 2019,20:30,19/20,Wisła Kraków,4,0,ŁKS Łódź,2.69,3.41,2.76,Wygrali gospodarze
265,12 Sie 2019,18:00,19/20,Lechia Gdańsk,1,1,Jagiellonia Białystok,2.34,3.36,3.33,Remis
266,11 Sie 2019,17:30,19/20,Cracovia,1,0,Korona Kielce,2.24,3.32,3.52,Wygrali gospodarze
267,11 Sie 2019,15:00,19/20,ŁKS Łódź,0,1,Piast Gliwice,2.94,3.41,2.54,Wygrali goście
268,10 Sie 2019,20:00,19/20,Górnik Zabrze,1,0,Raków Częstochowa,2.43,3.29,3.26,Wygrali gospodarze
269,10 Sie 2019,17:30,19/20,Zagłębie Lubin,2,0,Arka Gdynia,2.13,3.43,3.87,Wygrali gospodarze
270,10 Sie 2019,15:00,19/20,Pogoń Szczecin,1,0,Wisła Kraków,1.77,3.69,4.75,Wygrali gospodarze
271,09 Sie 2019,20:30,19/20,Lech Poznań,1,3,Śląsk Wrocław,2.00,3.54,4.16,Wygrali goście
272,05 Sie 2019,18:00,19/20,Wisła Kraków,1,0,Górnik Zabrze,2.59,3.44,2.86,Wygrali gospodarze
273,04 Sie 2019,17:30,19/20,Legia Warszawa,0,0,Śląsk Wrocław,1.88,3.70,4.48,Remis
274,04 Sie 2019,17:30,19/20,Piast Gliwice,0,0,Pogoń Szczecin,2.40,3.37,3.19,Remis
275,04 Sie 2019,15:00,19/20,Wisła Płock,1,2,Lechia Gdańsk,2.86,3.36,2.63,Wygrali goście
276,03 Sie 2019,20:00,19/20,ŁKS Łódź,1,2,Lech Poznań,2.78,3.35,2.72,Wygrali goście
277,03 Sie 2019,17:30,19/20,Raków Częstochowa,1,3,Cracovia,2.78,3.32,2.76,Wygrali goście
278,02 Sie 2019,20:30,19/20,Zagłębie Lubin,2,2,Jagiellonia Białystok,2.55,3.40,2.95,Remis
279,02 Sie 2019,18:00,19/20,Arka Gdynia,1,1,Korona Kielce,2.74,3.26,2.83,Remis
280,29 Lip 2019,18:00,19/20,Pogoń Szczecin,2,0,Arka Gdynia,1.75,3.86,5.19,Wygrali gospodarze
281,28 Lip 2019,17:30,19/20,Lechia Gdańsk,0,0,Wisła Kraków,1.73,4.00,4.91,Remis
282,28 Lip 2019,17:30,19/20,Śląsk Wrocław,2,1,Piast Gliwice,2.63,3.22,2.96,Wygrali gospodarze
283,28 Lip 2019,15:00,19/20,Korona Kielce,1,2,Legia Warszawa,3.13,3.30,2.42,Wygrali goście
284,27 Lip 2019,20:00,19/20,Jagiellonia Białystok,0,1,Raków Częstochowa,1.88,3.72,4.32,Wygrali goście
285,27 Lip 2019,17:30,19/20,Cracovia,1,2,ŁKS Łódź,1.96,3.48,4.28,Wygrali goście
286,26 Lip 2019,20:30,19/20,Lech Poznań,4,0,Wisła Płock,1.80,3.73,4.76,Wygrali gospodarze
287,26 Lip 2019,18:00,19/20,Górnik Zabrze,1,0,Zagłębie Lubin,2.43,3.42,3.05,Wygrali gospodarze
288,22 Lip 2019,18:00,19/20,Wisła Płock,1,1,Górnik Zabrze,2.75,3.37,2.68,Remis
289,21 Lip 2019,17:30,19/20,Legia Warszawa,1,2,Pogoń Szczecin,2.04,3.62,3.84,Wygrali goście
290,21 Lip 2019,15:00,19/20,Zagłębie Lubin,1,1,Cracovia,2.30,3.42,3.28,Remis
291,20 Lip 2019,20:00,19/20,Piast Gliwice,1,1,Lech Poznań,2.61,3.27,2.95,Remis
292,20 Lip 2019,17:30,19/20,Wisła Kraków,0,1,Śląsk Wrocław,2.85,3.38,2.62,Wygrali goście
293,20 Lip 2019,15:00,19/20,Raków Częstochowa,0,1,Korona Kielce,2.33,3.37,3.22,Wygrali goście
294,19 Lip 2019,20:30,19/20,ŁKS Łódź,0,0,Lechia Gdańsk,2.75,3.32,2.73,Remis
295,19 Lip 2019,18:00,19/20,Arka Gdynia,0,3,Jagiellonia Białystok,2.72,3.20,2.80,Wygrali goście
