﻿,Data,Godzina,Sezon,Gospodarze,Gole_gospodarze,Gole_goście,Goście,Oddsy_gospodarze,Oddsy_remis,Oddsy_goście,Kto_wygrał
0,27 Maj 2023,17:30,22/23,Cracovia,3,0,Wisła Płock,2.43,3.57,2.89,Wygrali gospodarze
1,27 Maj 2023,17:30,22/23,Lech Poznań,2,0,Jagiellonia Białystok,1.31,6.07,9.97,Wygrali gospodarze
2,27 Maj 2023,17:30,22/23,Legia Warszawa,3,1,Śląsk Wrocław,1.91,4.00,3.83,Wygrali gospodarze
3,27 Maj 2023,17:30,22/23,Miedź Legnica,0,0,Górnik Zabrze,3.62,3.67,2.09,Remis
4,27 Maj 2023,17:30,22/23,Pogoń Szczecin,4,0,Radomiak Radom,1.62,4.42,5.29,
5,27 Maj 2023,17:30,22/23,Raków Częstochowa,1,1,Zagłębie Lubin,1.41,5.31,7.89,Remis
6,27 Maj 2023,17:30,22/23,Stal Mielec,1,0,Warta Poznań,2.59,3.15,3.02,Wygrali gospodarze
7,27 Maj 2023,17:30,22/23,Widzew Łódź,0,3,Korona Kielce,2.48,3.55,2.85,Wygrali goście
8,22 Maj 2023,19:00,22/23,Warta Poznań,1,1,Piast Gliwice,2.98,3.06,2.67,Remis
9,21 Maj 2023,17:30,22/23,Wisła Płock,1,2,Raków Częstochowa,3.76,3.85,1.96,Wygrali goście
10,21 Maj 2023,15:00,22/23,Radomiak Radom,3,1,Widzew Łódź,2.25,3.40,3.34,Wygrali gospodarze
11,21 Maj 2023,12:30,22/23,Śląsk Wrocław,4,2,Miedź Legnica,1.68,3.88,5.55,Wygrali gospodarze
12,20 Maj 2023,20:00,22/23,Lechia Gdańsk,1,0,Legia Warszawa,4.68,3.97,1.75,Wygrali gospodarze
13,20 Maj 2023,17:30,22/23,Górnik Zabrze,2,1,Pogoń Szczecin,2.64,3.65,2.64,Wygrali gospodarze
14,20 Maj 2023,15:00,22/23,Jagiellonia Białystok,1,1,Cracovia,2.17,3.57,3.32,Remis
15,19 Maj 2023,20:30,22/23,Korona Kielce,0,3,Lech Poznań,4.29,3.68,1.88,Wygrali goście
16,19 Maj 2023,18:00,22/23,Zagłębie Lubin,2,0,Stal Mielec,1.90,3.50,4.42,Wygrali gospodarze
17,15 Maj 2023,19:00,22/23,Warta Poznań,1,2,Radomiak Radom,2.80,3.17,2.77,Wygrali goście
18,14 Maj 2023,17:30,22/23,Raków Częstochowa,0,2,Lech Poznań,2.17,3.56,3.45,Wygrali goście
19,14 Maj 2023,15:00,22/23,Pogoń Szczecin,3,2,Miedź Legnica,1.38,5.14,8.70,Wygrali gospodarze
20,14 Maj 2023,12:30,22/23,Stal Mielec,0,0,Lechia Gdańsk,2.05,3.59,3.62,Remis
21,13 Maj 2023,20:00,22/23,Widzew Łódź,2,3,Górnik Zabrze,2.73,3.38,2.71,Wygrali goście
22,13 Maj 2023,17:30,22/23,Cracovia,0,1,Zagłębie Lubin,2.55,3.44,2.82,Wygrali goście
23,13 Maj 2023,15:00,22/23,Śląsk Wrocław,3,1,Wisła Płock,2.18,3.40,3.49,Wygrali gospodarze
24,12 Maj 2023,20:30,22/23,Legia Warszawa,5,1,Jagiellonia Białystok,1.60,4.39,5.39,Wygrali gospodarze
25,12 Maj 2023,18:00,22/23,Piast Gliwice,2,1,Korona Kielce,1.73,3.76,5.28,Wygrali gospodarze
26,08 Maj 2023,19:00,22/23,Miedź Legnica,0,1,Widzew Łódź,2.99,3.30,2.52,Wygrali goście
27,07 Maj 2023,17:30,22/23,Pogoń Szczecin,2,1,Legia Warszawa,2.24,3.59,3.26,Wygrali gospodarze
28,07 Maj 2023,15:00,22/23,Korona Kielce,1,0,Raków Częstochowa,7.49,4.40,1.48,Wygrali gospodarze
29,07 Maj 2023,12:30,22/23,Wisła Płock,0,0,Stal Mielec,2.13,3.55,3.41,Remis
30,06 Maj 2023,20:00,22/23,Lechia Gdańsk,1,3,Zagłębie Lubin,2.86,3.49,2.53,Wygrali goście
31,06 Maj 2023,17:30,22/23,Lech Poznań,3,0,Cracovia,1.57,4.20,6.34,Wygrali gospodarze
32,06 Maj 2023,15:00,22/23,Radomiak Radom,0,1,Piast Gliwice,2.87,3.03,2.76,Wygrali goście
33,05 Maj 2023,20:30,22/23,Górnik Zabrze,2,0,Warta Poznań,2.16,3.32,3.63,Wygrali gospodarze
34,05 Maj 2023,18:00,22/23,Jagiellonia Białystok,1,1,Śląsk Wrocław,2.05,3.43,3.90,Remis
35,01 Maj 2023,19:00,22/23,Cracovia,1,1,Miedź Legnica,1.89,3.56,4.42,Remis
36,30 Kwi 2023,17:30,22/23,Lech Poznań,0,1,Górnik Zabrze,1.73,3.82,5.04,Wygrali goście
37,30 Kwi 2023,15:00,22/23,Stal Mielec,2,1,Korona Kielce,2.22,3.39,3.32,Wygrali gospodarze
38,30 Kwi 2023,12:30,22/23,Śląsk Wrocław,0,1,Radomiak Radom,2.90,3.27,2.63,Wygrali goście
39,29 Kwi 2023,20:00,22/23,Piast Gliwice,0,0,Pogoń Szczecin,2.70,3.25,2.80,Remis
40,29 Kwi 2023,17:30,22/23,Zagłębie Lubin,2,0,Widzew Łódź,2.29,3.44,3.18,Wygrali gospodarze
41,29 Kwi 2023,15:00,22/23,Jagiellonia Białystok,3,1,Warta Poznań,2.50,3.11,3.13,Wygrali gospodarze
42,28 Kwi 2023,20:30,22/23,Raków Częstochowa,4,0,Lechia Gdańsk,1.24,6.43,12.75,Wygrali gospodarze
43,28 Kwi 2023,18:00,22/23,Legia Warszawa,2,0,Wisła Płock,1.48,4.84,6.47,Wygrali gospodarze
44,24 Kwi 2023,19:00,22/23,Radomiak Radom,1,1,Lech Poznań,3.36,3.40,2.29,Remis
45,23 Kwi 2023,17:30,22/23,Górnik Zabrze,2,0,Śląsk Wrocław,1.83,3.63,4.63,Wygrali gospodarze
46,23 Kwi 2023,15:00,22/23,Widzew Łódź,2,3,Piast Gliwice,2.78,3.10,2.77,Wygrali goście
47,23 Kwi 2023,12:30,22/23,Korona Kielce,2,2,Zagłębie Lubin,2.80,3.24,2.65,Remis
48,22 Kwi 2023,20:00,22/23,Pogoń Szczecin,4,2,Stal Mielec,1.58,4.33,5.83,Wygrali gospodarze
49,22 Kwi 2023,17:30,22/23,Miedź Legnica,0,2,Raków Częstochowa,6.71,4.13,1.54,Wygrali goście
50,22 Kwi 2023,15:00,22/23,Lechia Gdańsk,1,2,Cracovia,2.56,3.26,2.96,Wygrali goście
51,21 Kwi 2023,20:30,22/23,Warta Poznań,1,0,Legia Warszawa,3.34,3.23,2.33,Wygrali gospodarze
52,21 Kwi 2023,18:00,22/23,Wisła Płock,2,4,Jagiellonia Białystok,2.66,3.44,2.67,Wygrali goście
53,17 Kwi 2023,19:00,22/23,Stal Mielec,1,1,Miedź Legnica,2.13,3.42,3.62,Remis
54,16 Kwi 2023,17:30,22/23,Legia Warszawa,2,2,Lech Poznań,2.42,3.39,3.06,Remis
55,16 Kwi 2023,15:00,22/23,Raków Częstochowa,2,0,Widzew Łódź,1.36,5.09,9.23,Wygrali gospodarze
56,16 Kwi 2023,12:30,22/23,Piast Gliwice,1,0,Wisła Płock,1.75,3.81,4.83,Wygrali gospodarze
57,15 Kwi 2023,20:00,22/23,Lechia Gdańsk,0,1,Pogoń Szczecin,4.52,3.76,1.80,Wygrali goście
58,15 Kwi 2023,17:30,22/23,Korona Kielce,2,1,Jagiellonia Białystok,2.71,3.31,2.72,Wygrali gospodarze
59,15 Kwi 2023,15:00,22/23,Cracovia,3,0,Radomiak Radom,2.59,3.20,2.95,Wygrali gospodarze
60,14 Kwi 2023,20:30,22/23,Zagłębie Lubin,0,2,Górnik Zabrze,2.48,3.34,3.01,Wygrali goście
61,14 Kwi 2023,18:00,22/23,Warta Poznań,3,1,Śląsk Wrocław,2.19,3.19,3.71,Wygrali gospodarze
62,10 Kwi 2023,20:00,22/23,Miedź Legnica,2,2,Legia Warszawa,4.93,3.92,1.73,Remis
63,10 Kwi 2023,17:30,22/23,Radomiak Radom,0,0,Raków Częstochowa,5.63,3.72,1.70,Remis
64,10 Kwi 2023,15:00,22/23,Jagiellonia Białystok,1,0,Lechia Gdańsk,1.96,3.59,4.00,Wygrali gospodarze
65,08 Kwi 2023,20:00,22/23,Lech Poznań,2,0,Warta Poznań,1.70,3.74,5.50,Wygrali gospodarze
66,08 Kwi 2023,17:30,22/23,Pogoń Szczecin,3,2,Cracovia,1.78,3.80,4.71,Wygrali gospodarze
67,08 Kwi 2023,15:00,22/23,Widzew Łódź,0,2,Stal Mielec,1.76,3.79,4.80,Wygrali goście
68,08 Kwi 2023,12:30,22/23,Wisła Płock,2,0,Zagłębie Lubin,2.70,3.39,2.73,Wygrali gospodarze
69,06 Kwi 2023,20:30,22/23,Górnik Zabrze,1,1,Korona Kielce,1.88,3.56,4.43,Remis
70,06 Kwi 2023,18:00,22/23,Śląsk Wrocław,0,1,Piast Gliwice,3.41,2.98,2.49,Wygrali goście
71,03 Kwi 2023,19:00,22/23,Stal Mielec,1,1,Jagiellonia Białystok,2.52,3.40,2.93,Remis
72,02 Kwi 2023,17:30,22/23,Lech Poznań,2,2,Pogoń Szczecin,1.98,3.62,3.92,Remis
73,02 Kwi 2023,15:00,22/23,Cracovia,1,1,Widzew Łódź,2.64,3.13,2.99,Remis
74,02 Kwi 2023,12:30,22/23,Wisła Płock,1,1,Radomiak Radom,2.80,3.28,2.66,Remis
75,01 Kwi 2023,20:00,22/23,Lechia Gdańsk,0,0,Śląsk Wrocław,2.22,3.35,3.44,Remis
76,01 Kwi 2023,17:30,22/23,Legia Warszawa,3,1,Raków Częstochowa,3.55,3.24,2.26,Wygrali gospodarze
77,01 Kwi 2023,15:00,22/23,Korona Kielce,1,0,Miedź Legnica,2.00,3.48,3.99,Wygrali gospodarze
78,31 Mar 2023,20:30,22/23,Piast Gliwice,1,0,Górnik Zabrze,2.30,3.16,3.53,Wygrali gospodarze
79,31 Mar 2023,18:00,22/23,Zagłębie Lubin,0,0,Warta Poznań,2.65,3.13,2.95,Remis
80,19 Mar 2023,17:30,22/23,Widzew Łódź,1,2,Lech Poznań,3.28,3.42,2.29,Wygrali goście
81,19 Mar 2023,15:00,22/23,Miedź Legnica,0,1,Piast Gliwice,3.47,3.07,2.32,Wygrali goście
82,19 Mar 2023,12:30,22/23,Warta Poznań,2,0,Lechia Gdańsk,2.02,3.36,4.06,Wygrali gospodarze
83,18 Mar 2023,20:00,22/23,Raków Częstochowa,4,1,Cracovia,1.43,4.60,8.36,Wygrali gospodarze
84,18 Mar 2023,17:30,22/23,Pogoń Szczecin,0,0,Korona Kielce,1.55,4.42,6.02,Remis
85,18 Mar 2023,15:00,22/23,Jagiellonia Białystok,2,2,Zagłębie Lubin,2.43,3.44,3.02,Remis
86,18 Mar 2023,12:30,22/23,Śląsk Wrocław,1,1,Stal Mielec,2.26,3.38,3.28,Remis
87,17 Mar 2023,20:30,22/23,Radomiak Radom,0,2,Legia Warszawa,3.31,3.32,2.32,Wygrali goście
88,17 Mar 2023,18:00,22/23,Górnik Zabrze,3,2,Wisła Płock,1.89,3.66,4.25,Wygrali gospodarze
89,13 Mar 2023,19:00,22/23,Wisła Płock,1,1,Widzew Łódź,3.14,3.33,2.45,Remis
90,12 Mar 2023,17:30,22/23,Legia Warszawa,2,0,Stal Mielec,1.50,4.45,6.94,Wygrali gospodarze
91,12 Mar 2023,15:00,22/23,Piast Gliwice,1,1,Lech Poznań,3.07,3.14,2.56,Remis
92,12 Mar 2023,12:30,22/23,Warta Poznań,0,0,Cracovia,2.53,3.00,3.23,Remis
93,11 Mar 2023,20:00,22/23,Jagiellonia Białystok,2,1,Górnik Zabrze,2.71,3.40,2.69,Wygrali gospodarze
94,11 Mar 2023,17:30,22/23,Zagłębie Lubin,0,1,Pogoń Szczecin,3.61,3.53,2.09,Wygrali goście
95,11 Mar 2023,15:00,22/23,Korona Kielce,2,1,Radomiak Radom,2.81,3.19,2.75,Wygrali gospodarze
96,10 Mar 2023,20:30,22/23,Raków Częstochowa,4,1,Śląsk Wrocław,1.28,5.98,13.60,Wygrali gospodarze
97,10 Mar 2023,18:00,22/23,Lechia Gdańsk,4,0,Miedź Legnica,2.56,3.39,2.88,Wygrali gospodarze
98,08 Mar 2023,18:45,22/23,Wisła Płock,1,0,Warta Poznań,2.83,3.15,2.76,Wygrali gospodarze
99,06 Mar 2023,19:00,22/23,Radomiak Radom,0,1,Zagłębie Lubin,2.07,3.44,3.78,Wygrali goście
100,05 Mar 2023,17:30,22/23,Cracovia,1,1,Śląsk Wrocław,1.98,3.37,4.22,Remis
101,05 Mar 2023,15:00,22/23,Pogoń Szczecin,0,2,Raków Częstochowa,3.66,3.38,2.14,Wygrali goście
102,05 Mar 2023,12:30,22/23,Miedź Legnica,1,1,Jagiellonia Białystok,2.24,3.40,3.30,Remis
103,04 Mar 2023,20:00,22/23,Górnik Zabrze,0,1,Legia Warszawa,3.27,3.46,2.26,Wygrali goście
104,04 Mar 2023,17:30,22/23,Korona Kielce,1,0,Wisła Płock,2.39,3.32,3.18,Wygrali gospodarze
105,04 Mar 2023,15:00,22/23,Widzew Łódź,0,2,Warta Poznań,2.26,3.19,3.52,Wygrali goście
106,03 Mar 2023,20:30,22/23,Lech Poznań,5,0,Lechia Gdańsk,1.43,4.88,7.77,Wygrali gospodarze
107,03 Mar 2023,18:00,22/23,Stal Mielec,0,2,Piast Gliwice,3.48,3.18,2.32,Wygrali goście
108,27 Lut 2023,19:00,22/23,Zagłębie Lubin,2,1,Miedź Legnica,2.38,3.32,3.18,Wygrali gospodarze
109,26 Lut 2023,17:30,22/23,Śląsk Wrocław,2,1,Lech Poznań,4.14,3.38,2.02,Wygrali gospodarze
110,26 Lut 2023,15:00,22/23,Wisła Płock,0,1,Pogoń Szczecin,3.28,3.58,2.20,Wygrali goście
111,26 Lut 2023,12:30,22/23,Stal Mielec,0,1,Górnik Zabrze,2.88,3.45,2.54,Wygrali goście
112,25 Lut 2023,20:00,22/23,Lechia Gdańsk,1,3,Radomiak Radom,2.54,3.25,2.97,Wygrali goście
113,25 Lut 2023,17:30,22/23,Warta Poznań,5,1,Korona Kielce,1.96,3.38,4.33,Wygrali gospodarze
114,25 Lut 2023,15:00,22/23,Piast Gliwice,2,1,Cracovia,2.39,2.98,3.60,Wygrali gospodarze
115,24 Lut 2023,20:30,22/23,Legia Warszawa,2,2,Widzew Łódź,2.01,3.51,3.92,Remis
116,24 Lut 2023,18:00,22/23,Jagiellonia Białystok,1,2,Raków Częstochowa,6.87,4.33,1.52,Wygrali goście
117,20 Lut 2023,19:00,22/23,Radomiak Radom,0,0,Jagiellonia Białystok,2.11,3.35,3.81,Remis
118,19 Lut 2023,17:30,22/23,Piast Gliwice,0,1,Legia Warszawa,2.88,3.24,2.64,Wygrali goście
119,19 Lut 2023,15:00,22/23,Lech Poznań,1,2,Zagłębie Lubin,1.71,3.98,5.08,Wygrali goście
120,19 Lut 2023,12:30,22/23,Miedź Legnica,2,1,Wisła Płock,2.41,3.35,3.11,Wygrali gospodarze
121,18 Lut 2023,20:00,22/23,Pogoń Szczecin,3,1,Warta Poznań,1.98,3.41,4.18,Wygrali gospodarze
122,18 Lut 2023,17:30,22/23,Raków Częstochowa,2,0,Górnik Zabrze,1.48,4.48,7.41,Wygrali gospodarze
123,18 Lut 2023,15:00,22/23,Korona Kielce,1,0,Lechia Gdańsk,2.46,3.34,3.08,Wygrali gospodarze
124,17 Lut 2023,20:30,22/23,Widzew Łódź,1,0,Śląsk Wrocław,1.77,3.76,4.96,Wygrali gospodarze
125,17 Lut 2023,18:00,22/23,Cracovia,2,1,Stal Mielec,1.88,3.45,4.73,Wygrali gospodarze
126,13 Lut 2023,19:00,22/23,Warta Poznań,1,1,Miedź Legnica,2.06,3.25,4.17,Remis
127,12 Lut 2023,17:30,22/23,Legia Warszawa,2,2,Cracovia,1.88,3.46,4.70,Remis
128,12 Lut 2023,15:00,22/23,Górnik Zabrze,0,0,Radomiak Radom,2.28,3.28,3.38,Remis
129,12 Lut 2023,12:30,22/23,Zagłębie Lubin,0,2,Piast Gliwice,2.74,3.21,2.78,Wygrali goście
130,11 Lut 2023,20:00,22/23,Jagiellonia Białystok,2,0,Pogoń Szczecin,3.49,3.63,2.14,Wygrali gospodarze
131,11 Lut 2023,17:30,22/23,Wisła Płock,0,1,Lech Poznań,4.29,3.66,1.89,Wygrali goście
132,11 Lut 2023,15:00,22/23,Śląsk Wrocław,1,1,Korona Kielce,1.97,3.56,4.08,Remis
133,10 Lut 2023,20:30,22/23,Lechia Gdańsk,0,0,Widzew Łódź,2.77,3.31,2.72,Remis
134,10 Lut 2023,18:00,22/23,Stal Mielec,0,0,Raków Częstochowa,7.06,4.31,1.52,Remis
135,06 Lut 2023,19:00,22/23,Korona Kielce,2,1,Cracovia,3.67,3.22,2.23,Wygrali gospodarze
136,05 Lut 2023,17:30,22/23,Pogoń Szczecin,0,2,Śląsk Wrocław,1.76,3.77,5.10,Wygrali goście
137,05 Lut 2023,15:00,22/23,Lech Poznań,1,0,Miedź Legnica,1.44,4.82,8.04,Wygrali gospodarze
138,05 Lut 2023,12:30,22/23,Radomiak Radom,1,0,Stal Mielec,2.08,3.45,3.81,Wygrali gospodarze
139,04 Lut 2023,20:00,22/23,Zagłębie Lubin,1,2,Legia Warszawa,3.37,3.50,2.22,Wygrali goście
140,04 Lut 2023,17:30,22/23,Górnik Zabrze,1,1,Lechia Gdańsk,2.02,3.63,3.80,Remis
141,04 Lut 2023,15:00,22/23,Raków Częstochowa,1,0,Piast Gliwice,1.50,4.30,7.84,Wygrali gospodarze
142,03 Lut 2023,20:30,22/23,Widzew Łódź,1,1,Jagiellonia Białystok,1.86,3.78,4.35,Remis
143,01 Lut 2023,19:00,22/23,Miedź Legnica,2,2,Lech Poznań,4.45,3.65,1.88,Remis
144,30 Sty 2023,19:00,22/23,Cracovia,2,0,Górnik Zabrze,2.47,3.22,3.21,Wygrali gospodarze
145,29 Sty 2023,17:30,22/23,Lechia Gdańsk,1,0,Wisła Płock,2.46,3.43,2.99,Wygrali gospodarze
146,29 Sty 2023,15:00,22/23,Legia Warszawa,3,2,Korona Kielce,1.46,4.75,7.26,Wygrali gospodarze
147,29 Sty 2023,12:30,22/23,Piast Gliwice,1,1,Jagiellonia Białystok,2.16,3.35,3.69,Remis
148,28 Sty 2023,20:00,22/23,Śląsk Wrocław,0,3,Zagłębie Lubin,2.27,3.38,3.46,Wygrali goście
149,28 Sty 2023,17:30,22/23,Widzew Łódź,3,3,Pogoń Szczecin,2.65,3.37,2.80,Remis
150,28 Sty 2023,15:00,22/23,Warta Poznań,1,1,Raków Częstochowa,5.60,3.49,1.78,Remis
151,27 Sty 2023,20:30,22/23,Stal Mielec,0,0,Lech Poznań,5.69,3.98,1.64,Remis
152,27 Sty 2023,18:00,22/23,Miedź Legnica,0,0,Radomiak Radom,2.58,3.21,3.01,Remis
153,18 Lis 2022,20:30,22/23,Lechia Gdańsk,2,1,Górnik Zabrze,2.69,3.60,2.61,Wygrali gospodarze
154,13 Lis 2022,17:30,22/23,Śląsk Wrocław,0,0,Legia Warszawa,3.22,3.32,2.32,Remis
155,13 Lis 2022,15:00,22/23,Lechia Gdańsk,1,3,Piast Gliwice,2.35,3.36,3.16,Wygrali goście
156,13 Lis 2022,12:30,22/23,Radomiak Radom,1,2,Pogoń Szczecin,3.00,3.35,2.47,Wygrali goście
157,12 Lis 2022,20:00,22/23,Zagłębie Lubin,1,2,Raków Częstochowa,6.71,4.44,1.51,Wygrali goście
158,12 Lis 2022,17:30,22/23,Jagiellonia Białystok,1,2,Lech Poznań,3.70,3.62,2.03,Wygrali goście
159,12 Lis 2022,15:00,22/23,Górnik Zabrze,0,3,Miedź Legnica,1.71,3.88,5.07,Wygrali goście
160,12 Lis 2022,12:30,22/23,Korona Kielce,0,1,Widzew Łódź,3.12,3.41,2.36,Wygrali goście
161,11 Lis 2022,20:30,22/23,Wisła Płock,1,0,Cracovia,2.47,3.30,3.04,Wygrali gospodarze
162,11 Lis 2022,18:00,22/23,Warta Poznań,1,1,Stal Mielec,1.96,3.43,4.17,Remis
163,06 Lis 2022,17:30,22/23,Lech Poznań,3,2,Korona Kielce,1.42,4.86,7.52,Wygrali gospodarze
164,06 Lis 2022,15:00,22/23,Widzew Łódź,1,3,Radomiak Radom,2.50,3.33,2.97,Wygrali goście
165,06 Lis 2022,12:30,22/23,Miedź Legnica,1,0,Śląsk Wrocław,2.83,3.38,2.55,Wygrali gospodarze
166,05 Lis 2022,20:00,22/23,Raków Częstochowa,7,1,Wisła Płock,1.39,5.03,8.22,Wygrali gospodarze
167,05 Lis 2022,17:30,22/23,Pogoń Szczecin,1,4,Górnik Zabrze,1.85,3.84,4.21,Wygrali goście
168,05 Lis 2022,15:00,22/23,Cracovia,1,0,Jagiellonia Białystok,1.84,3.68,4.58,Wygrali gospodarze
169,05 Lis 2022,12:30,22/23,Piast Gliwice,0,2,Warta Poznań,2.59,2.98,3.14,Wygrali goście
170,04 Lis 2022,20:30,22/23,Legia Warszawa,2,1,Lechia Gdańsk,1.68,4.04,5.14,Wygrali gospodarze
171,04 Lis 2022,18:00,22/23,Stal Mielec,3,0,Zagłębie Lubin,2.42,3.43,3.16,Wygrali gospodarze
172,31 Paź 2022,19:00,22/23,Radomiak Radom,2,3,Warta Poznań,2.32,3.10,3.54,Wygrali goście
173,30 Paź 2022,17:30,22/23,Lech Poznań,1,2,Raków Częstochowa,3.57,3.28,2.21,Wygrali goście
174,30 Paź 2022,15:00,22/23,Lechia Gdańsk,1,0,Stal Mielec,1.81,3.85,4.46,Wygrali gospodarze
175,30 Paź 2022,12:30,22/23,Zagłębie Lubin,0,2,Cracovia,2.78,3.28,2.69,Wygrali goście
176,29 Paź 2022,20:00,22/23,Wisła Płock,1,2,Śląsk Wrocław,2.00,3.53,3.84,Wygrali goście
177,29 Paź 2022,17:30,22/23,Jagiellonia Białystok,2,5,Legia Warszawa,3.07,3.42,2.38,Wygrali goście
178,29 Paź 2022,15:00,22/23,Korona Kielce,1,1,Piast Gliwice,3.19,3.27,2.36,Remis
179,28 Paź 2022,20:30,22/23,Górnik Zabrze,3,0,Widzew Łódź,2.14,3.55,3.51,Wygrali gospodarze
180,28 Paź 2022,18:00,22/23,Miedź Legnica,2,4,Pogoń Szczecin,3.53,3.49,2.12,Wygrali goście
181,24 Paź 2022,20:30,22/23,Zagłębie Lubin,0,3,Lechia Gdańsk,2.21,3.61,3.26,Wygrali goście
182,24 Paź 2022,18:00,22/23,Piast Gliwice,1,2,Radomiak Radom,2.75,3.20,2.79,Wygrali goście
183,23 Paź 2022,17:30,22/23,Cracovia,0,0,Lech Poznań,3.50,3.37,2.20,Remis
184,23 Paź 2022,15:00,22/23,Śląsk Wrocław,2,2,Jagiellonia Białystok,2.41,3.48,2.96,Remis
185,23 Paź 2022,12:30,22/23,Warta Poznań,0,0,Górnik Zabrze,2.42,3.36,3.05,Remis
186,22 Paź 2022,20:00,22/23,Raków Częstochowa,1,0,Korona Kielce,1.23,6.64,12.82,Wygrali gospodarze
187,22 Paź 2022,17:30,22/23,Legia Warszawa,1,1,Pogoń Szczecin,2.20,3.43,3.41,Remis
188,22 Paź 2022,15:00,22/23,Stal Mielec,1,1,Wisła Płock,3.19,3.62,2.21,Remis
189,21 Paź 2022,20:30,22/23,Widzew Łódź,1,0,Miedź Legnica,2.05,3.52,3.77,Wygrali gospodarze
190,16 Paź 2022,18:30,22/23,Górnik Zabrze,1,2,Lech Poznań,3.04,3.48,2.36,Wygrali goście
191,16 Paź 2022,15:00,22/23,Widzew Łódź,3,0,Zagłębie Lubin,2.49,3.45,2.90,Wygrali gospodarze
192,16 Paź 2022,12:30,22/23,Miedź Legnica,1,1,Cracovia,3.10,3.32,2.38,Remis
193,15 Paź 2022,20:00,22/23,Pogoń Szczecin,1,1,Piast Gliwice,1.84,3.72,4.45,Remis
194,15 Paź 2022,17:30,22/23,Warta Poznań,2,0,Jagiellonia Białystok,2.35,3.21,3.34,Wygrali gospodarze
195,15 Paź 2022,15:00,22/23,Lechia Gdańsk,0,3,Raków Częstochowa,5.31,4.03,1.65,Wygrali goście
196,15 Paź 2022,12:30,22/23,Radomiak Radom,2,0,Śląsk Wrocław,2.25,3.19,3.46,Wygrali gospodarze
197,14 Paź 2022,20:30,22/23,Wisła Płock,2,1,Legia Warszawa,2.97,3.41,2.47,Wygrali gospodarze
198,14 Paź 2022,18:00,22/23,Korona Kielce,0,2,Stal Mielec,2.31,3.47,3.14,Wygrali goście
199,10 Paź 2022,20:30,22/23,Piast Gliwice,1,2,Widzew Łódź,2.34,3.28,3.24,Wygrali goście
200,10 Paź 2022,18:00,22/23,Raków Częstochowa,1,0,Miedź Legnica,1.24,6.47,13.82,Wygrali gospodarze
201,09 Paź 2022,17:30,22/23,Lech Poznań,1,0,Radomiak Radom,1.87,3.57,4.39,Wygrali gospodarze
202,09 Paź 2022,15:00,22/23,Zagłębie Lubin,1,1,Korona Kielce,1.73,3.89,4.82,Remis
203,08 Paź 2022,20:00,22/23,Cracovia,0,1,Lechia Gdańsk,1.92,3.53,4.06,Wygrali goście
204,08 Paź 2022,17:30,22/23,Legia Warszawa,1,0,Warta Poznań,1.91,3.48,4.38,Wygrali gospodarze
205,08 Paź 2022,15:00,22/23,Śląsk Wrocław,4,1,Górnik Zabrze,2.75,3.46,2.59,Wygrali gospodarze
206,07 Paź 2022,20:30,22/23,Jagiellonia Białystok,1,1,Wisła Płock,2.23,3.60,3.10,Remis
207,07 Paź 2022,18:00,22/23,Stal Mielec,4,2,Pogoń Szczecin,3.93,3.56,1.98,Wygrali gospodarze
208,06 Paź 2022,20:45,22/23,Piast Gliwice,0,1,Raków Częstochowa,5.79,3.70,1.67,Wygrali goście
209,03 Paź 2022,19:00,22/23,Śląsk Wrocław,0,2,Warta Poznań,2.49,3.14,3.16,Wygrali goście
210,02 Paź 2022,17:30,22/23,Widzew Łódź,0,0,Raków Częstochowa,5.73,4.16,1.60,Remis
211,02 Paź 2022,15:00,22/23,Jagiellonia Białystok,4,1,Korona Kielce,1.75,3.85,4.72,Wygrali gospodarze
212,02 Paź 2022,12:30,22/23,Miedź Legnica,0,2,Stal Mielec,2.04,3.57,3.65,Wygrali goście
213,01 Paź 2022,20:30,22/23,Pogoń Szczecin,2,1,Lechia Gdańsk,1.70,3.95,4.98,Wygrali gospodarze
214,01 Paź 2022,17:30,22/23,Lech Poznań,0,0,Legia Warszawa,1.85,3.68,4.38,Remis
215,01 Paź 2022,15:00,22/23,Górnik Zabrze,2,3,Zagłębie Lubin,2.19,3.53,3.28,Wygrali goście
216,30 Wrz 2022,20:30,22/23,Wisła Płock,1,0,Piast Gliwice,2.44,3.38,3.02,Wygrali gospodarze
217,30 Wrz 2022,18:00,22/23,Radomiak Radom,0,2,Cracovia,2.38,3.22,3.24,Wygrali goście
218,18 Wrz 2022,17:30,22/23,Warta Poznań,0,1,Lech Poznań,4.12,3.45,1.97,Wygrali goście
219,18 Wrz 2022,15:00,22/23,Zagłębie Lubin,2,1,Wisła Płock,2.17,3.61,3.27,Wygrali gospodarze
220,18 Wrz 2022,12:30,22/23,Korona Kielce,1,2,Górnik Zabrze,3.24,3.40,2.26,Wygrali goście
221,17 Wrz 2022,20:00,22/23,Cracovia,1,1,Pogoń Szczecin,2.71,3.16,2.84,Remis
222,17 Wrz 2022,17:30,22/23,Raków Częstochowa,3,0,Radomiak Radom,1.53,4.28,6.58,Wygrali gospodarze
223,17 Wrz 2022,15:00,22/23,Lechia Gdańsk,2,2,Jagiellonia Białystok,2.62,3.55,2.67,Remis
224,17 Wrz 2022,12:30,22/23,Stal Mielec,0,3,Widzew Łódź,2.68,3.43,2.64,Wygrali goście
225,16 Wrz 2022,20:30,22/23,Legia Warszawa,3,2,Miedź Legnica,1.67,4.01,5.18,Wygrali gospodarze
226,16 Wrz 2022,18:00,22/23,Piast Gliwice,1,1,Śląsk Wrocław,2.08,3.28,3.92,Remis
227,12 Wrz 2022,19:00,22/23,Jagiellonia Białystok,4,0,Stal Mielec,1.80,3.94,4.32,Wygrali gospodarze
228,11 Wrz 2022,17:30,22/23,Raków Częstochowa,4,0,Legia Warszawa,1.66,3.99,5.41,Wygrali gospodarze
229,11 Wrz 2022,15:00,22/23,Pogoń Szczecin,2,2,Lech Poznań,2.54,3.43,2.82,Remis
230,11 Wrz 2022,12:30,22/23,Miedź Legnica,2,2,Korona Kielce,2.09,3.43,3.63,Remis
231,10 Wrz 2022,20:00,22/23,Górnik Zabrze,3,3,Piast Gliwice,2.66,3.26,2.82,Remis
232,10 Wrz 2022,17:30,22/23,Radomiak Radom,2,0,Wisła Płock,2.19,3.48,3.33,Wygrali gospodarze
233,10 Wrz 2022,15:00,22/23,Śląsk Wrocław,2,1,Lechia Gdańsk,2.34,3.40,3.10,Wygrali gospodarze
234,09 Wrz 2022,20:30,22/23,Widzew Łódź,2,0,Cracovia,3.08,3.28,2.46,Wygrali gospodarze
235,09 Wrz 2022,18:00,22/23,Warta Poznań,2,2,Zagłębie Lubin,2.60,3.19,2.92,Remis
236,05 Wrz 2022,20:30,22/23,Wisła Płock,1,1,Górnik Zabrze,2.11,3.64,3.43,Remis
237,05 Wrz 2022,18:00,22/23,Piast Gliwice,2,1,Miedź Legnica,1.87,3.47,4.60,Wygrali gospodarze
238,04 Wrz 2022,17:30,22/23,Lech Poznań,2,0,Widzew Łódź,1.66,4.05,5.23,Wygrali gospodarze
239,04 Wrz 2022,15:00,22/23,Korona Kielce,1,2,Pogoń Szczecin,4.13,3.52,1.95,Wygrali goście
240,04 Wrz 2022,12:30,22/23,Zagłębie Lubin,1,1,Jagiellonia Białystok,2.23,3.47,3.34,Remis
241,03 Wrz 2022,20:00,22/23,Cracovia,3,0,Raków Częstochowa,3.77,3.23,2.15,Wygrali gospodarze
242,03 Wrz 2022,17:30,22/23,Lechia Gdańsk,0,0,Warta Poznań,2.51,3.15,3.05,Remis
243,03 Wrz 2022,15:00,22/23,Stal Mielec,2,0,Śląsk Wrocław,2.39,3.34,3.11,Wygrali gospodarze
244,02 Wrz 2022,20:30,22/23,Legia Warszawa,1,0,Radomiak Radom,2.06,3.40,3.90,Wygrali gospodarze
245,31 Sie 2022,20:30,22/23,Lechia Gdańsk,0,3,Lech Poznań,3.28,3.50,2.20,Wygrali goście
246,31 Sie 2022,18:00,22/23,Raków Częstochowa,1,0,Pogoń Szczecin,1.84,3.63,4.42,Wygrali gospodarze
247,28 Sie 2022,17:30,22/23,Lech Poznań,1,0,Piast Gliwice,2.07,3.35,3.70,Wygrali gospodarze
248,28 Sie 2022,15:00,22/23,Śląsk Wrocław,1,4,Raków Częstochowa,3.55,3.45,2.12,Wygrali goście
249,28 Sie 2022,12:30,22/23,Cracovia,0,2,Warta Poznań,2.10,3.23,3.89,Wygrali goście
250,27 Sie 2022,20:00,22/23,Widzew Łódź,2,1,Wisła Płock,2.46,3.52,2.84,Wygrali gospodarze
251,27 Sie 2022,17:30,22/23,Pogoń Szczecin,3,0,Zagłębie Lubin,1.76,3.84,4.65,Wygrali gospodarze
252,27 Sie 2022,15:00,22/23,Miedź Legnica,2,1,Lechia Gdańsk,2.29,3.47,3.17,Wygrali gospodarze
253,27 Sie 2022,12:30,22/23,Radomiak Radom,0,2,Korona Kielce,1.71,3.75,5.20,Wygrali goście
254,26 Sie 2022,20:30,22/23,Stal Mielec,0,1,Legia Warszawa,3.99,3.62,1.93,Wygrali goście
255,26 Sie 2022,18:00,22/23,Górnik Zabrze,1,1,Jagiellonia Białystok,2.21,3.48,3.27,Remis
256,21 Sie 2022,17:30,22/23,Piast Gliwice,4,0,Stal Mielec,1.77,3.64,4.92,Wygrali gospodarze
257,21 Sie 2022,15:00,22/23,Zagłębie Lubin,0,1,Radomiak Radom,2.51,3.28,2.97,Wygrali goście
258,20 Sie 2022,20:00,22/23,Warta Poznań,0,1,Widzew Łódź,2.41,3.19,3.14,Wygrali goście
259,20 Sie 2022,17:30,22/23,Śląsk Wrocław,1,1,Cracovia,2.73,3.21,2.76,Remis
260,20 Sie 2022,15:00,22/23,Wisła Płock,2,1,Korona Kielce,1.62,4.09,5.56,Wygrali gospodarze
261,19 Sie 2022,20:30,22/23,Legia Warszawa,2,2,Górnik Zabrze,1.77,3.85,4.55,Remis
262,19 Sie 2022,18:00,22/23,Jagiellonia Białystok,2,1,Miedź Legnica,2.06,3.55,3.61,Wygrali gospodarze
263,15 Sie 2022,19:00,22/23,Korona Kielce,0,1,Warta Poznań,3.03,3.16,2.59,Wygrali goście
264,14 Sie 2022,20:00,22/23,Lech Poznań,0,1,Śląsk Wrocław,1.76,3.85,4.65,Wygrali goście
265,14 Sie 2022,17:30,22/23,Raków Częstochowa,2,2,Jagiellonia Białystok,1.67,4.00,5.31,Remis
266,14 Sie 2022,15:00,22/23,Radomiak Radom,4,1,Lechia Gdańsk,1.99,3.63,3.95,Wygrali gospodarze
267,13 Sie 2022,20:00,22/23,Pogoń Szczecin,2,2,Wisła Płock,1.98,3.72,3.80,Remis
268,13 Sie 2022,17:30,22/23,Górnik Zabrze,1,3,Stal Mielec,1.75,4.03,4.61,Wygrali goście
269,13 Sie 2022,15:00,22/23,Cracovia,0,1,Piast Gliwice,2.27,3.12,3.57,Wygrali goście
270,12 Sie 2022,20:30,22/23,Widzew Łódź,1,2,Legia Warszawa,3.24,3.50,2.25,Wygrali goście
271,12 Sie 2022,18:00,22/23,Miedź Legnica,0,1,Zagłębie Lubin,3.04,3.29,2.49,Wygrali goście
272,08 Sie 2022,19:00,22/23,Wisła Płock,4,1,Miedź Legnica,1.75,3.82,4.88,Wygrali gospodarze
273,07 Sie 2022,20:00,22/23,Górnik Zabrze,1,0,Raków Częstochowa,2.99,3.40,2.43,Wygrali gospodarze
274,07 Sie 2022,17:30,22/23,Zagłębie Lubin,1,1,Lech Poznań,3.18,3.55,2.26,Remis
275,07 Sie 2022,15:00,22/23,Warta Poznań,1,2,Pogoń Szczecin,3.82,3.31,2.11,Wygrali goście
276,06 Sie 2022,20:00,22/23,Śląsk Wrocław,0,0,Widzew Łódź,2.21,3.56,3.36,Remis
277,06 Sie 2022,17:30,22/23,Jagiellonia Białystok,1,2,Radomiak Radom,2.26,3.35,3.32,Wygrali goście
278,06 Sie 2022,15:00,22/23,Lechia Gdańsk,0,1,Korona Kielce,1.62,4.20,5.47,Wygrali goście
279,05 Sie 2022,20:30,22/23,Legia Warszawa,2,0,Piast Gliwice,2.10,3.39,3.81,Wygrali gospodarze
280,05 Sie 2022,18:00,22/23,Stal Mielec,2,0,Cracovia,3.87,3.49,2.05,Wygrali gospodarze
281,01 Sie 2022,19:00,22/23,Korona Kielce,3,1,Śląsk Wrocław,3.28,3.33,2.33,Wygrali gospodarze
282,31 Lip 2022,20:00,22/23,Widzew Łódź,2,3,Lechia Gdańsk,2.63,3.46,2.75,Wygrali goście
283,31 Lip 2022,17:30,22/23,Lech Poznań,1,3,Wisła Płock,1.80,3.92,4.38,Wygrali goście
284,31 Lip 2022,17:30,22/23,Raków Częstochowa,3,2,Stal Mielec,1.33,5.49,9.96,Wygrali gospodarze
285,31 Lip 2022,15:00,22/23,Pogoń Szczecin,1,0,Jagiellonia Białystok,1.59,4.22,5.77,Wygrali gospodarze
286,30 Lip 2022,20:00,22/23,Miedź Legnica,1,2,Warta Poznań,2.50,3.13,3.16,Wygrali goście
287,30 Lip 2022,17:30,22/23,Radomiak Radom,0,3,Górnik Zabrze,2.47,3.38,2.99,Wygrali goście
288,29 Lip 2022,20:30,22/23,Cracovia,3,0,Legia Warszawa,2.82,3.16,2.74,Wygrali gospodarze
289,29 Lip 2022,18:00,22/23,Piast Gliwice,0,1,Zagłębie Lubin,2.12,3.33,3.76,Wygrali goście
290,25 Lip 2022,19:00,22/23,Stal Mielec,1,1,Radomiak Radom,2.95,3.19,2.63,Remis
291,24 Lip 2022,17:30,22/23,Śląsk Wrocław,2,1,Pogoń Szczecin,3.41,3.39,2.22,Wygrali gospodarze
292,23 Lip 2022,20:00,22/23,Legia Warszawa,2,0,Zagłębie Lubin,1.72,3.84,5.17,Wygrali gospodarze
293,23 Lip 2022,17:30,22/23,Cracovia,2,0,Korona Kielce,1.66,3.93,5.58,Wygrali gospodarze
294,22 Lip 2022,20:30,22/23,Jagiellonia Białystok,0,2,Widzew Łódź,1.99,3.47,4.04,Wygrali goście
295,22 Lip 2022,18:00,22/23,Warta Poznań,0,4,Wisła Płock,2.61,3.20,2.96,Wygrali goście
296,18 Lip 2022,19:00,22/23,Górnik Zabrze,0,2,Cracovia,2.44,3.27,3.13,Wygrali goście
297,17 Lip 2022,17:30,22/23,Pogoń Szczecin,2,1,Widzew Łódź,1.49,4.38,7.18,Wygrali gospodarze
298,17 Lip 2022,15:00,22/23,Wisła Płock,3,0,Lechia Gdańsk,2.75,3.50,2.59,Wygrali gospodarze
299,17 Lip 2022,12:30,22/23,Radomiak Radom,1,1,Miedź Legnica,2.31,3.24,3.32,Remis
300,16 Lip 2022,20:00,22/23,Korona Kielce,1,1,Legia Warszawa,4.91,3.75,1.77,Remis
301,16 Lip 2022,17:30,22/23,Jagiellonia Białystok,2,0,Piast Gliwice,2.75,3.24,2.75,Wygrali gospodarze
302,16 Lip 2022,15:00,22/23,Lech Poznań,0,2,Stal Mielec,1.34,5.46,9.16,Wygrali goście
303,15 Lip 2022,20:30,22/23,Zagłębie Lubin,0,0,Śląsk Wrocław,2.37,3.35,3.21,Remis
304,15 Lip 2022,18:00,22/23,Raków Częstochowa,1,0,Warta Poznań,1.47,4.30,8.11,Wygrali gospodarze
